ID,Context_emotion,Human_response_emotion,FT_response_emotion,GPT_response_emotion,Human_response_emotion_similarity,FT_response_emotion_similarity,GPT_response_emotion_similarity
context_1,"{'anger': 0.536149263381958, 'disgust': 0.4182192087173462, 'fear': 0.006179561372846365, 'joy': 0.0009930521482601762, 'neutral': 0.021029742434620857, 'sadness': 0.014799164608120918, 'surprise': 0.0026300731115043163}","{'anger': 0.04659617692232132, 'disgust': 0.07746444642543793, 'fear': 0.013792162761092186, 'joy': 0.0022001927718520164, 'neutral': 0.8391309976577759, 'sadness': 0.014356488361954689, 'surprise': 0.0064594862051308155}","{'anger': 0.04195468872785568, 'disgust': 0.0173910241574049, 'fear': 0.052641402930021286, 'joy': 0.02168787084519863, 'neutral': 0.8482072949409485, 'sadness': 0.005401986185461283, 'surprise': 0.012715703807771206}","{'anger': 0.04743140563368797, 'disgust': 0.05740047246217728, 'fear': 0.0074507868848741055, 'joy': 0.013905460014939308, 'neutral': 0.8619838356971741, 'sadness': 0.009758803993463516, 'surprise': 0.002069220645353198}",0.13114449955856,0.0829567013939998,0.11508546653408913
context_2,"{'anger': 0.05023474618792534, 'disgust': 0.10776141285896301, 'fear': 0.034114938229322433, 'joy': 0.003376234555616975, 'neutral': 0.02978956513106823, 'sadness': 0.7731257081031799, 'surprise': 0.0015973829431459308}","{'anger': 0.26319316029548645, 'disgust': 0.19966185092926025, 'fear': 0.042293597012758255, 'joy': 0.0034809636417776346, 'neutral': 0.10170446336269379, 'sadness': 0.3850049078464508, 'surprise': 0.00466111907735467}","{'anger': 0.46886566281318665, 'disgust': 0.055664535611867905, 'fear': 0.040169745683670044, 'joy': 0.009256452322006226, 'neutral': 0.36631354689598083, 'sadness': 0.05708364024758339, 'surprise': 0.002646287204697728}","{'anger': 0.1538756936788559, 'disgust': 0.049349572509527206, 'fear': 0.3968869149684906, 'joy': 0.01604052074253559, 'neutral': 0.28641176223754883, 'sadness': 0.09377492964267731, 'surprise': 0.0036606965586543083}",0.8281741575022337,0.1824108555443016,0.26219469075735446
context_3,"{'anger': 0.34494858980178833, 'disgust': 0.07602415233850479, 'fear': 0.012410955503582954, 'joy': 0.005821412429213524, 'neutral': 0.023674190044403076, 'sadness': 0.5338341593742371, 'surprise': 0.0032864988315850496}","{'anger': 0.006482812110334635, 'disgust': 0.004116732627153397, 'fear': 0.0027745950501412153, 'joy': 0.005935645196586847, 'neutral': 0.010196502320468426, 'sadness': 0.9682673215866089, 'surprise': 0.0022264367435127497}","{'anger': 0.07154393941164017, 'disgust': 0.03828500583767891, 'fear': 0.018467362970113754, 'joy': 0.008024404756724834, 'neutral': 0.7311326265335083, 'sadness': 0.12401284277439117, 'surprise': 0.008533756248652935}","{'anger': 0.0018453076481819153, 'disgust': 0.009353808127343655, 'fear': 0.015556189231574535, 'joy': 0.004254012834280729, 'neutral': 0.06366907060146332, 'sadness': 0.890028178691864, 'surprise': 0.015293450094759464}",0.8377206350857684,0.23297918716131083,0.8362254595979375
context_4,"{'anger': 0.010862746275961399, 'disgust': 0.012353751808404922, 'fear': 0.009321802295744419, 'joy': 0.010159549303352833, 'neutral': 0.025415658950805664, 'sadness': 0.9266692996025085, 'surprise': 0.00521716196089983}","{'anger': 0.0033635497093200684, 'disgust': 0.006834081374108791, 'fear': 0.0034256167709827423, 'joy': 0.007660833653062582, 'neutral': 0.9686722755432129, 'sadness': 0.00503074936568737, 'surprise': 0.005012878682464361}","{'anger': 0.017753038555383682, 'disgust': 0.004665863700211048, 'fear': 0.001426598522812128, 'joy': 0.0020774423610419035, 'neutral': 0.0114174485206604, 'sadness': 0.9480425715446472, 'surprise': 0.014616941101849079}","{'anger': 0.006608096417039633, 'disgust': 0.017858635634183884, 'fear': 0.004001169465482235, 'joy': 0.08343464136123657, 'neutral': 0.868574857711792, 'sadness': 0.014606637880206108, 'surprise': 0.004915969911962748}",0.03288167549867638,0.9996991655547555,0.04548031612866277
context_5,"{'anger': 0.18347841501235962, 'disgust': 0.35780537128448486, 'fear': 0.007706524804234505, 'joy': 0.012867305427789688, 'neutral': 0.3733716607093811, 'sadness': 0.06114347279071808, 'surprise': 0.003627288155257702}","{'anger': 0.009827117435634136, 'disgust': 0.020999979227781296, 'fear': 0.001931793987751007, 'joy': 0.037746790796518326, 'neutral': 0.92113196849823, 'sadness': 0.004801757168024778, 'surprise': 0.003560626180842519}","{'anger': 0.047226887196302414, 'disgust': 0.007392901461571455, 'fear': 0.011854871176183224, 'joy': 0.11188729107379913, 'neutral': 0.7518603205680847, 'sadness': 0.04686429351568222, 'surprise': 0.022913414984941483}","{'anger': 0.8218743801116943, 'disgust': 0.02447976917028427, 'fear': 0.0013997462810948491, 'joy': 0.0030044270679354668, 'neutral': 0.13299964368343353, 'sadness': 0.013312453404068947, 'surprise': 0.0029295666608959436}",0.6950693639534278,0.703110720221413,0.4565949492693717
context_6,"{'anger': 0.061364393681287766, 'disgust': 0.5182638168334961, 'fear': 0.046192437410354614, 'joy': 0.009685730561614037, 'neutral': 0.3080117702484131, 'sadness': 0.038992468267679214, 'surprise': 0.0174894779920578}","{'anger': 0.1087200865149498, 'disgust': 0.09129057079553604, 'fear': 0.1251768171787262, 'joy': 0.033244166523218155, 'neutral': 0.5473200678825378, 'sadness': 0.027167413383722305, 'surprise': 0.06708084791898727}","{'anger': 0.008060052990913391, 'disgust': 0.0011632046662271023, 'fear': 0.027352986857295036, 'joy': 0.034680478274822235, 'neutral': 0.8325057029724121, 'sadness': 0.025400716811418533, 'surprise': 0.07083684951066971}","{'anger': 0.006569205317646265, 'disgust': 0.02099386602640152, 'fear': 0.005083855707198381, 'joy': 0.01634403131902218, 'neutral': 0.9385695457458496, 'sadness': 0.008722911588847637, 'surprise': 0.003716660663485527}",0.6482361961075355,0.5123691032152038,0.5263557689518275
context_7,"{'anger': 0.0014985008165240288, 'disgust': 0.00436839135363698, 'fear': 0.006581518333405256, 'joy': 0.0010413764975965023, 'neutral': 0.012150666676461697, 'sadness': 0.9721993803977966, 'surprise': 0.002160114236176014}","{'anger': 0.05726786330342293, 'disgust': 0.03450387716293335, 'fear': 0.10129393637180328, 'joy': 0.012411617673933506, 'neutral': 0.6714432835578918, 'sadness': 0.11243733763694763, 'surprise': 0.01064212340861559}","{'anger': 0.005883656907826662, 'disgust': 0.012363397516310215, 'fear': 0.15242978930473328, 'joy': 0.01974940486252308, 'neutral': 0.11118588596582413, 'sadness': 0.6950781941413879, 'surprise': 0.003309637540951371}","{'anger': 0.0011386702535673976, 'disgust': 0.005349094979465008, 'fear': 0.007673131301999092, 'joy': 0.006724933162331581, 'neutral': 0.033742595463991165, 'sadness': 0.9406918287277222, 'surprise': 0.004679747391492128}",0.1760554928512923,0.9679093821989916,0.999703331513789
context_8,"{'anger': 0.4081571102142334, 'disgust': 0.309933602809906, 'fear': 0.016697701066732407, 'joy': 0.004863176494836807, 'neutral': 0.18016184866428375, 'sadness': 0.044091012328863144, 'surprise': 0.03609558567404747}","{'anger': 0.07311810553073883, 'disgust': 0.18160612881183624, 'fear': 0.020116019994020462, 'joy': 0.005070115439593792, 'neutral': 0.6950538158416748, 'sadness': 0.02097947522997856, 'surprise': 0.0040563070215284824}","{'anger': 0.8634819388389587, 'disgust': 0.020261453464627266, 'fear': 0.003860866418108344, 'joy': 0.001663125236518681, 'neutral': 0.08502156287431717, 'sadness': 0.017111439257860184, 'surprise': 0.00859958864748478}","{'anger': 0.418399453163147, 'disgust': 0.3085184097290039, 'fear': 0.011755657382309437, 'joy': 0.002893720520660281, 'neutral': 0.24007540941238403, 'sadness': 0.01663530059158802, 'surprise': 0.0017220702720806003}",0.5387470804052809,0.7907954698049698,0.9920817007064721
context_9,"{'anger': 0.2648056447505951, 'disgust': 0.14428605139255524, 'fear': 0.024639833718538284, 'joy': 0.031860969960689545, 'neutral': 0.3590973913669586, 'sadness': 0.12224622815847397, 'surprise': 0.053063828498125076}","{'anger': 0.06717478483915329, 'disgust': 0.7049172520637512, 'fear': 0.017146315425634384, 'joy': 0.012973777949810028, 'neutral': 0.11258623749017715, 'sadness': 0.07179572433233261, 'surprise': 0.01340592373162508}","{'anger': 0.002178494120016694, 'disgust': 0.00029367016395553946, 'fear': 0.988714873790741, 'joy': 0.0020376485772430897, 'neutral': 0.002345575485378504, 'sadness': 0.0031419387087225914, 'surprise': 0.0012878384441137314}","{'anger': 0.004703736398369074, 'disgust': 0.003608828177675605, 'fear': 0.9628342986106873, 'joy': 0.0017071689944714308, 'neutral': 0.021612662822008133, 'sadness': 0.003999269567430019, 'surprise': 0.001534122508019209}",0.48270992924533584,0.05446310779513053,0.07190712149879885
context_10,"{'anger': 0.02454383112490177, 'disgust': 0.07567138224840164, 'fear': 0.007612267509102821, 'joy': 0.001936277374625206, 'neutral': 0.02925541251897812, 'sadness': 0.8577626943588257, 'surprise': 0.003218138124793768}","{'anger': 0.2206791341304779, 'disgust': 0.14351786673069, 'fear': 0.016604335978627205, 'joy': 0.005357902031391859, 'neutral': 0.5524918437004089, 'sadness': 0.041607365012168884, 'surprise': 0.019741589203476906}","{'anger': 0.016521424055099487, 'disgust': 0.013750688172876835, 'fear': 0.01787700317800045, 'joy': 0.003208944806829095, 'neutral': 0.9261772632598877, 'sadness': 0.013205647468566895, 'surprise': 0.00925895944237709}","{'anger': 0.03921401873230934, 'disgust': 0.10827615857124329, 'fear': 0.0037421463057398796, 'joy': 0.07204055041074753, 'neutral': 0.18839573860168457, 'sadness': 0.5839308500289917, 'surprise': 0.004400567151606083}",0.12910901384086793,0.05012424313375108,0.952020177687752
context_11,"{'anger': 0.1629747450351715, 'disgust': 0.18721316754817963, 'fear': 0.009124750271439552, 'joy': 0.04873786121606827, 'neutral': 0.46147552132606506, 'sadness': 0.12410398572683334, 'surprise': 0.0063699535094201565}","{'anger': 0.01774650067090988, 'disgust': 0.009782278910279274, 'fear': 0.0026286235079169273, 'joy': 0.02801419235765934, 'neutral': 0.8904985785484314, 'sadness': 0.020375709980726242, 'surprise': 0.030954034999012947}","{'anger': 0.02135610021650791, 'disgust': 0.005091292783617973, 'fear': 0.7248286604881287, 'joy': 0.009880336932837963, 'neutral': 0.22522398829460144, 'sadness': 0.0073369513265788555, 'surprise': 0.006282705347985029}","{'anger': 0.0063992636278271675, 'disgust': 0.06310570240020752, 'fear': 0.7152271270751953, 'joy': 0.008046507835388184, 'neutral': 0.17443916201591492, 'sadness': 0.02949795126914978, 'surprise': 0.003284309059381485}",0.8702533932900998,0.2834424012820045,0.25991944849165527
context_12,"{'anger': 0.3939228057861328, 'disgust': 0.03548402339220047, 'fear': 0.016945363953709602, 'joy': 0.001726982998661697, 'neutral': 0.03673839196562767, 'sadness': 0.44000867009162903, 'surprise': 0.07517378777265549}","{'anger': 0.01162616815418005, 'disgust': 0.010432135313749313, 'fear': 0.09963421523571014, 'joy': 0.011582818813621998, 'neutral': 0.8362271785736084, 'sadness': 0.01862466149032116, 'surprise': 0.011872813105583191}","{'anger': 0.011297795921564102, 'disgust': 0.008681022562086582, 'fear': 0.03635815158486366, 'joy': 0.004769602324813604, 'neutral': 0.8864393830299377, 'sadness': 0.04333256930112839, 'surprise': 0.009121442213654518}","{'anger': 0.017439747229218483, 'disgust': 0.040860533714294434, 'fear': 0.141798734664917, 'joy': 0.0053586214780807495, 'neutral': 0.708224356174469, 'sadness': 0.07990328222513199, 'surprise': 0.006414702627807856}",0.09224921079165949,0.10865128224258624,0.1663274703605575
context_13,"{'anger': 0.022091243416070938, 'disgust': 0.09577912092208862, 'fear': 0.10703038424253464, 'joy': 0.0022466701921075583, 'neutral': 0.7017415165901184, 'sadness': 0.03379124030470848, 'surprise': 0.0373198464512825}","{'anger': 0.3001832962036133, 'disgust': 0.1384984254837036, 'fear': 0.019572261720895767, 'joy': 0.09038326889276505, 'neutral': 0.23985932767391205, 'sadness': 0.15914386510849, 'surprise': 0.05235955864191055}","{'anger': 0.12009274959564209, 'disgust': 0.39281001687049866, 'fear': 0.029796883463859558, 'joy': 0.0029843777883797884, 'neutral': 0.3250444829463959, 'sadness': 0.10549403727054596, 'surprise': 0.023777414113283157}","{'anger': 0.020629361271858215, 'disgust': 0.018104413524270058, 'fear': 0.10791963338851929, 'joy': 0.002794618485495448, 'neutral': 0.8161166906356812, 'sadness': 0.02690434455871582, 'surprise': 0.007530919276177883}",0.6105719496877446,0.7172332396415444,0.9925106965679399
context_14,"{'anger': 0.005094456486403942, 'disgust': 0.002219907473772764, 'fear': 0.010267210192978382, 'joy': 0.0013487532269209623, 'neutral': 0.00439797667786479, 'sadness': 0.9743301868438721, 'surprise': 0.002341469516977668}","{'anger': 0.05327865481376648, 'disgust': 0.36795806884765625, 'fear': 0.123233862221241, 'joy': 0.0069656167179346085, 'neutral': 0.18541693687438965, 'sadness': 0.25273412466049194, 'surprise': 0.010412775911390781}","{'anger': 0.006311965174973011, 'disgust': 0.00316908722743392, 'fear': 0.24973973631858826, 'joy': 0.002625136636197567, 'neutral': 0.014878341928124428, 'sadness': 0.004376391880214214, 'surprise': 0.7188993692398071}","{'anger': 0.009125073440372944, 'disgust': 0.025278082117438316, 'fear': 0.012023743242025375, 'joy': 0.017161879688501358, 'neutral': 0.46956154704093933, 'sadness': 0.4601367712020874, 'surprise': 0.00671288650482893}",0.5101356521668493,0.011620493415784416,0.7024999836903228
context_15,"{'anger': 0.014765455387532711, 'disgust': 0.013843346387147903, 'fear': 0.8750900626182556, 'joy': 0.0011761205969378352, 'neutral': 0.03670618683099747, 'sadness': 0.047590117901563644, 'surprise': 0.010828685946762562}","{'anger': 0.010635917074978352, 'disgust': 0.1741122156381607, 'fear': 0.281826376914978, 'joy': 0.003692466067150235, 'neutral': 0.415330171585083, 'sadness': 0.08346135914325714, 'surprise': 0.03094157949090004}","{'anger': 0.031879790127277374, 'disgust': 0.015562336891889572, 'fear': 0.7635095119476318, 'joy': 0.006057392340153456, 'neutral': 0.15124888718128204, 'sadness': 0.028531773015856743, 'surprise': 0.003210299415513873}","{'anger': 0.006898374296724796, 'disgust': 0.01587025634944439, 'fear': 0.13884250819683075, 'joy': 0.025919800624251366, 'neutral': 0.5112960934638977, 'sadness': 0.29351142048835754, 'surprise': 0.007661567535251379}",0.56846567643474,0.9877535675794799,0.2906238812251636
context_16,"{'anger': 0.005451674107462168, 'disgust': 0.005215480457991362, 'fear': 0.9201899766921997, 'joy': 0.0024147562216967344, 'neutral': 0.0450526662170887, 'sadness': 0.019090699031949043, 'surprise': 0.002584764501079917}","{'anger': 0.01122635044157505, 'disgust': 0.010621998459100723, 'fear': 0.10751987248659134, 'joy': 0.0759398490190506, 'neutral': 0.6489294767379761, 'sadness': 0.12958954274654388, 'surprise': 0.01617293991148472}","{'anger': 0.01235879771411419, 'disgust': 0.005013091955333948, 'fear': 0.05001099407672882, 'joy': 0.01132792979478836, 'neutral': 0.7773335576057434, 'sadness': 0.10840705782175064, 'surprise': 0.03554857149720192}","{'anger': 0.003748925169929862, 'disgust': 0.0039055703673511744, 'fear': 0.9218623638153076, 'joy': 0.003176529658958316, 'neutral': 0.058531563729047775, 'sadness': 0.006474955938756466, 'surprise': 0.00230012577958405}",0.21056059515335235,0.11482472407055422,0.9997980072569198
context_17,"{'anger': 0.007976088672876358, 'disgust': 0.003306026803329587, 'fear': 0.9340969324111938, 'joy': 0.0018019075505435467, 'neutral': 0.028497206047177315, 'sadness': 0.016301823779940605, 'surprise': 0.0080200070515275}","{'anger': 0.00293332920409739, 'disgust': 0.006314221769571304, 'fear': 0.021789710968732834, 'joy': 0.00785768125206232, 'neutral': 0.16789793968200684, 'sadness': 0.7724366784095764, 'surprise': 0.020770492032170296}","{'anger': 0.006509123835712671, 'disgust': 0.006299188826233149, 'fear': 0.017678482457995415, 'joy': 0.007139359135180712, 'neutral': 0.9151178598403931, 'sadness': 0.0388064831495285, 'surprise': 0.008449455723166466}","{'anger': 0.04749156907200813, 'disgust': 0.02504591830074787, 'fear': 0.4651881158351898, 'joy': 0.003908348735421896, 'neutral': 0.43390029668807983, 'sadness': 0.019648171961307526, 'surprise': 0.004817585926502943}",0.0513261565785027,0.050648934700071924,0.7498884652495522
context_18,"{'anger': 0.25710779428482056, 'disgust': 0.6125626564025879, 'fear': 0.006436453200876713, 'joy': 0.0011412695748731494, 'neutral': 0.07908739894628525, 'sadness': 0.014657828956842422, 'surprise': 0.02900661714375019}","{'anger': 0.7423092722892761, 'disgust': 0.05896756052970886, 'fear': 0.030187105759978294, 'joy': 0.021168334409594536, 'neutral': 0.13206890225410461, 'sadness': 0.01154981181025505, 'surprise': 0.003748977789655328}","{'anger': 0.12218846380710602, 'disgust': 0.04300086572766304, 'fear': 0.05045932158827782, 'joy': 0.034621939063072205, 'neutral': 0.6970008611679077, 'sadness': 0.05090552940964699, 'surprise': 0.0018229908309876919}","{'anger': 0.8929792046546936, 'disgust': 0.02990756183862686, 'fear': 0.001918935333378613, 'joy': 0.0021120584569871426, 'neutral': 0.06159850209951401, 'sadness': 0.010370477102696896, 'surprise': 0.0011132392100989819}",0.46903250615839265,0.2386540529542137,0.42166861693309343
context_19,"{'anger': 0.02591521479189396, 'disgust': 0.013416646979749203, 'fear': 0.37460198998451233, 'joy': 0.00785124208778143, 'neutral': 0.06402264535427094, 'sadness': 0.002799812238663435, 'surprise': 0.5113924145698547}","{'anger': 0.003521319478750229, 'disgust': 0.006490414962172508, 'fear': 0.940391480922699, 'joy': 0.0015619369223713875, 'neutral': 0.034353431314229965, 'sadness': 0.0033177025616168976, 'surprise': 0.010363733395934105}","{'anger': 0.010411309078335762, 'disgust': 0.004365327302366495, 'fear': 0.39787936210632324, 'joy': 0.0025545035023242235, 'neutral': 0.02658352069556713, 'sadness': 0.4664929509162903, 'surprise': 0.09171304851770401}","{'anger': 0.007657079491764307, 'disgust': 0.005371171049773693, 'fear': 0.9039129614830017, 'joy': 0.002306662267073989, 'neutral': 0.06599096208810806, 'sadness': 0.009936299175024033, 'surprise': 0.004824838135391474}",0.599652863434017,0.503454148545451,0.597763438275611
context_20,"{'anger': 0.009974011220037937, 'disgust': 0.5553499460220337, 'fear': 0.3320408761501312, 'joy': 0.0017159049166366458, 'neutral': 0.05070393532514572, 'sadness': 0.04195288568735123, 'surprise': 0.008262361399829388}","{'anger': 0.00266708224080503, 'disgust': 0.004575041122734547, 'fear': 0.00617707334458828, 'joy': 0.004430640023201704, 'neutral': 0.9511381983757019, 'sadness': 0.006983173545449972, 'surprise': 0.02402893267571926}","{'anger': 0.007691359147429466, 'disgust': 0.009662307798862457, 'fear': 0.025887176394462585, 'joy': 0.006425417959690094, 'neutral': 0.9340453743934631, 'sadness': 0.012003076262772083, 'surprise': 0.004285282921046019}","{'anger': 0.007639485877007246, 'disgust': 0.022768355906009674, 'fear': 0.04356573894619942, 'joy': 0.005190575961023569, 'neutral': 0.9057168364524841, 'sadness': 0.00836641900241375, 'surprise': 0.0067526111379265785}",0.0861817105265118,0.10189404151866399,0.12459400810986143
context_21,"{'anger': 0.0006588362157344818, 'disgust': 0.00048155058175325394, 'fear': 0.002260984852910042, 'joy': 0.0012475341791287065, 'neutral': 0.0018429316114634275, 'sadness': 0.991805911064148, 'surprise': 0.00170229678042233}","{'anger': 0.0026879506185650826, 'disgust': 0.004229931626468897, 'fear': 0.002882312284782529, 'joy': 0.00456260796636343, 'neutral': 0.016141023486852646, 'sadness': 0.9642975926399231, 'surprise': 0.00519852340221405}","{'anger': 0.006070039700716734, 'disgust': 0.01867111399769783, 'fear': 0.1649613380432129, 'joy': 0.0029345182701945305, 'neutral': 0.12159261107444763, 'sadness': 0.6728695034980774, 'surprise': 0.012900888919830322}","{'anger': 0.0036927247419953346, 'disgust': 0.014194204472005367, 'fear': 0.009425599128007889, 'joy': 0.08208353817462921, 'neutral': 0.28116005659103394, 'sadness': 0.6037128567695618, 'surprise': 0.0057310364209115505}",0.9998664275739109,0.9569789501978637,0.9003543608493284
context_22,"{'anger': 0.016959283500909805, 'disgust': 0.03536185249686241, 'fear': 0.8924460411071777, 'joy': 0.0008518478716723621, 'neutral': 0.02583068236708641, 'sadness': 0.019323019310832024, 'surprise': 0.009227359667420387}","{'anger': 0.0052254037000238895, 'disgust': 0.008155494928359985, 'fear': 0.9270154237747192, 'joy': 0.0017156271496787667, 'neutral': 0.046807292848825455, 'sadness': 0.008717897348105907, 'surprise': 0.0023629029747098684}","{'anger': 0.0008451738394796848, 'disgust': 0.0005439023952931166, 'fear': 0.9851515889167786, 'joy': 0.0029143814463168383, 'neutral': 0.006573081016540527, 'sadness': 0.002580375876277685, 'surprise': 0.0013915395829826593}","{'anger': 0.006379436235874891, 'disgust': 0.0234045572578907, 'fear': 0.7478387951850891, 'joy': 0.005458026193082333, 'neutral': 0.17134809494018555, 'sadness': 0.043170951306819916, 'surprise': 0.002400284865871072}",0.9991004166853529,0.9986048270099085,0.9801191376373898
context_23,"{'anger': 0.0072754803113639355, 'disgust': 0.021610016003251076, 'fear': 0.007192683406174183, 'joy': 0.0007515873294323683, 'neutral': 0.01884712278842926, 'sadness': 0.9427616000175476, 'surprise': 0.0015615130541846156}","{'anger': 0.4072900116443634, 'disgust': 0.10927270352840424, 'fear': 0.23834721744060516, 'joy': 0.002382559236139059, 'neutral': 0.12268766015768051, 'sadness': 0.08437088131904602, 'surprise': 0.035648882389068604}","{'anger': 0.017441799864172935, 'disgust': 0.004935987759381533, 'fear': 0.20981569588184357, 'joy': 0.020132100209593773, 'neutral': 0.202760711312294, 'sadness': 0.4954482614994049, 'surprise': 0.049465376883745193}","{'anger': 0.018096426501870155, 'disgust': 0.024544384330511093, 'fear': 0.0108075812458992, 'joy': 0.0341266430914402, 'neutral': 0.8993850946426392, 'sadness': 0.011039097793400288, 'surprise': 0.002000858075916767}",0.18562637071366295,0.8674933020483769,0.03310675292954168
context_24,"{'anger': 0.015979228541254997, 'disgust': 0.020521972328424454, 'fear': 0.013220662251114845, 'joy': 0.01307736523449421, 'neutral': 0.4310038089752197, 'sadness': 0.42904895544052124, 'surprise': 0.07714802026748657}","{'anger': 0.0809028148651123, 'disgust': 0.019756795838475227, 'fear': 0.029318353161215782, 'joy': 0.146207794547081, 'neutral': 0.4784618318080902, 'sadness': 0.2396181970834732, 'surprise': 0.005734192207455635}","{'anger': 0.0026394822634756565, 'disgust': 0.0022093106526881456, 'fear': 0.00415820674970746, 'joy': 0.7220579385757446, 'neutral': 0.03620220720767975, 'sadness': 0.2219761162996292, 'surprise': 0.010756779462099075}","{'anger': 0.006162220146507025, 'disgust': 0.011010948568582535, 'fear': 0.0025509933475404978, 'joy': 0.15215039253234863, 'neutral': 0.797145664691925, 'sadness': 0.026504194363951683, 'surprise': 0.004475562367588282}",0.9090584398555823,0.26115837848533174,0.7174222272453751
context_25,"{'anger': 0.0787108764052391, 'disgust': 0.11248043924570084, 'fear': 0.015877816826105118, 'joy': 0.003024445381015539, 'neutral': 0.5074452757835388, 'sadness': 0.2736433148384094, 'surprise': 0.008817803114652634}","{'anger': 0.17849792540073395, 'disgust': 0.02111166901886463, 'fear': 0.00715748080983758, 'joy': 0.00748375803232193, 'neutral': 0.11253431439399719, 'sadness': 0.6676591038703918, 'surprise': 0.005555795505642891}","{'anger': 0.00921930093318224, 'disgust': 0.00600856076925993, 'fear': 0.00381339224986732, 'joy': 0.7037634253501892, 'neutral': 0.2396475076675415, 'sadness': 0.028427133336663246, 'surprise': 0.00912065152078867}","{'anger': 0.013313112780451775, 'disgust': 0.016831718385219574, 'fear': 0.02876417525112629, 'joy': 0.021681176498532295, 'neutral': 0.9051677584648132, 'sadness': 0.012523173354566097, 'surprise': 0.0017189348582178354}",0.6172376285882643,0.3015663174630012,0.8676761804629389
context_26,"{'anger': 0.9546215534210205, 'disgust': 0.025271274149417877, 'fear': 0.0010696204844862223, 'joy': 0.000944962608627975, 'neutral': 0.01021333783864975, 'sadness': 0.006608611438423395, 'surprise': 0.0012707279529422522}","{'anger': 0.06807616353034973, 'disgust': 0.17319253087043762, 'fear': 0.011024359613656998, 'joy': 0.23402118682861328, 'neutral': 0.04887190833687782, 'sadness': 0.4625353515148163, 'surprise': 0.0022784152533859015}","{'anger': 0.4546085596084595, 'disgust': 0.2590365409851074, 'fear': 0.0044699423015117645, 'joy': 0.0023976515512913465, 'neutral': 0.262088805437088, 'sadness': 0.014917484484612942, 'surprise': 0.00248100608587265}","{'anger': 0.09270300716161728, 'disgust': 0.15597131848335266, 'fear': 0.005901855882257223, 'joy': 0.013498031534254551, 'neutral': 0.509036123752594, 'sadness': 0.22093471884727478, 'surprise': 0.001954912906512618}",0.13850740139152007,0.7929086026434913,0.1777101669062422
context_27,"{'anger': 0.016105666756629944, 'disgust': 0.011324216611683369, 'fear': 0.8265871405601501, 'joy': 0.0017137960530817509, 'neutral': 0.04296403005719185, 'sadness': 0.07966103404760361, 'surprise': 0.02164413221180439}","{'anger': 0.011278151534497738, 'disgust': 0.005871225614100695, 'fear': 0.2534441351890564, 'joy': 0.013944138772785664, 'neutral': 0.6723425984382629, 'sadness': 0.03261810541152954, 'surprise': 0.010501622222363949}","{'anger': 0.005716316401958466, 'disgust': 0.007753106765449047, 'fear': 0.203912615776062, 'joy': 0.008709684945642948, 'neutral': 0.10063743591308594, 'sadness': 0.6411557197570801, 'surprise': 0.032115112990140915}","{'anger': 0.007466858718544245, 'disgust': 0.005666772834956646, 'fear': 0.9331873655319214, 'joy': 0.0016169926384463906, 'neutral': 0.029240205883979797, 'sadness': 0.02123173512518406, 'surprise': 0.0015901679871603847}",0.40331692711118805,0.3967109531381936,0.9967232034494087
context_28,"{'anger': 0.002650880953297019, 'disgust': 0.0038654422387480736, 'fear': 0.9812219738960266, 'joy': 0.0008479115203954279, 'neutral': 0.0035331249237060547, 'sadness': 0.006847691256552935, 'surprise': 0.0010330247459933162}","{'anger': 0.0024405724834650755, 'disgust': 0.014315355569124222, 'fear': 0.9578338265419006, 'joy': 0.001180043094791472, 'neutral': 0.012786343693733215, 'sadness': 0.009215022437274456, 'surprise': 0.0022288253530859947}","{'anger': 0.002832473022863269, 'disgust': 0.004385890904814005, 'fear': 0.967517077922821, 'joy': 0.0014430781593546271, 'neutral': 0.016460051760077477, 'sadness': 0.006073312368243933, 'surprise': 0.0012881042202934623}","{'anger': 0.012453676201403141, 'disgust': 0.026893865317106247, 'fear': 0.728666365146637, 'joy': 0.010128224268555641, 'neutral': 0.19101999700069427, 'sadness': 0.02859162911772728, 'surprise': 0.0022462347988039255}",0.9998875903719434,0.999909406364598,0.9671145848824853
context_29,"{'anger': 0.03285424783825874, 'disgust': 0.32038846611976624, 'fear': 0.004480372183024883, 'joy': 0.005284661427140236, 'neutral': 0.1387147158384323, 'sadness': 0.4945434331893921, 'surprise': 0.0037341418210417032}","{'anger': 0.4367026090621948, 'disgust': 0.19037331640720367, 'fear': 0.020647302269935608, 'joy': 0.004560974892228842, 'neutral': 0.29474830627441406, 'sadness': 0.04162437841296196, 'surprise': 0.011343120597302914}","{'anger': 0.001417078310623765, 'disgust': 0.0006370579940266907, 'fear': 0.0009837247198447585, 'joy': 0.005135960876941681, 'neutral': 0.008429070003330708, 'sadness': 0.973013162612915, 'surprise': 0.010383998975157738}","{'anger': 0.006215719506144524, 'disgust': 0.024519963189959526, 'fear': 0.062268465757369995, 'joy': 0.056347768753767014, 'neutral': 0.6110950708389282, 'sadness': 0.23154354095458984, 'surprise': 0.00800944585353136}",0.4017913004465532,0.8181043883694978,0.5201226791748249
context_30,"{'anger': 0.025446508079767227, 'disgust': 0.07239893078804016, 'fear': 0.0036622548941522837, 'joy': 0.0575634241104126, 'neutral': 0.6146417856216431, 'sadness': 0.1600247174501419, 'surprise': 0.0662623941898346}","{'anger': 0.01836346834897995, 'disgust': 0.02895566262304783, 'fear': 0.032750025391578674, 'joy': 0.003169636707752943, 'neutral': 0.7191752791404724, 'sadness': 0.018064891919493675, 'surprise': 0.17952100932598114}","{'anger': 0.06135312095284462, 'disgust': 0.07025491446256638, 'fear': 0.13825710117816925, 'joy': 0.04117142781615257, 'neutral': 0.271011084318161, 'sadness': 0.06576382368803024, 'surprise': 0.3521885275840759}","{'anger': 0.07465775310993195, 'disgust': 0.05454247444868088, 'fear': 0.0023447673302143812, 'joy': 0.038597673177719116, 'neutral': 0.7931312322616577, 'sadness': 0.033793918788433075, 'surprise': 0.002932182513177395}",0.9581103787459483,0.6760240878284015,0.9699390547208449
context_31,"{'anger': 0.942102313041687, 'disgust': 0.009968101978302002, 'fear': 0.0026879962533712387, 'joy': 0.0006358950631693006, 'neutral': 0.007380473893135786, 'sadness': 0.03621399402618408, 'surprise': 0.001011284883134067}","{'anger': 0.007583884987980127, 'disgust': 0.0036506997421383858, 'fear': 0.5018659234046936, 'joy': 0.0034858910366892815, 'neutral': 0.01731184497475624, 'sadness': 0.002274082973599434, 'surprise': 0.4638276696205139}","{'anger': 0.23290757834911346, 'disgust': 0.014003359712660313, 'fear': 0.6025711297988892, 'joy': 0.0028437436558306217, 'neutral': 0.04751383885741234, 'sadness': 0.09452896565198898, 'surprise': 0.0056314049288630486}","{'anger': 0.010776751674711704, 'disgust': 0.003686015959829092, 'fear': 0.5750298500061035, 'joy': 0.0022456019651144743, 'neutral': 0.009795663878321648, 'sadness': 0.0032211551442742348, 'surprise': 0.39524492621421814}",0.014290107355039994,0.36437031066560266,0.01872930817524554
context_32,"{'anger': 0.07288219034671783, 'disgust': 0.04636991769075394, 'fear': 0.009966528043150902, 'joy': 0.004838155582547188, 'neutral': 0.046947065740823746, 'sadness': 0.7980681657791138, 'surprise': 0.020927978679537773}","{'anger': 0.006001237779855728, 'disgust': 0.006974166724830866, 'fear': 0.07128024846315384, 'joy': 0.030046431347727776, 'neutral': 0.3706863522529602, 'sadness': 0.47644105553627014, 'surprise': 0.03857049345970154}","{'anger': 0.00798010639846325, 'disgust': 0.005957429297268391, 'fear': 0.22426959872245789, 'joy': 0.07143966108560562, 'neutral': 0.523847758769989, 'sadness': 0.14708802103996277, 'surprise': 0.019417405128479004}","{'anger': 0.004709769040346146, 'disgust': 0.09586972743272781, 'fear': 0.1312195509672165, 'joy': 0.008052092045545578, 'neutral': 0.09350651502609253, 'sadness': 0.6502321362495422, 'surprise': 0.016410233452916145}",0.8154109227822657,0.30556554197514696,0.9728175717664546
context_33,"{'anger': 0.014621304348111153, 'disgust': 0.013492409139871597, 'fear': 0.37684735655784607, 'joy': 0.002244051545858383, 'neutral': 0.01394282840192318, 'sadness': 0.0029431635048240423, 'surprise': 0.575908899307251}","{'anger': 0.03922974690794945, 'disgust': 0.43855467438697815, 'fear': 0.2708081603050232, 'joy': 0.0019632866606116295, 'neutral': 0.0828758254647255, 'sadness': 0.0311189703643322, 'surprise': 0.1354493647813797}","{'anger': 0.0018776225624606013, 'disgust': 0.0008348487317562103, 'fear': 0.975769579410553, 'joy': 0.0021915885154157877, 'neutral': 0.010808815248310566, 'sadness': 0.004226541146636009, 'surprise': 0.00429108738899231}","{'anger': 0.004727360792458057, 'disgust': 0.003711206838488579, 'fear': 0.834369957447052, 'joy': 0.00201430544257164, 'neutral': 0.012467682361602783, 'sadness': 0.0020436791237443686, 'surprise': 0.14066582918167114}",0.5034470227309732,0.5511356320468467,0.6790289119001103
context_34,"{'anger': 0.001828435924835503, 'disgust': 0.0014091028133407235, 'fear': 0.9802975654602051, 'joy': 0.0016241382109001279, 'neutral': 0.007665563374757767, 'sadness': 0.00229540653526783, 'surprise': 0.00487983925268054}","{'anger': 0.009859471581876278, 'disgust': 0.0075939432717859745, 'fear': 0.8159669637680054, 'joy': 0.004097408149391413, 'neutral': 0.1366739422082901, 'sadness': 0.016023028641939163, 'surprise': 0.009785235859453678}","{'anger': 0.0061460137367248535, 'disgust': 0.001387783675454557, 'fear': 0.7403817772865295, 'joy': 0.0026348771061748266, 'neutral': 0.005122181493788958, 'sadness': 0.003475748235359788, 'surprise': 0.24085159599781036}","{'anger': 0.006889853160828352, 'disgust': 0.009044604375958443, 'fear': 0.7840943336486816, 'joy': 0.007073868997395039, 'neutral': 0.17054079473018646, 'sadness': 0.018326779827475548, 'surprise': 0.004029844421893358}",0.9872728917101752,0.9524586169282007,0.978488952058175
context_35,"{'anger': 0.005828606430441141, 'disgust': 0.003468509763479233, 'fear': 0.8886865377426147, 'joy': 0.00415678508579731, 'neutral': 0.03291374444961548, 'sadness': 0.05362161248922348, 'surprise': 0.011324252933263779}","{'anger': 0.008746151812374592, 'disgust': 0.007016162853688002, 'fear': 0.024431444704532623, 'joy': 0.0027705722022801638, 'neutral': 0.9411370754241943, 'sadness': 0.010292359627783298, 'surprise': 0.005606186576187611}","{'anger': 0.06843291223049164, 'disgust': 0.019460730254650116, 'fear': 0.33767572045326233, 'joy': 0.0033161353785544634, 'neutral': 0.4881693422794342, 'sadness': 0.01289390865713358, 'surprise': 0.07005124539136887}","{'anger': 0.004650884307920933, 'disgust': 0.011340954340994358, 'fear': 0.023502716794610023, 'joy': 0.017185509204864502, 'neutral': 0.9124575257301331, 'sadness': 0.02577628567814827, 'surprise': 0.005086117424070835}",0.0636372486170731,0.5930103062290992,0.06450476959920515
context_36,"{'anger': 0.01240403763949871, 'disgust': 0.001904347212985158, 'fear': 0.02311326190829277, 'joy': 0.0027522435411810875, 'neutral': 0.010092848911881447, 'sadness': 0.059221599251031876, 'surprise': 0.8905116319656372}","{'anger': 0.5616084337234497, 'disgust': 0.16618743538856506, 'fear': 0.018582671880722046, 'joy': 0.0028691303450614214, 'neutral': 0.16499774158000946, 'sadness': 0.07283584773540497, 'surprise': 0.012918742373585701}","{'anger': 0.14313581585884094, 'disgust': 0.03806507587432861, 'fear': 0.2250089794397354, 'joy': 0.011242206208407879, 'neutral': 0.43832820653915405, 'sadness': 0.13375452160835266, 'surprise': 0.010465159080922604}","{'anger': 0.0025204948615282774, 'disgust': 0.007712173275649548, 'fear': 0.04668913781642914, 'joy': 0.0051136319525539875, 'neutral': 0.03757621720433235, 'sadness': 0.8961756229400635, 'surprise': 0.0042127142660319805}",0.04602596657015201,0.06053049314836323,0.0727410845075811
context_37,"{'anger': 0.014542638324201107, 'disgust': 0.019987208768725395, 'fear': 0.016363922506570816, 'joy': 0.010906875133514404, 'neutral': 0.7874221801757812, 'sadness': 0.058280181139707565, 'surprise': 0.09249687939882278}","{'anger': 0.02618468552827835, 'disgust': 0.006575792096555233, 'fear': 0.5690043568611145, 'joy': 0.02770955115556717, 'neutral': 0.343671977519989, 'sadness': 0.01638183183968067, 'surprise': 0.010471736080944538}","{'anger': 0.012874826788902283, 'disgust': 0.006988605484366417, 'fear': 0.0038491736631840467, 'joy': 0.003722918452695012, 'neutral': 0.9644629955291748, 'sadness': 0.004620301071554422, 'surprise': 0.0034811608493328094}","{'anger': 0.005995975341647863, 'disgust': 0.011414601467549801, 'fear': 0.0011367053957656026, 'joy': 0.45331189036369324, 'neutral': 0.5142456293106079, 'sadness': 0.007753425277769566, 'surprise': 0.0061417873948812485}",0.533340211963141,0.9909020433036594,0.7537737093754933
context_38,"{'anger': 0.008267058990895748, 'disgust': 0.08406534045934677, 'fear': 0.013607710599899292, 'joy': 0.06334010511636734, 'neutral': 0.7240519523620605, 'sadness': 0.0955011248588562, 'surprise': 0.011166742071509361}","{'anger': 0.0243219081312418, 'disgust': 0.008771229535341263, 'fear': 0.27693289518356323, 'joy': 0.04373818635940552, 'neutral': 0.606614351272583, 'sadness': 0.029173048213124275, 'surprise': 0.010448452085256577}","{'anger': 0.003929885104298592, 'disgust': 0.006525862962007523, 'fear': 0.09501110017299652, 'joy': 0.007146860472857952, 'neutral': 0.14813615381717682, 'sadness': 0.7000682353973389, 'surprise': 0.0391819141805172}","{'anger': 0.006970586720854044, 'disgust': 0.026575155556201935, 'fear': 0.002760946284979582, 'joy': 0.2682539224624634, 'neutral': 0.670924723148346, 'sadness': 0.018716858699917793, 'surprise': 0.005797772668302059}",0.9098159283287568,0.3314493386808198,0.9494846345859181
context_39,"{'anger': 0.08910911530256271, 'disgust': 0.10724493861198425, 'fear': 0.008464626036584377, 'joy': 0.0016869389219209552, 'neutral': 0.7479520440101624, 'sadness': 0.011405781842768192, 'surprise': 0.03413661569356918}","{'anger': 0.2086833268404007, 'disgust': 0.10279271006584167, 'fear': 0.008690795861184597, 'joy': 0.0026262716855853796, 'neutral': 0.6482486128807068, 'sadness': 0.026042571291327477, 'surprise': 0.0029156471136957407}","{'anger': 0.019433414563536644, 'disgust': 0.009505024179816246, 'fear': 0.00812464114278555, 'joy': 0.014200231060385704, 'neutral': 0.9351574182510376, 'sadness': 0.007462059147655964, 'surprise': 0.006117209792137146}","{'anger': 0.035098277032375336, 'disgust': 0.05172216519713402, 'fear': 0.012187186628580093, 'joy': 0.002795180771499872, 'neutral': 0.8815063834190369, 'sadness': 0.0151037173345685, 'surprise': 0.0015871033538132906}",0.9807649803212469,0.985840333233413,0.9925802825247587
context_40,"{'anger': 0.013783520087599754, 'disgust': 0.04582943022251129, 'fear': 0.004332747310400009, 'joy': 0.59812331199646, 'neutral': 0.13025321066379547, 'sadness': 0.19595927000045776, 'surprise': 0.011718477122485638}","{'anger': 0.05127188190817833, 'disgust': 0.06363602727651596, 'fear': 0.004163952078670263, 'joy': 0.04506903514266014, 'neutral': 0.807778537273407, 'sadness': 0.008122190833091736, 'surprise': 0.019958404824137688}","{'anger': 0.051450926810503006, 'disgust': 0.017241762951016426, 'fear': 0.008110112510621548, 'joy': 0.015827402472496033, 'neutral': 0.8801109790802002, 'sadness': 0.02301141805946827, 'surprise': 0.0042474158108234406}","{'anger': 0.014017193578183651, 'disgust': 0.028560763224959373, 'fear': 0.0029119697865098715, 'joy': 0.03668840974569321, 'neutral': 0.9022811651229858, 'sadness': 0.014011374674737453, 'surprise': 0.0015291622839868069}",0.26247846673316233,0.22891888517168468,0.24674959880073288
context_41,"{'anger': 0.0074345869943499565, 'disgust': 0.10554005950689316, 'fear': 0.018224067986011505, 'joy': 0.0023908482398837805, 'neutral': 0.7542876601219177, 'sadness': 0.03202959895133972, 'surprise': 0.080093152821064}","{'anger': 0.030843500047922134, 'disgust': 0.032323360443115234, 'fear': 0.09030042588710785, 'joy': 0.005065599922090769, 'neutral': 0.8021730780601501, 'sadness': 0.028204714879393578, 'surprise': 0.011089361272752285}","{'anger': 0.02335033379495144, 'disgust': 0.005332732107490301, 'fear': 0.6152679920196533, 'joy': 0.012954610399901867, 'neutral': 0.24648503959178925, 'sadness': 0.04473358765244484, 'surprise': 0.05187567323446274}","{'anger': 0.00989359151571989, 'disgust': 0.04185735434293747, 'fear': 0.1276857703924179, 'joy': 0.004688994027674198, 'neutral': 0.7692601680755615, 'sadness': 0.038883332163095474, 'surprise': 0.007730851415544748}",0.9867891013166572,0.39794669337374255,0.9822179568038619
context_42,"{'anger': 0.008807375095784664, 'disgust': 0.011643238365650177, 'fear': 0.8984752893447876, 'joy': 0.002010987838730216, 'neutral': 0.04919875040650368, 'sadness': 0.024843931198120117, 'surprise': 0.005020383279770613}","{'anger': 0.006391321308910847, 'disgust': 0.013647208921611309, 'fear': 0.020783789455890656, 'joy': 0.08567609637975693, 'neutral': 0.7475177049636841, 'sadness': 0.11795008927583694, 'surprise': 0.008033817633986473}","{'anger': 0.04688918590545654, 'disgust': 0.0045248279348015785, 'fear': 0.25900164246559143, 'joy': 0.15653908252716064, 'neutral': 0.4544934332370758, 'sadness': 0.03398224711418152, 'surprise': 0.044569529592990875}","{'anger': 0.004846469033509493, 'disgust': 0.006451856344938278, 'fear': 0.8433020710945129, 'joy': 0.014922269620001316, 'neutral': 0.12044880539178848, 'sadness': 0.006931704934686422, 'surprise': 0.0030968424398452044}",0.08571519359479607,0.5179842334851401,0.9958755219605188
context_43,"{'anger': 0.01340162381529808, 'disgust': 0.01610274612903595, 'fear': 0.06242172047495842, 'joy': 0.0015821479028090835, 'neutral': 0.03966093435883522, 'sadness': 0.8529568314552307, 'surprise': 0.013873954303562641}","{'anger': 0.015019519254565239, 'disgust': 0.01361837424337864, 'fear': 0.16218926012516022, 'joy': 0.02207363210618496, 'neutral': 0.734221875667572, 'sadness': 0.04611125960946083, 'surprise': 0.006766023114323616}","{'anger': 0.024204960092902184, 'disgust': 0.030959025025367737, 'fear': 0.09411785006523132, 'joy': 0.06715220957994461, 'neutral': 0.7360479235649109, 'sadness': 0.03471420705318451, 'surprise': 0.012803844176232815}","{'anger': 0.04125816747546196, 'disgust': 0.05271165817975998, 'fear': 0.09133782982826233, 'joy': 0.003844787133857608, 'neutral': 0.4982832670211792, 'sadness': 0.3086967170238495, 'surprise': 0.003867534687742591}",0.12252368247044021,0.10281173061031945,0.5675611733578164
context_44,"{'anger': 0.7237010598182678, 'disgust': 0.08431906998157501, 'fear': 0.01506087463349104, 'joy': 0.001766678993590176, 'neutral': 0.14710798859596252, 'sadness': 0.02277771569788456, 'surprise': 0.005266633816063404}","{'anger': 0.020873356610536575, 'disgust': 0.010040600784122944, 'fear': 0.9154965877532959, 'joy': 0.0013903208309784532, 'neutral': 0.04208797588944435, 'sadness': 0.004196968395262957, 'surprise': 0.0059142811223864555}","{'anger': 0.4400847852230072, 'disgust': 0.01371168065816164, 'fear': 0.01225284207612276, 'joy': 0.0111366743221879, 'neutral': 0.5098309516906738, 'sadness': 0.008716716431081295, 'surprise': 0.004266324453055859}","{'anger': 0.049119748175144196, 'disgust': 0.030550463125109673, 'fear': 0.011614370159804821, 'joy': 0.009268351830542088, 'neutral': 0.8859862089157104, 'sadness': 0.012002869509160519, 'surprise': 0.001458011451177299}",0.052881982575528785,0.7881397168233821,0.25573587333345804
context_45,"{'anger': 0.038104645907878876, 'disgust': 0.11821655929088593, 'fear': 0.004474843852221966, 'joy': 0.031133228912949562, 'neutral': 0.20685258507728577, 'sadness': 0.5972020626068115, 'surprise': 0.004016104619950056}","{'anger': 0.17442892491817474, 'disgust': 0.01509865839034319, 'fear': 0.0015448183985427022, 'joy': 0.12497225403785706, 'neutral': 0.6467627286911011, 'sadness': 0.03209174796938896, 'surprise': 0.005100876558572054}","{'anger': 0.8906351327896118, 'disgust': 0.0006044734036549926, 'fear': 0.085395447909832, 'joy': 0.015352697111666203, 'neutral': 0.001114480895921588, 'sadness': 0.005766305606812239, 'surprise': 0.0011314945295453072}","{'anger': 0.20234812796115875, 'disgust': 0.0884798988699913, 'fear': 0.024820741266012192, 'joy': 0.011153548955917358, 'neutral': 0.2732797861099243, 'sadness': 0.3976023495197296, 'surprise': 0.0023155780509114265}",0.375639161881248,0.06679712200222154,0.9123979715604921
context_46,"{'anger': 0.02750452607870102, 'disgust': 0.0737970620393753, 'fear': 0.012566370889544487, 'joy': 0.001654775463975966, 'neutral': 0.7172958850860596, 'sadness': 0.011741221882402897, 'surprise': 0.15544015169143677}","{'anger': 0.049492545425891876, 'disgust': 0.022561583667993546, 'fear': 0.00721783097833395, 'joy': 0.07933501154184341, 'neutral': 0.8337274789810181, 'sadness': 0.003917046822607517, 'surprise': 0.003748554503545165}","{'anger': 0.008704204112291336, 'disgust': 0.019740095362067223, 'fear': 0.8238142728805542, 'joy': 0.011331751942634583, 'neutral': 0.12176477909088135, 'sadness': 0.010083706118166447, 'surprise': 0.004561272449791431}","{'anger': 0.17453503608703613, 'disgust': 0.14514240622520447, 'fear': 0.011380912736058235, 'joy': 0.01547569315880537, 'neutral': 0.6435744166374207, 'sadness': 0.005009443033486605, 'surprise': 0.004882147070020437}",0.9712695754594641,0.16293305506280054,0.948468565817395
context_47,"{'anger': 0.1046074703335762, 'disgust': 0.017437728121876717, 'fear': 0.8495140671730042, 'joy': 0.0016254083020612597, 'neutral': 0.015395612455904484, 'sadness': 0.009475178085267544, 'surprise': 0.001944570685736835}","{'anger': 0.5521434545516968, 'disgust': 0.1654876172542572, 'fear': 0.008770461194217205, 'joy': 0.009361999109387398, 'neutral': 0.250007688999176, 'sadness': 0.012117248959839344, 'surprise': 0.0021115869749337435}","{'anger': 0.02603788487613201, 'disgust': 0.0052608042024075985, 'fear': 0.002085345797240734, 'joy': 0.3535529375076294, 'neutral': 0.5790440440177917, 'sadness': 0.010829455219209194, 'surprise': 0.02318945899605751}","{'anger': 0.0350341871380806, 'disgust': 0.05155520513653755, 'fear': 0.00959695689380169, 'joy': 0.05085141211748123, 'neutral': 0.7807336449623108, 'sadness': 0.07004670053720474, 'surprise': 0.00218192208558321}",0.13391784937395834,0.024447755949093097,0.03776938759421222
context_48,"{'anger': 0.011858548037707806, 'disgust': 0.003781337756663561, 'fear': 0.9435651302337646, 'joy': 0.0027415768709033728, 'neutral': 0.022384699434041977, 'sadness': 0.01205004844814539, 'surprise': 0.003618673887103796}","{'anger': 0.052577074617147446, 'disgust': 0.019151363521814346, 'fear': 0.020244156941771507, 'joy': 0.03824121505022049, 'neutral': 0.8372817635536194, 'sadness': 0.0222429521381855, 'surprise': 0.010261466726660728}","{'anger': 0.008917436003684998, 'disgust': 0.004265033174306154, 'fear': 0.8688694834709167, 'joy': 0.004515564534813166, 'neutral': 0.017462508752942085, 'sadness': 0.09045684337615967, 'surprise': 0.0055131083354353905}","{'anger': 0.03022857755422592, 'disgust': 0.02055559679865837, 'fear': 0.03567778319120407, 'joy': 0.010204571299254894, 'neutral': 0.8856624960899353, 'sadness': 0.016002029180526733, 'surprise': 0.0016690042102709413}",0.049083284835751195,0.9958526019094772,0.06464841485470929
context_49,"{'anger': 0.5808126926422119, 'disgust': 0.19082759320735931, 'fear': 0.012328185141086578, 'joy': 0.00152377609629184, 'neutral': 0.0712929368019104, 'sadness': 0.13660430908203125, 'surprise': 0.006610496435314417}","{'anger': 0.012612064369022846, 'disgust': 0.0024517665151506662, 'fear': 0.8623801469802856, 'joy': 0.0014923508279025555, 'neutral': 0.01610531285405159, 'sadness': 0.027633236721158028, 'surprise': 0.0773250013589859}","{'anger': 0.4566428065299988, 'disgust': 0.02118103764951229, 'fear': 0.014112461358308792, 'joy': 0.017839713022112846, 'neutral': 0.43951770663261414, 'sadness': 0.04723093658685684, 'surprise': 0.00347529212012887}","{'anger': 0.004197542555630207, 'disgust': 0.004872233606874943, 'fear': 0.9151007533073425, 'joy': 0.002047989284619689, 'neutral': 0.06500277668237686, 'sadness': 0.006384123116731644, 'surprise': 0.0023945579305291176}",0.04366478330256762,0.7657264904006991,0.03486910064986104
context_50,"{'anger': 0.7389979958534241, 'disgust': 0.13270461559295654, 'fear': 0.066370390355587, 'joy': 0.0017282225890085101, 'neutral': 0.013029307126998901, 'sadness': 0.045683737844228745, 'surprise': 0.001485605607740581}","{'anger': 0.001536969910375774, 'disgust': 0.0015147221274673939, 'fear': 0.9756898880004883, 'joy': 0.0032843363005667925, 'neutral': 0.010672898963093758, 'sadness': 0.005437940359115601, 'surprise': 0.0018632957944646478}","{'anger': 0.0034959823824465275, 'disgust': 0.004439574666321278, 'fear': 0.02006460539996624, 'joy': 0.015336134470999241, 'neutral': 0.06770502030849457, 'sadness': 0.8850895762443542, 'surprise': 0.0038691263180226088}","{'anger': 0.038356054574251175, 'disgust': 0.02776769921183586, 'fear': 0.07309852540493011, 'joy': 0.03377969190478325, 'neutral': 0.8055466413497925, 'sadness': 0.019844356924295425, 'surprise': 0.001607114914804697}",0.09022301141257427,0.06836545059657917,0.07891095883460975
context_51,"{'anger': 0.010754070244729519, 'disgust': 0.04915594682097435, 'fear': 0.00294140144251287, 'joy': 0.1784667670726776, 'neutral': 0.21358315646648407, 'sadness': 0.5143969655036926, 'surprise': 0.03070167265832424}","{'anger': 0.004948145244270563, 'disgust': 0.006290131248533726, 'fear': 0.003191663883626461, 'joy': 0.01102894265204668, 'neutral': 0.9662337899208069, 'sadness': 0.004503939300775528, 'surprise': 0.0038034289609640837}","{'anger': 0.022248348221182823, 'disgust': 0.026117349043488503, 'fear': 0.023659462109208107, 'joy': 0.02286163903772831, 'neutral': 0.8969631791114807, 'sadness': 0.005475638899952173, 'surprise': 0.0026744059287011623}","{'anger': 0.018952231854200363, 'disgust': 0.019162850454449654, 'fear': 0.004665716551244259, 'joy': 0.05546613037586212, 'neutral': 0.8843274116516113, 'sadness': 0.014914119616150856, 'surprise': 0.002511579543352127}",0.3716942735840987,0.37905135110361576,0.3984830402425561
context_52,"{'anger': 0.003750082803890109, 'disgust': 0.007317284122109413, 'fear': 0.0066513787023723125, 'joy': 0.0024387782905250788, 'neutral': 0.01741756685078144, 'sadness': 0.9563623666763306, 'surprise': 0.006062592379748821}","{'anger': 0.01255611889064312, 'disgust': 0.029721656814217567, 'fear': 0.21689888834953308, 'joy': 0.003917701076716185, 'neutral': 0.2411203384399414, 'sadness': 0.48421627283096313, 'surprise': 0.011568990536034107}","{'anger': 0.01811656542122364, 'disgust': 0.005807727575302124, 'fear': 0.08525294065475464, 'joy': 0.44136959314346313, 'neutral': 0.3384643495082855, 'sadness': 0.0794747844338417, 'surprise': 0.03151408210396767}","{'anger': 0.01782342977821827, 'disgust': 0.02483210898935795, 'fear': 0.010400946252048016, 'joy': 0.04905354231595993, 'neutral': 0.2911197543144226, 'sadness': 0.6030920147895813, 'surprise': 0.0036781500093638897}",0.8399124775679179,0.1539143402945673,0.9054868836662395
context_53,"{'anger': 0.004654298536479473, 'disgust': 0.002614821307361126, 'fear': 0.0023871799930930138, 'joy': 0.03153931349515915, 'neutral': 0.04599295184016228, 'sadness': 0.8753148913383484, 'surprise': 0.03749656677246094}","{'anger': 0.009240764193236828, 'disgust': 0.009546961635351181, 'fear': 0.0029954970814287663, 'joy': 0.003898411989212036, 'neutral': 0.11525056511163712, 'sadness': 0.004092293791472912, 'surprise': 0.8549754619598389}","{'anger': 0.0005979235284030437, 'disgust': 0.0007472885772585869, 'fear': 0.9892402291297913, 'joy': 0.0022982554510235786, 'neutral': 0.0026488504372537136, 'sadness': 0.002763370517641306, 'surprise': 0.0017039941158145666}","{'anger': 0.014162053354084492, 'disgust': 0.005877878982573748, 'fear': 0.5714914202690125, 'joy': 0.0036830862518399954, 'neutral': 0.049334026873111725, 'sadness': 0.28178852796554565, 'surprise': 0.07366296648979187}",0.05431017885557332,0.005807029986048762,0.448262456897625
context_54,"{'anger': 0.011961186304688454, 'disgust': 0.007855469360947609, 'fear': 0.008283406496047974, 'joy': 0.0017973178764805198, 'neutral': 0.11777090281248093, 'sadness': 0.0060508414171636105, 'surprise': 0.8462808132171631}","{'anger': 0.012692916207015514, 'disgust': 0.01572224870324135, 'fear': 0.27012091875076294, 'joy': 0.05059352144598961, 'neutral': 0.4709407687187195, 'sadness': 0.1750662475824356, 'surprise': 0.004863387439399958}","{'anger': 0.017553145065903664, 'disgust': 0.02720729447901249, 'fear': 0.043114785104990005, 'joy': 0.08183322846889496, 'neutral': 0.7924453020095825, 'sadness': 0.020606232807040215, 'surprise': 0.017240038141608238}","{'anger': 0.005062602926045656, 'disgust': 0.013951552100479603, 'fear': 0.005868083331733942, 'joy': 0.035820551216602325, 'neutral': 0.9304313659667969, 'sadness': 0.005997710395604372, 'surprise': 0.0028681571129709482}",0.1291330916347313,0.15959575683540272,0.14113043209269238
context_55,"{'anger': 0.0011603515595197678, 'disgust': 0.0007875068695284426, 'fear': 0.9924170970916748, 'joy': 0.0007735289400443435, 'neutral': 0.0022435642313212156, 'sadness': 0.0018652264261618257, 'surprise': 0.0007528093410655856}","{'anger': 0.0027881497517228127, 'disgust': 0.0013046310050413013, 'fear': 0.9805891513824463, 'joy': 0.0017038645455613732, 'neutral': 0.010267865844070911, 'sadness': 0.002201959490776062, 'surprise': 0.001144404406659305}","{'anger': 0.00544130289927125, 'disgust': 0.0018974470440298319, 'fear': 0.933704674243927, 'joy': 0.003684425260871649, 'neutral': 0.04211471229791641, 'sadness': 0.005339851137250662, 'surprise': 0.007817570120096207}","{'anger': 0.0020041121169924736, 'disgust': 0.0009989518439397216, 'fear': 0.9869177937507629, 'joy': 0.0009603601065464318, 'neutral': 0.005449001211673021, 'sadness': 0.0023295923601835966, 'surprise': 0.0013402606127783656}",0.9999641438426347,0.9990308554355039,0.9999939757163234
context_56,"{'anger': 0.004084516782313585, 'disgust': 0.0041850246489048, 'fear': 0.9660489559173584, 'joy': 0.0009434656822122633, 'neutral': 0.01017130445688963, 'sadness': 0.004357150290161371, 'surprise': 0.010209506377577782}","{'anger': 0.007203557062894106, 'disgust': 0.006102739367634058, 'fear': 0.9430228471755981, 'joy': 0.001493896241299808, 'neutral': 0.0332614965736866, 'sadness': 0.005850588902831078, 'surprise': 0.0030648084357380867}","{'anger': 0.004705545958131552, 'disgust': 0.007769095245748758, 'fear': 0.8217065334320068, 'joy': 0.004597546067088842, 'neutral': 0.08787223696708679, 'sadness': 0.06261192262172699, 'surprise': 0.010737174190580845}","{'anger': 0.002790238941088319, 'disgust': 0.0016471362905576825, 'fear': 0.968847930431366, 'joy': 0.002796962158754468, 'neutral': 0.019918983802199364, 'sadness': 0.0026947585865855217, 'surprise': 0.0013040131889283657}",0.9996578464783353,0.9928555150607644,0.9998995155733121
context_57,"{'anger': 0.9725167751312256, 'disgust': 0.004871883429586887, 'fear': 0.006094548385590315, 'joy': 0.001016144291497767, 'neutral': 0.005579149816185236, 'sadness': 0.006391001865267754, 'surprise': 0.003530411049723625}","{'anger': 0.8817493319511414, 'disgust': 0.006877189036458731, 'fear': 0.031616002321243286, 'joy': 0.0007943224627524614, 'neutral': 0.015876565128564835, 'sadness': 0.02851639874279499, 'surprise': 0.03457015007734299}","{'anger': 0.6624932885169983, 'disgust': 0.0015645892126485705, 'fear': 0.3264063596725464, 'joy': 0.0017362413927912712, 'neutral': 0.0028621943201869726, 'sadness': 0.002389672677963972, 'surprise': 0.0025476301088929176}","{'anger': 0.9819976687431335, 'disgust': 0.0029498720541596413, 'fear': 0.0049429601058363914, 'joy': 0.00040658749639987946, 'neutral': 0.006413659080862999, 'sadness': 0.0022747223265469074, 'surprise': 0.0010144287953153253}",0.9985235675571862,0.8997812054368342,0.9999842904340229
context_58,"{'anger': 0.015019120648503304, 'disgust': 0.006810511462390423, 'fear': 0.8208333849906921, 'joy': 0.012094102799892426, 'neutral': 0.1311246156692505, 'sadness': 0.007976586930453777, 'surprise': 0.0061416104435920715}","{'anger': 0.11442868411540985, 'disgust': 0.014266318641602993, 'fear': 0.26630255579948425, 'joy': 0.011118398979306221, 'neutral': 0.43627113103866577, 'sadness': 0.018223518505692482, 'surprise': 0.13938944041728973}","{'anger': 0.17243553698062897, 'disgust': 0.007938897237181664, 'fear': 0.19259071350097656, 'joy': 0.0023878798820078373, 'neutral': 0.012324308976531029, 'sadness': 0.0035003346856683493, 'surprise': 0.6088224053382874}","{'anger': 0.014310837723314762, 'disgust': 0.005942867137491703, 'fear': 0.7796145677566528, 'joy': 0.013136718422174454, 'neutral': 0.17192356288433075, 'sadness': 0.0115598663687706, 'surprise': 0.0035116225481033325}",0.6177724003807248,0.3019858389236588,0.998263932462066
context_59,"{'anger': 0.2841278910636902, 'disgust': 0.04690747335553169, 'fear': 0.30636852979660034, 'joy': 0.0012816202361136675, 'neutral': 0.24079114198684692, 'sadness': 0.05211830511689186, 'surprise': 0.06840503960847855}","{'anger': 0.09922322630882263, 'disgust': 0.11575731635093689, 'fear': 0.06953040510416031, 'joy': 0.03178689628839493, 'neutral': 0.49949410557746887, 'sadness': 0.1770758032798767, 'surprise': 0.0071322196163237095}","{'anger': 0.4543057680130005, 'disgust': 0.04089338704943657, 'fear': 0.017299307510256767, 'joy': 0.0024068334605544806, 'neutral': 0.4526224136352539, 'sadness': 0.02637692354619503, 'surprise': 0.0060953665524721146}","{'anger': 0.7772246599197388, 'disgust': 0.01755833625793457, 'fear': 0.02601570077240467, 'joy': 0.004542298149317503, 'neutral': 0.16264444589614868, 'sadness': 0.010531012900173664, 'surprise': 0.00148358556907624}",0.6750459888744679,0.7803625076813909,0.6889262965160103
context_60,"{'anger': 0.22531956434249878, 'disgust': 0.006619137246161699, 'fear': 0.009425520896911621, 'joy': 0.010087460279464722, 'neutral': 0.02120971865952015, 'sadness': 0.6234430074691772, 'surprise': 0.10389557480812073}","{'anger': 0.02241707779467106, 'disgust': 0.015153816901147366, 'fear': 0.06620871275663376, 'joy': 0.0048493933863937855, 'neutral': 0.08289485424757004, 'sadness': 0.8028727769851685, 'surprise': 0.005603477358818054}","{'anger': 0.021802522242069244, 'disgust': 0.0041794064454734325, 'fear': 0.0070001534186303616, 'joy': 0.14428645372390747, 'neutral': 0.7404612302780151, 'sadness': 0.03382759168744087, 'surprise': 0.04844263568520546}","{'anger': 0.017661472782492638, 'disgust': 0.020997432991862297, 'fear': 0.00449121231213212, 'joy': 0.3715536892414093, 'neutral': 0.565182089805603, 'sadness': 0.0169412549585104, 'surprise': 0.0031729082111269236}",0.934868337682203,0.09498779804033708,0.0677062996973059
context_61,"{'anger': 0.48284944891929626, 'disgust': 0.2032514214515686, 'fear': 0.14889653027057648, 'joy': 0.004470228683203459, 'neutral': 0.06967853009700775, 'sadness': 0.0849386602640152, 'surprise': 0.005915171466767788}","{'anger': 0.005056413356214762, 'disgust': 0.0026775680016726255, 'fear': 0.9327685832977295, 'joy': 0.005570989567786455, 'neutral': 0.04468098655343056, 'sadness': 0.005357634741812944, 'surprise': 0.003887827740982175}","{'anger': 0.018451472744345665, 'disgust': 0.011554354801774025, 'fear': 0.002653638133779168, 'joy': 0.008094057440757751, 'neutral': 0.9310102462768555, 'sadness': 0.01322206761687994, 'surprise': 0.015014183707535267}","{'anger': 0.03922182694077492, 'disgust': 0.034298136830329895, 'fear': 0.2661096751689911, 'joy': 0.008774088695645332, 'neutral': 0.6273160576820374, 'sadness': 0.02161192148923874, 'surprise': 0.0026682934258133173}",0.28036615455160807,0.15025550459139814,0.29248346583272067
context_62,"{'anger': 0.0011872199829667807, 'disgust': 0.0007994798943400383, 'fear': 0.9916595816612244, 'joy': 0.0006745508871972561, 'neutral': 0.0021400724072009325, 'sadness': 0.0015552239492535591, 'surprise': 0.0019838495645672083}","{'anger': 0.0014392517041414976, 'disgust': 0.0009034497779794037, 'fear': 0.9893744587898254, 'joy': 0.0011455509811639786, 'neutral': 0.0034409130457788706, 'sadness': 0.0019675055518746376, 'surprise': 0.0017288720700889826}","{'anger': 0.006923823617398739, 'disgust': 0.009221421554684639, 'fear': 0.05698655545711517, 'joy': 0.04591795429587364, 'neutral': 0.8641802668571472, 'sadness': 0.013808473013341427, 'surprise': 0.0029616032261401415}","{'anger': 0.020810827612876892, 'disgust': 0.01223442517220974, 'fear': 0.7727927565574646, 'joy': 0.004604717250913382, 'neutral': 0.17631538212299347, 'sadness': 0.009388599544763565, 'surprise': 0.0038532440084964037}",0.9999988557967701,0.0679285512783564,0.9749480762825122
context_63,"{'anger': 0.04225385934114456, 'disgust': 0.005436417181044817, 'fear': 0.01828298345208168, 'joy': 0.0011096082162111998, 'neutral': 0.017009396106004715, 'sadness': 0.9083982110023499, 'surprise': 0.007509542163461447}","{'anger': 0.044726550579071045, 'disgust': 0.023483501747250557, 'fear': 0.05893220007419586, 'joy': 0.012381399050354958, 'neutral': 0.7858213186264038, 'sadness': 0.06716939061880112, 'surprise': 0.007485626731067896}","{'anger': 0.026797061786055565, 'disgust': 0.015412377193570137, 'fear': 0.039462730288505554, 'joy': 0.03321593254804611, 'neutral': 0.8653892278671265, 'sadness': 0.014344449155032635, 'surprise': 0.005378245376050472}","{'anger': 0.6537487506866455, 'disgust': 0.015322346240282059, 'fear': 0.05077455937862396, 'joy': 0.003187040565535426, 'neutral': 0.09655231237411499, 'sadness': 0.17778976261615753, 'surprise': 0.002625133143737912}",0.10753937020132198,0.03770934150568617,0.3071478672417174
context_64,"{'anger': 0.14480413496494293, 'disgust': 0.01692063733935356, 'fear': 0.14853549003601074, 'joy': 0.0022911750711500645, 'neutral': 0.13058602809906006, 'sadness': 0.533980667591095, 'surprise': 0.02288183569908142}","{'anger': 0.009056509472429752, 'disgust': 0.0209236741065979, 'fear': 0.037142153829336166, 'joy': 0.02282087132334709, 'neutral': 0.8483222126960754, 'sadness': 0.05055921524763107, 'surprise': 0.011175299063324928}","{'anger': 0.012893452309072018, 'disgust': 0.000373390648746863, 'fear': 0.897425651550293, 'joy': 0.04595104604959488, 'neutral': 0.0069356136955320835, 'sadness': 0.03407255560159683, 'surprise': 0.0023483303375542164}","{'anger': 0.055363982915878296, 'disgust': 0.01775769703090191, 'fear': 0.14113686978816986, 'joy': 0.01624182239174843, 'neutral': 0.7250360250473022, 'sadness': 0.04192642122507095, 'surprise': 0.002537307096645236}",0.2900767690501165,0.29190318398996173,0.3353776122424632
context_65,"{'anger': 0.020881911739706993, 'disgust': 0.04773462563753128, 'fear': 0.17126411199569702, 'joy': 0.10758782923221588, 'neutral': 0.48258399963378906, 'sadness': 0.014210226014256477, 'surprise': 0.15573729574680328}","{'anger': 0.06433498114347458, 'disgust': 0.045760512351989746, 'fear': 0.023874657228589058, 'joy': 0.0034607681445777416, 'neutral': 0.8511005640029907, 'sadness': 0.005121084861457348, 'surprise': 0.006347531918436289}","{'anger': 0.014180155470967293, 'disgust': 0.011299633421003819, 'fear': 0.005435428116470575, 'joy': 0.755257248878479, 'neutral': 0.20206892490386963, 'sadness': 0.0032059515360742807, 'surprise': 0.00855273474007845}","{'anger': 0.018688922747969627, 'disgust': 0.015516091138124466, 'fear': 0.33254098892211914, 'joy': 0.03954441472887993, 'neutral': 0.5825139284133911, 'sadness': 0.006057394202798605, 'surprise': 0.00513828219845891}",0.894803787780529,0.4239822937979938,0.9334616249180956
context_66,"{'anger': 0.8729242086410522, 'disgust': 0.04675174504518509, 'fear': 0.016185851767659187, 'joy': 0.0010341204470023513, 'neutral': 0.04265056550502777, 'sadness': 0.014226773753762245, 'surprise': 0.0062267654575407505}","{'anger': 0.9047881960868835, 'disgust': 0.019920114427804947, 'fear': 0.00936004426330328, 'joy': 0.0014302550116553903, 'neutral': 0.032576948404312134, 'sadness': 0.022859038785099983, 'surprise': 0.009065570309758186}","{'anger': 0.015280317515134811, 'disgust': 0.02365831285715103, 'fear': 0.029048360884189606, 'joy': 0.011545232497155666, 'neutral': 0.38159051537513733, 'sadness': 0.5202174782752991, 'surprise': 0.01865977793931961}","{'anger': 0.662517786026001, 'disgust': 0.07046952098608017, 'fear': 0.011102291755378246, 'joy': 0.0019553436432033777, 'neutral': 0.08397497981786728, 'sadness': 0.16835002601146698, 'surprise': 0.0016300157876685262}",0.999346054689668,0.06837437538270319,0.9696333375807699
context_67,"{'anger': 0.00232099462300539, 'disgust': 0.0008939355029724538, 'fear': 0.9865999817848206, 'joy': 0.0011249227682128549, 'neutral': 0.0038291807286441326, 'sadness': 0.0042552766390144825, 'surprise': 0.0009756274521350861}","{'anger': 0.01113837119191885, 'disgust': 0.00365296914242208, 'fear': 0.9032619595527649, 'joy': 0.009338383562862873, 'neutral': 0.04226764291524887, 'sadness': 0.02826712839305401, 'surprise': 0.002073645358905196}","{'anger': 0.004111095331609249, 'disgust': 0.015610210597515106, 'fear': 0.020051071420311928, 'joy': 0.0011735234875231981, 'neutral': 0.029116109013557434, 'sadness': 0.9218619465827942, 'surprise': 0.008076084777712822}","{'anger': 0.02119336649775505, 'disgust': 0.028027890250086784, 'fear': 0.26305070519447327, 'joy': 0.2732393443584442, 'neutral': 0.382546603679657, 'sadness': 0.02740202471613884, 'surprise': 0.004540198016911745}",0.9986212115123532,0.02619737724614235,0.49030641296706134
context_68,"{'anger': 0.07237262278795242, 'disgust': 0.23561736941337585, 'fear': 0.14741066098213196, 'joy': 0.00966746173799038, 'neutral': 0.15700607001781464, 'sadness': 0.010201001539826393, 'surprise': 0.36772477626800537}","{'anger': 0.02777491882443428, 'disgust': 0.008338232524693012, 'fear': 0.6750282645225525, 'joy': 0.01337845902889967, 'neutral': 0.24962696433067322, 'sadness': 0.017817270010709763, 'surprise': 0.008035856299102306}","{'anger': 0.14244842529296875, 'disgust': 0.2808167338371277, 'fear': 0.04321978613734245, 'joy': 0.015722153708338737, 'neutral': 0.4709836542606354, 'sadness': 0.04264289140701294, 'surprise': 0.004166226368397474}","{'anger': 0.033295877277851105, 'disgust': 0.012902364134788513, 'fear': 0.03984944522380829, 'joy': 0.043491609394550323, 'neutral': 0.8585111498832703, 'sadness': 0.009240415878593922, 'surprise': 0.0027090900111943483}",0.41117740138364045,0.5660580848545779,0.3480094094944327
context_69,"{'anger': 0.0008326392853632569, 'disgust': 0.0015975958667695522, 'fear': 0.0018046825425699353, 'joy': 0.001925370073877275, 'neutral': 0.009597696363925934, 'sadness': 0.9786270260810852, 'surprise': 0.005615070462226868}","{'anger': 0.010340643115341663, 'disgust': 0.018218686804175377, 'fear': 0.06942670792341232, 'joy': 0.009837518446147442, 'neutral': 0.8381543159484863, 'sadness': 0.04752250388264656, 'surprise': 0.006499642506241798}","{'anger': 0.006479959469288588, 'disgust': 0.010867860168218613, 'fear': 0.005088375881314278, 'joy': 0.006233475171029568, 'neutral': 0.052704568952322006, 'sadness': 0.9174853563308716, 'surprise': 0.0011403831886127591}","{'anger': 0.01458308007568121, 'disgust': 0.02245374396443367, 'fear': 0.022522808983922005, 'joy': 0.020746707916259766, 'neutral': 0.6989813446998596, 'sadness': 0.21816201508045197, 'surprise': 0.00255022244527936}",0.06640705951660153,0.9987690459067753,0.3070041704206081
context_70,"{'anger': 0.0013478267937898636, 'disgust': 0.007159442640841007, 'fear': 0.008877775631844997, 'joy': 0.0013791987439617515, 'neutral': 0.013697017915546894, 'sadness': 0.9643758535385132, 'surprise': 0.0031628382857888937}","{'anger': 0.005387332756072283, 'disgust': 0.00440621841698885, 'fear': 0.87015300989151, 'joy': 0.006766376551240683, 'neutral': 0.04907592386007309, 'sadness': 0.06130111217498779, 'surprise': 0.0029100060928612947}","{'anger': 0.00797474104911089, 'disgust': 0.01293885800987482, 'fear': 0.23860050737857819, 'joy': 0.008948768489062786, 'neutral': 0.08684390783309937, 'sadness': 0.6158889532089233, 'surprise': 0.028804311528801918}","{'anger': 0.004546326119452715, 'disgust': 0.008137785829603672, 'fear': 0.8363114595413208, 'joy': 0.011080784723162651, 'neutral': 0.1259974241256714, 'sadness': 0.010985209606587887, 'surprise': 0.002940890844911337}",0.08017817490828727,0.928625242110753,0.02430663748132189
context_71,"{'anger': 0.4343898892402649, 'disgust': 0.46839720010757446, 'fear': 0.005402922630310059, 'joy': 0.004007907584309578, 'neutral': 0.05885633826255798, 'sadness': 0.007949890568852425, 'surprise': 0.02099587209522724}","{'anger': 0.007321297191083431, 'disgust': 0.0037263757549226284, 'fear': 0.002039507031440735, 'joy': 0.021327074617147446, 'neutral': 0.9532554745674133, 'sadness': 0.0030499498825520277, 'surprise': 0.009280392900109291}","{'anger': 0.010351499542593956, 'disgust': 0.001034074928611517, 'fear': 0.9509313106536865, 'joy': 0.013377904891967773, 'neutral': 0.010983421467244625, 'sadness': 0.0022948323749005795, 'surprise': 0.011026914231479168}","{'anger': 0.010221117176115513, 'disgust': 0.010489030741155148, 'fear': 0.005341215990483761, 'joy': 0.879554271697998, 'neutral': 0.0865279883146286, 'sadness': 0.006302253343164921, 'surprise': 0.0015640687197446823}",0.10021394410472884,0.018126375111374382,0.031865883269640016
context_72,"{'anger': 0.09992022812366486, 'disgust': 0.08623199909925461, 'fear': 0.08045197278261185, 'joy': 0.0022113050799816847, 'neutral': 0.045041218400001526, 'sadness': 0.2204378992319107, 'surprise': 0.46570539474487305}","{'anger': 0.010309308767318726, 'disgust': 0.0036455283407121897, 'fear': 0.018166381865739822, 'joy': 0.006897011771798134, 'neutral': 0.9338347911834717, 'sadness': 0.006023002788424492, 'surprise': 0.021123960614204407}","{'anger': 0.03755814582109451, 'disgust': 0.016033843159675598, 'fear': 0.0773564949631691, 'joy': 0.016471058130264282, 'neutral': 0.8219974637031555, 'sadness': 0.022019367665052414, 'surprise': 0.008563636802136898}","{'anger': 0.019790900871157646, 'disgust': 0.008965203538537025, 'fear': 0.023951556533575058, 'joy': 0.005889030173420906, 'neutral': 0.9282283186912537, 'sadness': 0.007559180725365877, 'surprise': 0.005615802947431803}",0.1111213581394197,0.12824362573443238,0.10127556138806537
context_73,"{'anger': 0.9424718022346497, 'disgust': 0.016920076683163643, 'fear': 0.006098844110965729, 'joy': 0.0008419560035690665, 'neutral': 0.013086628168821335, 'sadness': 0.01608837954699993, 'surprise': 0.004492235369980335}","{'anger': 0.9716899394989014, 'disgust': 0.0051511358469724655, 'fear': 0.0012402150314301252, 'joy': 0.0009006288019008934, 'neutral': 0.006086406297981739, 'sadness': 0.013788757845759392, 'surprise': 0.001142991823144257}","{'anger': 0.021687371656298637, 'disgust': 0.0044745043851435184, 'fear': 0.01411244086921215, 'joy': 0.027651377022266388, 'neutral': 0.8941762447357178, 'sadness': 0.01371250580996275, 'surprise': 0.02418556995689869}","{'anger': 0.7779911756515503, 'disgust': 0.014301505871117115, 'fear': 0.020320244133472443, 'joy': 0.0038536537904292345, 'neutral': 0.17312292754650116, 'sadness': 0.008796768262982368, 'surprise': 0.0016137755010277033}",0.9998669586972282,0.038679038920163444,0.9788543982899465
context_74,"{'anger': 0.9464288949966431, 'disgust': 0.012462017126381397, 'fear': 0.004998671822249889, 'joy': 0.0005440862732939422, 'neutral': 0.02254122495651245, 'sadness': 0.002724333666265011, 'surprise': 0.010300843045115471}","{'anger': 0.06210203096270561, 'disgust': 0.01792292110621929, 'fear': 0.022454537451267242, 'joy': 0.02088204398751259, 'neutral': 0.8534178137779236, 'sadness': 0.020414192229509354, 'surprise': 0.0028065084479749203}","{'anger': 0.29815131425857544, 'disgust': 0.01846715249121189, 'fear': 0.10769372433423996, 'joy': 0.007018600590527058, 'neutral': 0.5316027402877808, 'sadness': 0.030097108334302902, 'surprise': 0.006969370413571596}","{'anger': 0.9792470335960388, 'disgust': 0.0028162989765405655, 'fear': 0.008953345939517021, 'joy': 0.0005275653093121946, 'neutral': 0.006134107708930969, 'sadness': 0.0015438402770087123, 'surprise': 0.0007777519058436155}",0.09670920436960395,0.5026386985073135,0.9997339937591068
context_75,"{'anger': 0.0071068513207137585, 'disgust': 0.009309323504567146, 'fear': 0.8533225655555725, 'joy': 0.001692987629212439, 'neutral': 0.032784294337034225, 'sadness': 0.0874166265130043, 'surprise': 0.008367287926375866}","{'anger': 0.01727338135242462, 'disgust': 0.011800572276115417, 'fear': 0.7220635414123535, 'joy': 0.017484907060861588, 'neutral': 0.19536173343658447, 'sadness': 0.03177406266331673, 'surprise': 0.004241771064698696}","{'anger': 0.016507094725966454, 'disgust': 0.0012478671269491315, 'fear': 0.9403850436210632, 'joy': 0.0023993069771677256, 'neutral': 0.017975011840462685, 'sadness': 0.015242941677570343, 'surprise': 0.006242731586098671}","{'anger': 0.013278950937092304, 'disgust': 0.014326762408018112, 'fear': 0.7016730904579163, 'joy': 0.007855278439819813, 'neutral': 0.23051492869853973, 'sadness': 0.029826266691088676, 'surprise': 0.002524713985621929}",0.9726536449157613,0.9960438343149692,0.959541888314482
context_76,"{'anger': 0.14225807785987854, 'disgust': 0.003420591587200761, 'fear': 0.8398624062538147, 'joy': 0.0016315148677676916, 'neutral': 0.003236331045627594, 'sadness': 0.006792631931602955, 'surprise': 0.0027984825428575277}","{'anger': 0.9701045155525208, 'disgust': 0.006276520900428295, 'fear': 0.0011780065251514316, 'joy': 0.0007347954087890685, 'neutral': 0.01675030030310154, 'sadness': 0.0036246804520487785, 'surprise': 0.0013311976799741387}","{'anger': 0.9296584129333496, 'disgust': 0.002739369636401534, 'fear': 0.023819301277399063, 'joy': 0.0018159252358600497, 'neutral': 0.03546883165836334, 'sadness': 0.004599801730364561, 'surprise': 0.001898405491374433}","{'anger': 0.9753212928771973, 'disgust': 0.005206698551774025, 'fear': 0.0035003675147891045, 'joy': 0.0004943722160533071, 'neutral': 0.011697924695909023, 'sadness': 0.0028783336747437716, 'surprise': 0.0009010603534989059}",0.16828917089191542,0.1922549376905891,0.17061100873643253
context_77,"{'anger': 0.9804641604423523, 'disgust': 0.007804155815392733, 'fear': 0.0022922831121832132, 'joy': 0.0005058539682067931, 'neutral': 0.00384945934638381, 'sadness': 0.00444621779024601, 'surprise': 0.000637974007986486}","{'anger': 0.1058906763792038, 'disgust': 0.014961648732423782, 'fear': 0.0062918043695390224, 'joy': 0.03711985424160957, 'neutral': 0.8255597949028015, 'sadness': 0.005141831003129482, 'surprise': 0.00503436429426074}","{'anger': 0.4049633741378784, 'disgust': 0.04753546416759491, 'fear': 0.04694182053208351, 'joy': 0.0120338574051857, 'neutral': 0.47719520330429077, 'sadness': 0.007670962251722813, 'surprise': 0.003659204812720418}","{'anger': 0.5079795122146606, 'disgust': 0.041937001049518585, 'fear': 0.013809770345687866, 'joy': 0.009307360276579857, 'neutral': 0.35796043276786804, 'sadness': 0.06750369071960449, 'surprise': 0.0015021925792098045}",0.13116589322853667,0.6469975833560099,0.8138221787964641
context_78,"{'anger': 0.979788601398468, 'disgust': 0.002111846348270774, 'fear': 0.010909908451139927, 'joy': 0.0004594018100760877, 'neutral': 0.0027773685287684202, 'sadness': 0.0029849661514163017, 'surprise': 0.0009679655195213854}","{'anger': 0.0017048794543370605, 'disgust': 0.007483870256692171, 'fear': 0.07800879329442978, 'joy': 0.0026574102230370045, 'neutral': 0.011576899327337742, 'sadness': 0.8947066068649292, 'surprise': 0.003861554665490985}","{'anger': 0.23196245729923248, 'disgust': 0.010067024268209934, 'fear': 0.004285931587219238, 'joy': 0.042468711733818054, 'neutral': 0.7014259099960327, 'sadness': 0.004900348838418722, 'surprise': 0.004889665171504021}","{'anger': 0.8494751453399658, 'disgust': 0.014140835031867027, 'fear': 0.013096469454467297, 'joy': 0.0027924079913645983, 'neutral': 0.11311603337526321, 'sadness': 0.00602135993540287, 'surprise': 0.0013578974176198244}",0.005959426274638524,0.31622298823345685,0.9915001277185029
context_79,"{'anger': 0.004073096439242363, 'disgust': 0.0020411391742527485, 'fear': 0.9745162725448608, 'joy': 0.0010921565117314458, 'neutral': 0.009680808521807194, 'sadness': 0.0050298841670155525, 'surprise': 0.0035667421761900187}","{'anger': 0.006831747945398092, 'disgust': 0.0032579083926975727, 'fear': 0.8363344073295593, 'joy': 0.005214928183704615, 'neutral': 0.1287464052438736, 'sadness': 0.010652143508195877, 'surprise': 0.008962538093328476}","{'anger': 0.01744101196527481, 'disgust': 0.008774781599640846, 'fear': 0.022737083956599236, 'joy': 0.003789409762248397, 'neutral': 0.9298352003097534, 'sadness': 0.004851177800446749, 'surprise': 0.012571362778544426}","{'anger': 0.005684385076165199, 'disgust': 0.003369277575984597, 'fear': 0.8834503293037415, 'joy': 0.00792537722736597, 'neutral': 0.08676725625991821, 'sadness': 0.010003701783716679, 'surprise': 0.0027996981516480446}",0.9897490511345491,0.03454127089575043,0.9960809278436072
context_80,"{'anger': 0.14486859738826752, 'disgust': 0.1127174124121666, 'fear': 0.12000391632318497, 'joy': 0.03706444427371025, 'neutral': 0.20579327642917633, 'sadness': 0.21031491458415985, 'surprise': 0.16923750936985016}","{'anger': 0.0011164802126586437, 'disgust': 0.0015479093417525291, 'fear': 0.9776131510734558, 'joy': 0.0014984433073550463, 'neutral': 0.009515494108200073, 'sadness': 0.0028896245639771223, 'surprise': 0.005818829871714115}","{'anger': 0.04014866426587105, 'disgust': 0.05529746413230896, 'fear': 0.008015788160264492, 'joy': 0.1281769871711731, 'neutral': 0.7099688649177551, 'sadness': 0.021660136058926582, 'surprise': 0.03673213720321655}","{'anger': 0.03466479852795601, 'disgust': 0.03661144897341728, 'fear': 0.03044624626636505, 'joy': 0.001693719532340765, 'neutral': 0.05889849737286568, 'sadness': 0.8363054394721985, 'surprise': 0.0013797414721921086}",0.3056209679466688,0.5927741964292244,0.5896329872774595
context_81,"{'anger': 0.003633216256275773, 'disgust': 0.0065633696503937244, 'fear': 0.0037397360429167747, 'joy': 0.0006834609666839242, 'neutral': 0.0069002509117126465, 'sadness': 0.9774017333984375, 'surprise': 0.0010782280005514622}","{'anger': 0.007123640272766352, 'disgust': 0.006045743823051453, 'fear': 0.002888040617108345, 'joy': 0.0024017926771193743, 'neutral': 0.08283121138811111, 'sadness': 0.00808627251535654, 'surprise': 0.8906232714653015}","{'anger': 0.009100876748561859, 'disgust': 0.006392831448465586, 'fear': 0.1493784785270691, 'joy': 0.039910007268190384, 'neutral': 0.4511657953262329, 'sadness': 0.31866583228111267, 'surprise': 0.025386173278093338}","{'anger': 0.0028024031780660152, 'disgust': 0.009791245684027672, 'fear': 0.01655649207532406, 'joy': 0.01125272922217846, 'neutral': 0.14599832892417908, 'sadness': 0.8080533742904663, 'surprise': 0.005545474123209715}",0.010879918633257324,0.5616542851319852,0.9850562559468593
context_82,"{'anger': 0.02957262471318245, 'disgust': 0.001968187978491187, 'fear': 0.5919926166534424, 'joy': 0.006623744964599609, 'neutral': 0.005225163418799639, 'sadness': 0.35786372423171997, 'surprise': 0.006754004396498203}","{'anger': 0.04798233509063721, 'disgust': 0.019024403765797615, 'fear': 0.09278109669685364, 'joy': 0.07610265910625458, 'neutral': 0.6818115711212158, 'sadness': 0.07666034251451492, 'surprise': 0.005637568421661854}","{'anger': 0.01883063279092312, 'disgust': 0.012943975627422333, 'fear': 0.4528179466724396, 'joy': 0.0173795185983181, 'neutral': 0.4497842788696289, 'sadness': 0.0420621819794178, 'surprise': 0.006181506905704737}","{'anger': 0.1480843871831894, 'disgust': 0.029936235398054123, 'fear': 0.2083296924829483, 'joy': 0.006874428130686283, 'neutral': 0.510179340839386, 'sadness': 0.09288940578699112, 'surprise': 0.0037064903881400824}",0.18178212694965956,0.6454993744490702,0.4084295968582238
context_83,"{'anger': 0.3044908046722412, 'disgust': 0.2618652582168579, 'fear': 0.017448144033551216, 'joy': 0.001492715789936483, 'neutral': 0.14436075091362, 'sadness': 0.2542349398136139, 'surprise': 0.016107335686683655}","{'anger': 0.019957559183239937, 'disgust': 0.030260633677244186, 'fear': 0.018658462911844254, 'joy': 0.09785579144954681, 'neutral': 0.8169026374816895, 'sadness': 0.013358925469219685, 'surprise': 0.0030059562996029854}","{'anger': 0.020811183378100395, 'disgust': 0.04214826598763466, 'fear': 0.021532118320465088, 'joy': 0.014223757199943066, 'neutral': 0.8704338073730469, 'sadness': 0.006351453252136707, 'surprise': 0.0244994405657053}","{'anger': 0.1359984278678894, 'disgust': 0.059394389390945435, 'fear': 0.09412862360477448, 'joy': 0.0050386167131364346, 'neutral': 0.6363943815231323, 'sadness': 0.06457269936800003, 'surprise': 0.004472894594073296}",0.331552719195376,0.3351930573337625,0.5060962828671459
context_84,"{'anger': 0.03593480959534645, 'disgust': 0.027092883363366127, 'fear': 0.006604006979614496, 'joy': 0.0021518024150282145, 'neutral': 0.01961418427526951, 'sadness': 0.9020351767539978, 'surprise': 0.006567159201949835}","{'anger': 0.02596624381840229, 'disgust': 0.31923994421958923, 'fear': 0.052876558154821396, 'joy': 0.004639953374862671, 'neutral': 0.4418633282184601, 'sadness': 0.1468256711959839, 'surprise': 0.008588339202105999}","{'anger': 0.030438954010605812, 'disgust': 0.004813931882381439, 'fear': 0.04509955272078514, 'joy': 0.1616646647453308, 'neutral': 0.6799151301383972, 'sadness': 0.04538499563932419, 'surprise': 0.03268279880285263}","{'anger': 0.9700422286987305, 'disgust': 0.004528736229985952, 'fear': 0.0017872289754450321, 'joy': 0.0006454880349338055, 'neutral': 0.011976410634815693, 'sadness': 0.010308274999260902, 'surprise': 0.0007116291671991348}",0.29462941163462386,0.08871141016780293,0.05080775333139553
context_85,"{'anger': 0.05298008397221565, 'disgust': 0.03145456686615944, 'fear': 0.7095836400985718, 'joy': 0.002144956961274147, 'neutral': 0.04718196764588356, 'sadness': 0.13892270624637604, 'surprise': 0.01773207075893879}","{'anger': 0.009476747363805771, 'disgust': 0.0031069903634488583, 'fear': 0.8397983312606812, 'joy': 0.00742607656866312, 'neutral': 0.11350437998771667, 'sadness': 0.008074243552982807, 'surprise': 0.018613146618008614}","{'anger': 0.0014057857915759087, 'disgust': 0.003347527701407671, 'fear': 0.0051564848981797695, 'joy': 0.0033657969906926155, 'neutral': 0.028729286044836044, 'sadness': 0.9535597562789917, 'surprise': 0.004435394424945116}","{'anger': 0.05271906405687332, 'disgust': 0.05979987978935242, 'fear': 0.08910281956195831, 'joy': 0.015501311048865318, 'neutral': 0.6319332122802734, 'sadness': 0.14797697961330414, 'surprise': 0.0029667129274457693}",0.9783370334649225,0.19849255716182768,0.24647795253027782
context_86,"{'anger': 0.008384769782423973, 'disgust': 0.03006375953555107, 'fear': 0.1444098949432373, 'joy': 0.0032470785081386566, 'neutral': 0.12181130796670914, 'sadness': 0.6785303354263306, 'surprise': 0.013552860356867313}","{'anger': 0.005899809300899506, 'disgust': 0.014596374705433846, 'fear': 0.04112729802727699, 'joy': 0.08749078959226608, 'neutral': 0.7708559036254883, 'sadness': 0.06950125843286514, 'surprise': 0.010528544895350933}","{'anger': 0.07225779443979263, 'disgust': 0.6272704601287842, 'fear': 0.09236585348844528, 'joy': 0.0029533025808632374, 'neutral': 0.14945192635059357, 'sadness': 0.05146227031946182, 'surprise': 0.004238446243107319}","{'anger': 0.012107730843126774, 'disgust': 0.040871184319257736, 'fear': 0.07105600088834763, 'joy': 0.011996225453913212, 'neutral': 0.8074011206626892, 'sadness': 0.052619196474552155, 'surprise': 0.003948476165533066}",0.26883684659853246,0.18548646535774438,0.25406942576749547
context_87,"{'anger': 0.003925783559679985, 'disgust': 0.004050546791404486, 'fear': 0.9842851758003235, 'joy': 0.0005489686736837029, 'neutral': 0.0022229531314224005, 'sadness': 0.002374802716076374, 'surprise': 0.002591699594631791}","{'anger': 0.002033946570008993, 'disgust': 0.0005747606628574431, 'fear': 0.987277090549469, 'joy': 0.0015702571254223585, 'neutral': 0.002419213065877557, 'sadness': 0.00386951700784266, 'surprise': 0.0022552888840436935}","{'anger': 0.7972894310951233, 'disgust': 0.011375971138477325, 'fear': 0.023021617904305458, 'joy': 0.004453728441148996, 'neutral': 0.0709734782576561, 'sadness': 0.052836429327726364, 'surprise': 0.04004942625761032}","{'anger': 0.0046067312359809875, 'disgust': 0.010076199658215046, 'fear': 0.7557377219200134, 'joy': 0.007634409237653017, 'neutral': 0.18309549987316132, 'sadness': 0.03380473330616951, 'surprise': 0.00504471268504858}",0.9999901525169808,0.0331548276210647,0.9715116212603231
context_88,"{'anger': 0.03908464312553406, 'disgust': 0.06320873647928238, 'fear': 0.39968565106391907, 'joy': 0.003891104832291603, 'neutral': 0.20831559598445892, 'sadness': 0.2698284089565277, 'surprise': 0.015985878184437752}","{'anger': 0.012700028717517853, 'disgust': 0.0290597602725029, 'fear': 0.19764530658721924, 'joy': 0.027282802388072014, 'neutral': 0.6436399221420288, 'sadness': 0.07859254628419876, 'surprise': 0.011079560033977032}","{'anger': 0.0063354275189340115, 'disgust': 0.011440495029091835, 'fear': 0.028133537620306015, 'joy': 0.043188754469156265, 'neutral': 0.8891316056251526, 'sadness': 0.017995303496718407, 'surprise': 0.003774810815230012}","{'anger': 0.008608156815171242, 'disgust': 0.01682254485785961, 'fear': 0.03420579433441162, 'joy': 0.25557181239128113, 'neutral': 0.662784993648529, 'sadness': 0.018300838768482208, 'surprise': 0.003705889917910099}",0.6570575952924447,0.4282570242332262,0.4212583465984474
context_89,"{'anger': 0.8128644227981567, 'disgust': 0.11873991787433624, 'fear': 0.004848223179578781, 'joy': 0.0007867948734201491, 'neutral': 0.04943818971514702, 'sadness': 0.00977614987641573, 'surprise': 0.0035461988300085068}","{'anger': 0.08053510636091232, 'disgust': 0.04980351775884628, 'fear': 0.02965230867266655, 'joy': 0.10833347588777542, 'neutral': 0.6936591267585754, 'sadness': 0.03562057390809059, 'surprise': 0.0023959027603268623}","{'anger': 0.12382464110851288, 'disgust': 0.003214629366993904, 'fear': 0.8034186959266663, 'joy': 0.004562669433653355, 'neutral': 0.05282224342226982, 'sadness': 0.008493771776556969, 'surprise': 0.0036633769050240517}","{'anger': 0.16033832728862762, 'disgust': 0.04325859621167183, 'fear': 0.009703489020466805, 'joy': 0.014818336814641953, 'neutral': 0.7607728838920593, 'sadness': 0.009168654680252075, 'surprise': 0.0019397290889173746}",0.18184555760922783,0.1605287427458082,0.2702099165629561
context_90,"{'anger': 0.015003549866378307, 'disgust': 0.006873280741274357, 'fear': 0.3864121437072754, 'joy': 0.005187858361750841, 'neutral': 0.04227076843380928, 'sadness': 0.5137604475021362, 'surprise': 0.0304920244961977}","{'anger': 0.0012179631739854813, 'disgust': 0.007068161852657795, 'fear': 0.004121351987123489, 'joy': 0.005547699984163046, 'neutral': 0.042708300054073334, 'sadness': 0.9336450099945068, 'surprise': 0.005691451020538807}","{'anger': 0.005487518385052681, 'disgust': 0.021250339224934578, 'fear': 0.02942710369825363, 'joy': 0.022658249363303185, 'neutral': 0.7903122901916504, 'sadness': 0.12049971520900726, 'surprise': 0.010364768095314503}","{'anger': 0.007882494479417801, 'disgust': 0.002975902985781431, 'fear': 0.8372347354888916, 'joy': 0.002794775879010558, 'neutral': 0.017764674499630928, 'sadness': 0.0035521616227924824, 'surprise': 0.1277952492237091}",0.801472828770029,0.2077995578089884,0.6040019416998224
context_91,"{'anger': 0.02693917788565159, 'disgust': 0.03933098912239075, 'fear': 0.8776242136955261, 'joy': 0.0019282135181128979, 'neutral': 0.03410070389509201, 'sadness': 0.007910102605819702, 'surprise': 0.012166676111519337}","{'anger': 0.03306305781006813, 'disgust': 0.01937032677233219, 'fear': 0.09294319897890091, 'joy': 0.007889773696660995, 'neutral': 0.8312616348266602, 'sadness': 0.005632592830806971, 'surprise': 0.009839387610554695}","{'anger': 0.013952178880572319, 'disgust': 0.006610005162656307, 'fear': 0.8066505193710327, 'joy': 0.0033051869831979275, 'neutral': 0.14720475673675537, 'sadness': 0.012260542251169682, 'surprise': 0.010016825050115585}","{'anger': 0.0220122542232275, 'disgust': 0.011314504779875278, 'fear': 0.6125037670135498, 'joy': 0.007716824300587177, 'neutral': 0.33032381534576416, 'sadness': 0.011980095878243446, 'surprise': 0.004148698411881924}",0.1516889891421298,0.9892160776475842,0.8976702848457286
context_92,"{'anger': 0.9774182438850403, 'disgust': 0.0016716758254915476, 'fear': 0.015223409049212933, 'joy': 0.00048077249084599316, 'neutral': 0.002121602650731802, 'sadness': 0.001864137826487422, 'surprise': 0.0012201640056446195}","{'anger': 0.006606622599065304, 'disgust': 0.009793789125978947, 'fear': 0.11457465589046478, 'joy': 0.0059929294511675835, 'neutral': 0.8167226314544678, 'sadness': 0.03506731986999512, 'surprise': 0.0112419743090868}","{'anger': 0.03883010521531105, 'disgust': 0.0271450225263834, 'fear': 0.18350787460803986, 'joy': 0.022345326840877533, 'neutral': 0.651381254196167, 'sadness': 0.057636648416519165, 'surprise': 0.0191537793725729}","{'anger': 0.5157387852668762, 'disgust': 0.019062375649809837, 'fear': 0.061722464859485626, 'joy': 0.0075830016285181046, 'neutral': 0.3748312294483185, 'sadness': 0.01909654773771763, 'surprise': 0.0019656189251691103}",0.012430515356311345,0.06352105250833762,0.8071684557105844
context_93,"{'anger': 0.9418410658836365, 'disgust': 0.017930693924427032, 'fear': 0.004067511297762394, 'joy': 0.0008170803776010871, 'neutral': 0.02182372286915779, 'sadness': 0.009554214775562286, 'surprise': 0.003965670708566904}","{'anger': 0.015075634233653545, 'disgust': 0.0012359867105260491, 'fear': 0.009445969946682453, 'joy': 0.019516663625836372, 'neutral': 0.018538108095526695, 'sadness': 0.015132473781704903, 'surprise': 0.9210551381111145}","{'anger': 0.9852235317230225, 'disgust': 0.0019871594849973917, 'fear': 0.0010432410053908825, 'joy': 0.0008270411635749042, 'neutral': 0.006006252020597458, 'sadness': 0.002292271237820387, 'surprise': 0.002620385028421879}","{'anger': 0.5743880271911621, 'disgust': 0.02916419692337513, 'fear': 0.012371629476547241, 'joy': 0.004878050647675991, 'neutral': 0.36144232749938965, 'sadness': 0.015737000852823257, 'surprise': 0.0020187427289783955}",0.021272596445293557,0.9996725926196572,0.8582261853007978
context_94,"{'anger': 0.8043215274810791, 'disgust': 0.10174079984426498, 'fear': 0.020990988239645958, 'joy': 0.00130247522611171, 'neutral': 0.025868505239486694, 'sadness': 0.037410128861665726, 'surprise': 0.008365446701645851}","{'anger': 0.01833418197929859, 'disgust': 0.015848880633711815, 'fear': 0.5033209919929504, 'joy': 0.004214999731630087, 'neutral': 0.37832561135292053, 'sadness': 0.015386955812573433, 'surprise': 0.06456837058067322}","{'anger': 0.20110777020454407, 'disgust': 0.002697464544326067, 'fear': 0.22310052812099457, 'joy': 0.04586343839764595, 'neutral': 0.0377710722386837, 'sadness': 0.47997617721557617, 'surprise': 0.009483600966632366}","{'anger': 0.1720554232597351, 'disgust': 0.019251495599746704, 'fear': 0.020391816273331642, 'joy': 0.017067834734916687, 'neutral': 0.7480598092079163, 'sadness': 0.02086854726076126, 'surprise': 0.0023050291929394007}",0.07350317713200416,0.4016624869087855,0.25779165525578973
context_95,"{'anger': 0.002532764570787549, 'disgust': 0.006234930362552404, 'fear': 0.9684305191040039, 'joy': 0.0009908827487379313, 'neutral': 0.004619920626282692, 'sadness': 0.014110279269516468, 'surprise': 0.003080839989706874}","{'anger': 0.018686911091208458, 'disgust': 0.0015019509010016918, 'fear': 0.96059650182724, 'joy': 0.0013237235834822059, 'neutral': 0.003777798730880022, 'sadness': 0.011404629796743393, 'surprise': 0.0027085072360932827}","{'anger': 0.006107758264988661, 'disgust': 0.0017895310884341598, 'fear': 0.8610101342201233, 'joy': 0.001963566057384014, 'neutral': 0.010823529213666916, 'sadness': 0.002836011117324233, 'surprise': 0.11546947807073593}","{'anger': 0.011472376994788647, 'disgust': 0.012019961141049862, 'fear': 0.4424910843372345, 'joy': 0.01195965614169836, 'neutral': 0.3471215069293976, 'sadness': 0.16918857395648956, 'surprise': 0.005746851675212383}",0.999842313941652,0.9914333100359312,0.7600798869592574
context_96,"{'anger': 0.008616054430603981, 'disgust': 0.13652943074703217, 'fear': 0.01612849161028862, 'joy': 0.06106708198785782, 'neutral': 0.7503305077552795, 'sadness': 0.022808440029621124, 'surprise': 0.004519954323768616}","{'anger': 0.004795599263161421, 'disgust': 0.023891298100352287, 'fear': 0.20585952699184418, 'joy': 0.008941988460719585, 'neutral': 0.6100483536720276, 'sadness': 0.1337355673313141, 'surprise': 0.012727716006338596}","{'anger': 0.01718706265091896, 'disgust': 0.0031655451748520136, 'fear': 0.6430334448814392, 'joy': 0.2283516824245453, 'neutral': 0.08888636529445648, 'sadness': 0.004603562410920858, 'surprise': 0.014772402122616768}","{'anger': 0.006619767751544714, 'disgust': 0.03375944867730141, 'fear': 0.0185321606695652, 'joy': 0.06946884840726852, 'neutral': 0.857730507850647, 'sadness': 0.009463507682085037, 'surprise': 0.004425761289894581}",0.928642876300093,0.1740599388916394,0.99001510842793
context_97,"{'anger': 0.010065503418445587, 'disgust': 0.180457204580307, 'fear': 0.07724027335643768, 'joy': 0.004044367466121912, 'neutral': 0.04362115636467934, 'sadness': 0.6799570322036743, 'surprise': 0.004614498000591993}","{'anger': 0.0414268933236599, 'disgust': 0.008843471296131611, 'fear': 0.2861979305744171, 'joy': 0.017123261466622353, 'neutral': 0.5735310316085815, 'sadness': 0.025448966771364212, 'surprise': 0.047428496181964874}","{'anger': 0.04015759378671646, 'disgust': 0.008763843216001987, 'fear': 0.17080464959144592, 'joy': 0.13346584141254425, 'neutral': 0.6181616187095642, 'sadness': 0.02035687491297722, 'surprise': 0.008289518766105175}","{'anger': 0.01706295646727085, 'disgust': 0.06328699737787247, 'fear': 0.01625201106071472, 'joy': 0.06580130010843277, 'neutral': 0.8115666508674622, 'sadness': 0.02271532453596592, 'surprise': 0.003314764704555273}",0.14591854809704463,0.12145279994351643,0.11037306131524571
context_98,"{'anger': 0.0012834963854402304, 'disgust': 0.004773892927914858, 'fear': 0.0013564142864197493, 'joy': 0.0011450673919171095, 'neutral': 0.008564503863453865, 'sadness': 0.9811572432518005, 'surprise': 0.0017193612875416875}","{'anger': 0.04115311801433563, 'disgust': 0.16450417041778564, 'fear': 0.08916109055280685, 'joy': 0.00423233350738883, 'neutral': 0.3466150760650635, 'sadness': 0.32397451996803284, 'surprise': 0.030359676107764244}","{'anger': 0.006787742022424936, 'disgust': 0.019721562042832375, 'fear': 0.05551394447684288, 'joy': 0.005330835469067097, 'neutral': 0.22933298349380493, 'sadness': 0.6718029975891113, 'surprise': 0.011509932577610016}","{'anger': 0.008825226686894894, 'disgust': 0.04338853061199188, 'fear': 0.032038845121860504, 'joy': 0.004590678960084915, 'neutral': 0.15529075264930725, 'sadness': 0.753555178642273, 'surprise': 0.0023108108434826136}",0.6399258890987238,0.9459930307504066,0.9789987161256049
context_99,"{'anger': 0.03899195417761803, 'disgust': 0.03608085960149765, 'fear': 0.005180411506444216, 'joy': 0.0019424784695729613, 'neutral': 0.06626429408788681, 'sadness': 0.7814874053001404, 'surprise': 0.07005251199007034}","{'anger': 0.051370877772569656, 'disgust': 0.10674989223480225, 'fear': 0.06626125425100327, 'joy': 0.0041411202400922775, 'neutral': 0.32567650079727173, 'sadness': 0.4410787522792816, 'surprise': 0.004721666220575571}","{'anger': 0.04093401879072189, 'disgust': 0.014559924602508545, 'fear': 0.10960757732391357, 'joy': 0.01885640248656273, 'neutral': 0.6523585319519043, 'sadness': 0.14325372874736786, 'surprise': 0.020429806783795357}","{'anger': 0.01737370900809765, 'disgust': 0.012179878540337086, 'fear': 0.00586509658023715, 'joy': 0.020909560844302177, 'neutral': 0.9314519762992859, 'sadness': 0.009931787848472595, 'surprise': 0.0022880914621055126}",0.836264083400716,0.2974220708389641,0.09629660859989797
context_100,"{'anger': 0.10050909966230392, 'disgust': 0.06084625422954559, 'fear': 0.20036624372005463, 'joy': 0.005298560485243797, 'neutral': 0.13377946615219116, 'sadness': 0.36757683753967285, 'surprise': 0.13162359595298767}","{'anger': 0.0013469028053805232, 'disgust': 0.0035298874136060476, 'fear': 0.0010870484402403235, 'joy': 0.004808873403817415, 'neutral': 0.022502215579152107, 'sadness': 0.9612846374511719, 'surprise': 0.005440482869744301}","{'anger': 0.04405193775892258, 'disgust': 0.007967391982674599, 'fear': 0.09584452956914902, 'joy': 0.06129835173487663, 'neutral': 0.6686649322509766, 'sadness': 0.05307043343782425, 'surprise': 0.06910248100757599}","{'anger': 0.03187361732125282, 'disgust': 0.061044152826070786, 'fear': 0.04607439041137695, 'joy': 0.003242387669160962, 'neutral': 0.8412529230117798, 'sadness': 0.013996332883834839, 'surprise': 0.0025162675883620977}",0.7853491725716187,0.4390281632405595,0.3351113495660142
context_101,"{'anger': 0.004715672228485346, 'disgust': 0.13688181340694427, 'fear': 0.006330293137580156, 'joy': 0.002372187562286854, 'neutral': 0.05202314630150795, 'sadness': 0.7938032746315002, 'surprise': 0.003873668145388365}","{'anger': 0.028734585270285606, 'disgust': 0.07579167932271957, 'fear': 0.02264752984046936, 'joy': 0.018714336678385735, 'neutral': 0.5455958843231201, 'sadness': 0.30076953768730164, 'surprise': 0.007746460381895304}","{'anger': 0.027951102703809738, 'disgust': 0.04504060000181198, 'fear': 0.01843506097793579, 'joy': 0.029358897358179092, 'neutral': 0.8312450051307678, 'sadness': 0.04546266049146652, 'surprise': 0.002506677294149995}","{'anger': 0.11865775287151337, 'disgust': 0.15968169271945953, 'fear': 0.011666647158563137, 'joy': 0.12416020035743713, 'neutral': 0.5647015571594238, 'sadness': 0.01856665126979351, 'surprise': 0.0025654996279627085}",0.5472417068949511,0.12734335478426917,0.13546962809783136
context_102,"{'anger': 0.018425384536385536, 'disgust': 0.05072437971830368, 'fear': 0.009530785493552685, 'joy': 0.0015179074835032225, 'neutral': 0.020921770483255386, 'sadness': 0.8976009488105774, 'surprise': 0.0012787999585270882}","{'anger': 0.018964149057865143, 'disgust': 0.015657413750886917, 'fear': 0.0023372748401015997, 'joy': 0.006999250967055559, 'neutral': 0.9403098821640015, 'sadness': 0.01218920573592186, 'surprise': 0.0035428116098046303}","{'anger': 0.05034596100449562, 'disgust': 0.016097620129585266, 'fear': 0.01275442261248827, 'joy': 0.018199490383267403, 'neutral': 0.16666577756404877, 'sadness': 0.7015936374664307, 'surprise': 0.03434307500720024}","{'anger': 0.10828980803489685, 'disgust': 0.035068709403276443, 'fear': 0.05632733553647995, 'joy': 0.011579510755836964, 'neutral': 0.7550281882286072, 'sadness': 0.0317222960293293, 'surprise': 0.001984203699976206}",0.03757313227478021,0.9750346908207757,0.07050099650494679
context_103,"{'anger': 0.005749772302806377, 'disgust': 0.0015921767335385084, 'fear': 0.9758038520812988, 'joy': 0.0011621462181210518, 'neutral': 0.008125239983201027, 'sadness': 0.0028642062097787857, 'surprise': 0.004702551290392876}","{'anger': 0.0016011515399441123, 'disgust': 0.001337326830253005, 'fear': 0.9805530905723572, 'joy': 0.0015638192417100072, 'neutral': 0.00452168146148324, 'sadness': 0.0017117594834417105, 'surprise': 0.008711198344826698}","{'anger': 0.007579772267490625, 'disgust': 0.0033640791662037373, 'fear': 0.8156506419181824, 'joy': 0.012167886830866337, 'neutral': 0.1178472638130188, 'sadness': 0.038394492119550705, 'surprise': 0.004995896015316248}","{'anger': 0.058852262794971466, 'disgust': 0.01691269502043724, 'fear': 0.31441977620124817, 'joy': 0.01122993603348732, 'neutral': 0.5823791027069092, 'sadness': 0.011519579216837883, 'surprise': 0.00468675559386611}",0.9999749436792497,0.9898391456023757,0.4808302177648951
context_104,"{'anger': 0.03311096876859665, 'disgust': 0.0825125053524971, 'fear': 0.008730697445571423, 'joy': 0.0023314349818974733, 'neutral': 0.09859763830900192, 'sadness': 0.7450393438339233, 'surprise': 0.029677411541342735}","{'anger': 0.025490188971161842, 'disgust': 0.02435087040066719, 'fear': 0.009031368419528008, 'joy': 0.005854989401996136, 'neutral': 0.9244739413261414, 'sadness': 0.008284386247396469, 'surprise': 0.0025142543017864227}","{'anger': 0.02086031250655651, 'disgust': 0.008070768788456917, 'fear': 0.03772599995136261, 'joy': 0.038060855120420456, 'neutral': 0.8435264229774475, 'sadness': 0.04513653740286827, 'surprise': 0.00661910604685545}","{'anger': 0.053998883813619614, 'disgust': 0.0239630788564682, 'fear': 0.015143300406634808, 'joy': 0.003312000771984458, 'neutral': 0.8753427863121033, 'sadness': 0.024846641346812248, 'surprise': 0.0033933003433048725}",0.14318542813477142,0.1851893868212321,0.1636755976026183
context_105,"{'anger': 0.008438054472208023, 'disgust': 0.01018777210265398, 'fear': 0.3643527626991272, 'joy': 0.0067808013409376144, 'neutral': 0.03808283805847168, 'sadness': 0.569225549697876, 'surprise': 0.0029322656337171793}","{'anger': 0.006180889904499054, 'disgust': 0.006064694840461016, 'fear': 0.7888436317443848, 'joy': 0.004755910951644182, 'neutral': 0.057009004056453705, 'sadness': 0.13226957619190216, 'surprise': 0.00487627973780036}","{'anger': 0.008521495386958122, 'disgust': 0.0022255275398492813, 'fear': 0.3371061682701111, 'joy': 0.0034176278859376907, 'neutral': 0.011429869569838047, 'sadness': 0.003235338721424341, 'surprise': 0.6340639591217041}","{'anger': 0.0012441588332876563, 'disgust': 0.0018879154231399298, 'fear': 0.0019421553006395698, 'joy': 0.0010580852394923568, 'neutral': 0.006002621725201607, 'sadness': 0.9865647554397583, 'surprise': 0.0013004087377339602}",0.6722662337593209,0.26130218481543543,0.8421362426163944
context_106,"{'anger': 0.018010789528489113, 'disgust': 0.005329834297299385, 'fear': 0.8005074262619019, 'joy': 0.0008968925685621798, 'neutral': 0.018291356042027473, 'sadness': 0.022119466215372086, 'surprise': 0.13484422862529755}","{'anger': 0.003768941853195429, 'disgust': 0.002534744795411825, 'fear': 0.002342440187931061, 'joy': 0.023294303566217422, 'neutral': 0.9410170316696167, 'sadness': 0.005428314208984375, 'surprise': 0.02161421626806259}","{'anger': 0.019360249862074852, 'disgust': 0.006808937527239323, 'fear': 0.005096680950373411, 'joy': 0.026883671060204506, 'neutral': 0.44699567556381226, 'sadness': 0.3047124147415161, 'surprise': 0.19014233350753784}","{'anger': 0.01071250345557928, 'disgust': 0.0087362015619874, 'fear': 0.16917799413204193, 'joy': 0.005071037914603949, 'neutral': 0.7762499451637268, 'sadness': 0.012388035655021667, 'surprise': 0.017664354294538498}",0.02904993686438806,0.09651025452315898,0.23615913181592385
context_107,"{'anger': 0.8122758865356445, 'disgust': 0.0469752699136734, 'fear': 0.007523213978856802, 'joy': 0.0025380533188581467, 'neutral': 0.04890693351626396, 'sadness': 0.04695498198270798, 'surprise': 0.03482573479413986}","{'anger': 0.036949023604393005, 'disgust': 0.046910349279642105, 'fear': 0.0032508454751223326, 'joy': 0.010538728907704353, 'neutral': 0.8939046859741211, 'sadness': 0.004436807706952095, 'surprise': 0.0040095713920891285}","{'anger': 0.9594018459320068, 'disgust': 0.0018460021819919348, 'fear': 0.0018998077139258385, 'joy': 0.0009643963421694934, 'neutral': 0.004506551660597324, 'sadness': 0.0260518379509449, 'surprise': 0.005329671315848827}","{'anger': 0.9732416272163391, 'disgust': 0.004891176242381334, 'fear': 0.003012301865965128, 'joy': 0.0009684930555522442, 'neutral': 0.013435794040560722, 'sadness': 0.0030707051046192646, 'surprise': 0.0013799734879285097}",0.10424841644797067,0.9957454038922303,0.9952028429432898
context_108,"{'anger': 0.8715041279792786, 'disgust': 0.0520080104470253, 'fear': 0.006007920950651169, 'joy': 0.002374078845605254, 'neutral': 0.04269394651055336, 'sadness': 0.017872292548418045, 'surprise': 0.0075395237654447556}","{'anger': 0.7595222592353821, 'disgust': 0.051226552575826645, 'fear': 0.0073531740345060825, 'joy': 0.004929214715957642, 'neutral': 0.10929248481988907, 'sadness': 0.06293043494224548, 'surprise': 0.004745812155306339}","{'anger': 0.9658370614051819, 'disgust': 0.005097739864140749, 'fear': 0.003368123434484005, 'joy': 0.0006525753997266293, 'neutral': 0.019162999466061592, 'sadness': 0.0028269237373024225, 'surprise': 0.003054497530683875}","{'anger': 0.00999949686229229, 'disgust': 0.01803499460220337, 'fear': 0.002808993449434638, 'joy': 0.002724258229136467, 'neutral': 0.08248795568943024, 'sadness': 0.8819941282272339, 'surprise': 0.0019501653732731938}",0.9937116261289466,0.9979298930775045,0.03740020851119308
context_109,"{'anger': 0.03853335604071617, 'disgust': 0.015513434074819088, 'fear': 0.004153200425207615, 'joy': 0.005605717189610004, 'neutral': 0.05857500806450844, 'sadness': 0.8386664986610413, 'surprise': 0.038952820003032684}","{'anger': 0.16721390187740326, 'disgust': 0.03275970369577408, 'fear': 0.03647506982088089, 'joy': 0.010334496386349201, 'neutral': 0.735358476638794, 'sadness': 0.012346676550805569, 'surprise': 0.005511613097041845}","{'anger': 0.012168961577117443, 'disgust': 0.013698440045118332, 'fear': 0.014481743797659874, 'joy': 0.0023323630448430777, 'neutral': 0.9410289525985718, 'sadness': 0.006826383527368307, 'surprise': 0.0094632338732481}","{'anger': 0.029691452160477638, 'disgust': 0.015385490842163563, 'fear': 0.004872440826147795, 'joy': 0.007846244610846043, 'neutral': 0.9327199459075928, 'sadness': 0.008192610926926136, 'surprise': 0.0012918110005557537}",0.09545640067268679,0.07811760429131331,0.08010004711210228
context_110,"{'anger': 0.18378297984600067, 'disgust': 0.2828981876373291, 'fear': 0.017797071486711502, 'joy': 0.0061160665936768055, 'neutral': 0.32845526933670044, 'sadness': 0.1679563671350479, 'surprise': 0.012994002550840378}","{'anger': 0.010157603770494461, 'disgust': 0.0038335933350026608, 'fear': 0.915706217288971, 'joy': 0.004972600843757391, 'neutral': 0.01878061518073082, 'sadness': 0.041957173496484756, 'surprise': 0.004592093173414469}","{'anger': 0.035070326179265976, 'disgust': 0.056271009147167206, 'fear': 0.00559901213273406, 'joy': 0.0020879963412880898, 'neutral': 0.8580597043037415, 'sadness': 0.014860955998301506, 'surprise': 0.028050994500517845}","{'anger': 0.04882658272981644, 'disgust': 0.03960688039660454, 'fear': 0.006351258140057325, 'joy': 0.045656491070985794, 'neutral': 0.8069620132446289, 'sadness': 0.04958092421293259, 'surprise': 0.0030158506706357002}",0.07094478406565119,0.7127347914750345,0.7232838309886996
context_111,"{'anger': 0.3004351258277893, 'disgust': 0.08883652091026306, 'fear': 0.05146682634949684, 'joy': 0.004940669983625412, 'neutral': 0.11854065954685211, 'sadness': 0.2736504375934601, 'surprise': 0.162129744887352}","{'anger': 0.0027068322524428368, 'disgust': 0.008909082040190697, 'fear': 0.005767899099737406, 'joy': 0.0029588351026177406, 'neutral': 0.040045205503702164, 'sadness': 0.8043726086616516, 'surprise': 0.13523954153060913}","{'anger': 0.30783796310424805, 'disgust': 0.021298961713910103, 'fear': 0.0021530655212700367, 'joy': 0.09359999001026154, 'neutral': 0.42747727036476135, 'sadness': 0.0329330749809742, 'surprise': 0.11469970643520355}","{'anger': 0.07389303296804428, 'disgust': 0.07044526934623718, 'fear': 0.0036959995049983263, 'joy': 0.0024438712280243635, 'neutral': 0.05965043604373932, 'sadness': 0.7883506417274475, 'surprise': 0.001520798890851438}",0.6551425714898428,0.6793575207020695,0.6793095124203029
context_112,"{'anger': 0.02021455578505993, 'disgust': 0.010154880583286285, 'fear': 0.9273689985275269, 'joy': 0.0017833641031756997, 'neutral': 0.02710828371345997, 'sadness': 0.010504292324185371, 'surprise': 0.0028655286878347397}","{'anger': 0.08239951729774475, 'disgust': 0.04078638181090355, 'fear': 0.27302655577659607, 'joy': 0.01670081540942192, 'neutral': 0.5057343244552612, 'sadness': 0.072380930185318, 'surprise': 0.008971470408141613}","{'anger': 0.009143252857029438, 'disgust': 0.005752263590693474, 'fear': 0.00393594428896904, 'joy': 0.1767885535955429, 'neutral': 0.7923012971878052, 'sadness': 0.005316109396517277, 'surprise': 0.006762630771845579}","{'anger': 0.01701289229094982, 'disgust': 0.007451924961060286, 'fear': 0.5727053284645081, 'joy': 0.0038292903918772936, 'neutral': 0.04925454780459404, 'sadness': 0.0037931962870061398, 'surprise': 0.3459528386592865}",0.49538051713189957,0.034187570440844306,0.8570940463733184
context_113,"{'anger': 0.012575006112456322, 'disgust': 0.01104950811713934, 'fear': 0.7918038964271545, 'joy': 0.004864761605858803, 'neutral': 0.13049939274787903, 'sadness': 0.039249978959560394, 'surprise': 0.009957392700016499}","{'anger': 0.0038747380021959543, 'disgust': 0.005903967656195164, 'fear': 0.0031433249823749065, 'joy': 0.13258996605873108, 'neutral': 0.8293350338935852, 'sadness': 0.004066763911396265, 'surprise': 0.0210861898958683}","{'anger': 0.015277431346476078, 'disgust': 0.005463459063321352, 'fear': 0.035931795835494995, 'joy': 0.013075551018118858, 'neutral': 0.92011559009552, 'sadness': 0.006322263274341822, 'surprise': 0.003814011113718152}","{'anger': 0.008343061432242393, 'disgust': 0.02428915537893772, 'fear': 0.45938119292259216, 'joy': 0.008050446398556232, 'neutral': 0.4773777723312378, 'sadness': 0.017520451918244362, 'surprise': 0.0050378963351249695}",0.16563597052895818,0.20145037944292254,0.8013306581660975
context_114,"{'anger': 0.001544119557365775, 'disgust': 0.003485707798972726, 'fear': 0.0049999854527413845, 'joy': 0.001015409710817039, 'neutral': 0.009371278807520866, 'sadness': 0.9759891033172607, 'surprise': 0.0035944562405347824}","{'anger': 0.004396302159875631, 'disgust': 0.0023746551014482975, 'fear': 0.03340259566903114, 'joy': 0.007313545327633619, 'neutral': 0.03733079135417938, 'sadness': 0.9084884524345398, 'surprise': 0.006693629082292318}","{'anger': 0.0036502645816653967, 'disgust': 0.01117169950157404, 'fear': 0.33288630843162537, 'joy': 0.0041791838593780994, 'neutral': 0.08206769824028015, 'sadness': 0.5590814352035522, 'surprise': 0.0069634136743843555}","{'anger': 0.00399252912029624, 'disgust': 0.011218723841011524, 'fear': 0.5557976365089417, 'joy': 0.01382938027381897, 'neutral': 0.14398573338985443, 'sadness': 0.2671603560447693, 'surprise': 0.004015564452856779}",0.99896928638796,0.8561224113821275,0.4284619000688308
context_115,"{'anger': 0.03413265198469162, 'disgust': 0.166568785905838, 'fear': 0.2293560653924942, 'joy': 0.002731377026066184, 'neutral': 0.05431392788887024, 'sadness': 0.4713808000087738, 'surprise': 0.04151643440127373}","{'anger': 0.03153026103973389, 'disgust': 0.016214871779084206, 'fear': 0.005169788375496864, 'joy': 0.010517613030970097, 'neutral': 0.9153878688812256, 'sadness': 0.013697818852961063, 'surprise': 0.007481733802706003}","{'anger': 0.09526314586400986, 'disgust': 0.011919633485376835, 'fear': 0.12816151976585388, 'joy': 0.02066904492676258, 'neutral': 0.26643022894859314, 'sadness': 0.22021616995334625, 'surprise': 0.2573402225971222}","{'anger': 0.959557831287384, 'disgust': 0.012002642266452312, 'fear': 0.0036122496239840984, 'joy': 0.0006356609519571066, 'neutral': 0.012278017587959766, 'sadness': 0.011471529491245747, 'surprise': 0.00044210872147232294}",0.12081813574393241,0.6403565341890476,0.07818813043067907
context_116,"{'anger': 0.002309414092451334, 'disgust': 0.0009367062011733651, 'fear': 0.9890373349189758, 'joy': 0.0012209316482767463, 'neutral': 0.003396485699340701, 'sadness': 0.002368814777582884, 'surprise': 0.0007304556202143431}","{'anger': 0.013402855955064297, 'disgust': 0.007910925894975662, 'fear': 0.9261408448219299, 'joy': 0.0034830316435545683, 'neutral': 0.0299521517008543, 'sadness': 0.009372522123157978, 'surprise': 0.009737654589116573}","{'anger': 0.00411277124658227, 'disgust': 0.0014294121647253633, 'fear': 0.9475229382514954, 'joy': 0.012562081217765808, 'neutral': 0.027435503900051117, 'sadness': 0.0038221292197704315, 'surprise': 0.0031151045113801956}","{'anger': 0.002492316532880068, 'disgust': 0.0011164802126586437, 'fear': 0.967779278755188, 'joy': 0.003925874829292297, 'neutral': 0.020319588482379913, 'sadness': 0.003178766928613186, 'surprise': 0.0011877211509272456}",0.9993996684697479,0.9995956566463119,0.9998413067054679
context_117,"{'anger': 0.006049484945833683, 'disgust': 0.005844522267580032, 'fear': 0.9371252059936523, 'joy': 0.002738654613494873, 'neutral': 0.03797288239002228, 'sadness': 0.006510126404464245, 'surprise': 0.0037591776344925165}","{'anger': 0.004103240091353655, 'disgust': 0.007588436361402273, 'fear': 0.9115603566169739, 'joy': 0.007321513723582029, 'neutral': 0.02960796467959881, 'sadness': 0.0380103699862957, 'surprise': 0.00180821365211159}","{'anger': 0.002451337408274412, 'disgust': 0.03345174342393875, 'fear': 0.010621790774166584, 'joy': 0.016729209572076797, 'neutral': 0.13935363292694092, 'sadness': 0.7810405492782593, 'surprise': 0.016351735219359398}","{'anger': 0.0017594612436369061, 'disgust': 0.0012508155778050423, 'fear': 0.9813080430030823, 'joy': 0.0030519533902406693, 'neutral': 0.008824767544865608, 'sadness': 0.0020492502953857183, 'surprise': 0.001755648059770465}",0.9993463746489193,0.027707375759824848,0.9994663948551328
context_118,"{'anger': 0.003650231286883354, 'disgust': 0.002281342865899205, 'fear': 0.9796762466430664, 'joy': 0.0007660613628104329, 'neutral': 0.007053718436509371, 'sadness': 0.0031903889030218124, 'surprise': 0.0033819819800555706}","{'anger': 0.011116547510027885, 'disgust': 0.0029692251700907946, 'fear': 0.7170627117156982, 'joy': 0.010806321166455746, 'neutral': 0.14086005091667175, 'sadness': 0.10480182617902756, 'surprise': 0.012383418157696724}","{'anger': 0.005994962528347969, 'disgust': 0.0018664974486455321, 'fear': 0.7383717894554138, 'joy': 0.0024582857731729746, 'neutral': 0.0059550972655415535, 'sadness': 0.002751861698925495, 'surprise': 0.24260149896144867}","{'anger': 0.012769478373229504, 'disgust': 0.01332159899175167, 'fear': 0.13092178106307983, 'joy': 0.014622656628489494, 'neutral': 0.8075202107429504, 'sadness': 0.017784612253308296, 'surprise': 0.0030597413424402475}",0.9728746717265456,0.9511007478639787,0.1672216915597038
context_119,"{'anger': 0.0022391879465430975, 'disgust': 0.0010864705545827746, 'fear': 0.9859637022018433, 'joy': 0.0008079505059868097, 'neutral': 0.0044373380951583385, 'sadness': 0.004303593188524246, 'surprise': 0.0011617799755185843}","{'anger': 0.007454909849911928, 'disgust': 0.010135910473763943, 'fear': 0.027938194572925568, 'joy': 0.07393062114715576, 'neutral': 0.8696886301040649, 'sadness': 0.005814224947243929, 'surprise': 0.005037481896579266}","{'anger': 0.0017115861410275102, 'disgust': 0.0005295829032547772, 'fear': 0.9865259528160095, 'joy': 0.0026652561500668526, 'neutral': 0.005235471297055483, 'sadness': 0.002278895117342472, 'surprise': 0.0010532368905842304}","{'anger': 0.01707458309829235, 'disgust': 0.013296316377818584, 'fear': 0.3164138197898865, 'joy': 0.02071056142449379, 'neutral': 0.6159387826919556, 'sadness': 0.012211729772388935, 'surprise': 0.004354317672550678}",0.036605889270555636,0.9999954829720159,0.4606097023014648
context_120,"{'anger': 0.2734970450401306, 'disgust': 0.21979422867298126, 'fear': 0.006945804692804813, 'joy': 0.0034522193018347025, 'neutral': 0.4538727104663849, 'sadness': 0.03439291566610336, 'surprise': 0.00804507452994585}","{'anger': 0.16131070256233215, 'disgust': 0.12968063354492188, 'fear': 0.04078926518559456, 'joy': 0.006488716695457697, 'neutral': 0.6419365406036377, 'sadness': 0.015303782187402248, 'surprise': 0.004490286577492952}","{'anger': 0.014234556816518307, 'disgust': 0.012001385912299156, 'fear': 0.12124204635620117, 'joy': 0.00541924312710762, 'neutral': 0.7715429067611694, 'sadness': 0.05977994203567505, 'surprise': 0.015779925510287285}","{'anger': 0.10717075318098068, 'disgust': 0.05981788784265518, 'fear': 0.4853704571723938, 'joy': 0.0024545493070036173, 'neutral': 0.20671062171459198, 'sadness': 0.13610413670539856, 'surprise': 0.002371622482314706}",0.9390243163038089,0.7986021967299389,0.449669834076435
context_121,"{'anger': 0.054438844323158264, 'disgust': 0.034013547003269196, 'fear': 0.07647629082202911, 'joy': 0.008730592206120491, 'neutral': 0.14770355820655823, 'sadness': 0.03817755728960037, 'surprise': 0.6404595971107483}","{'anger': 0.018651431426405907, 'disgust': 0.013848893344402313, 'fear': 0.007785589899867773, 'joy': 0.07578086853027344, 'neutral': 0.871974766254425, 'sadness': 0.0035455713514238596, 'surprise': 0.008413021452724934}","{'anger': 0.0012982895132154226, 'disgust': 0.005263313185423613, 'fear': 0.0029023687820881605, 'joy': 0.0013490215642377734, 'neutral': 0.010261713527143002, 'sadness': 0.9750060439109802, 'surprise': 0.003919281996786594}","{'anger': 0.00827869027853012, 'disgust': 0.026672879233956337, 'fear': 0.005636745598167181, 'joy': 0.02694198302924633, 'neutral': 0.3071260154247284, 'sadness': 0.620140552520752, 'surprise': 0.005203097127377987}",0.23503420105655837,0.06426598691193863,0.1611632029321326
context_122,"{'anger': 0.13073429465293884, 'disgust': 0.328880250453949, 'fear': 0.05932727828621864, 'joy': 0.0019948165863752365, 'neutral': 0.07705200463533401, 'sadness': 0.3961828649044037, 'surprise': 0.005828517023473978}","{'anger': 0.00285608833655715, 'disgust': 0.018435059115290642, 'fear': 0.006334321107715368, 'joy': 0.04319973662495613, 'neutral': 0.305202841758728, 'sadness': 0.6148077249526978, 'surprise': 0.009164225310087204}","{'anger': 0.014456776902079582, 'disgust': 0.002669228008016944, 'fear': 0.401906818151474, 'joy': 0.10777633637189865, 'neutral': 0.35514187812805176, 'sadness': 0.04325791448354721, 'surprise': 0.07479110360145569}","{'anger': 0.05512327700853348, 'disgust': 0.05523764714598656, 'fear': 0.24921970069408417, 'joy': 0.010267927311360836, 'neutral': 0.4976130723953247, 'sadness': 0.1287597268819809, 'surprise': 0.003778725629672408}",0.7373898463942659,0.2398303207699357,0.4159811373802065
context_123,"{'anger': 0.04600462317466736, 'disgust': 0.17707513272762299, 'fear': 0.05137764289975166, 'joy': 0.0028960665222257376, 'neutral': 0.3162509799003601, 'sadness': 0.38258203864097595, 'surprise': 0.02381349913775921}","{'anger': 0.029420102015137672, 'disgust': 0.020701242610812187, 'fear': 0.024827565997838974, 'joy': 0.0036468536127358675, 'neutral': 0.8570650219917297, 'sadness': 0.05240730941295624, 'surprise': 0.01193179190158844}","{'anger': 0.006778842303901911, 'disgust': 0.0009299052762798965, 'fear': 0.002253857906907797, 'joy': 0.013197929598391056, 'neutral': 0.1286475509405136, 'sadness': 0.0031300303526222706, 'surprise': 0.8450618386268616}","{'anger': 0.03361448273062706, 'disgust': 0.0214197039604187, 'fear': 0.04472324252128601, 'joy': 0.006996535696089268, 'neutral': 0.8785930871963501, 'sadness': 0.008183169178664684, 'surprise': 0.006469756364822388}",0.6506998335476079,0.13770463694063773,0.6163217975609824
context_124,"{'anger': 0.039658691734075546, 'disgust': 0.6457801461219788, 'fear': 0.09529884159564972, 'joy': 0.0028459096793085337, 'neutral': 0.0772763267159462, 'sadness': 0.09774161875247955, 'surprise': 0.04139844700694084}","{'anger': 0.04492030292749405, 'disgust': 0.08569509536027908, 'fear': 0.005023600067943335, 'joy': 0.3330307602882385, 'neutral': 0.5056709051132202, 'sadness': 0.02211160399019718, 'surprise': 0.0035477064084261656}","{'anger': 0.004716548603028059, 'disgust': 0.022575771436095238, 'fear': 0.7275835275650024, 'joy': 0.003553168848156929, 'neutral': 0.051935501396656036, 'sadness': 0.00939690787345171, 'surprise': 0.1802385300397873}","{'anger': 0.014348453842103481, 'disgust': 0.040118541568517685, 'fear': 0.2905026972293854, 'joy': 0.006917634978890419, 'neutral': 0.6079098582267761, 'sadness': 0.03619885444641113, 'surprise': 0.00400387030094862}",0.24416135988520238,0.1924485143591258,0.23251330673037252
context_125,"{'anger': 0.7885234951972961, 'disgust': 0.08852727711200714, 'fear': 0.013940085656940937, 'joy': 0.001508210669271648, 'neutral': 0.06419222056865692, 'sadness': 0.02993212267756462, 'surprise': 0.013376542367041111}","{'anger': 0.9812589287757874, 'disgust': 0.005307643674314022, 'fear': 0.0042546410113573074, 'joy': 0.0007008541724644601, 'neutral': 0.004611460026353598, 'sadness': 0.002584608271718025, 'surprise': 0.0012819318799301982}","{'anger': 0.7394852042198181, 'disgust': 0.014687640592455864, 'fear': 0.1310657262802124, 'joy': 0.0028127285186201334, 'neutral': 0.09988764673471451, 'sadness': 0.009614710696041584, 'surprise': 0.0024463164154440165}","{'anger': 0.7860027551651001, 'disgust': 0.08389435708522797, 'fear': 0.008215024136006832, 'joy': 0.0012142499908804893, 'neutral': 0.038824331015348434, 'sadness': 0.08075739443302155, 'surprise': 0.00109186302870512}",0.9906667433994684,0.9819007265409002,0.9972895623942187
context_126,"{'anger': 0.08877109736204147, 'disgust': 0.04240674152970314, 'fear': 0.02385375276207924, 'joy': 0.004287184681743383, 'neutral': 0.1256326586008072, 'sadness': 0.7044288516044617, 'surprise': 0.010619737207889557}","{'anger': 0.8883430361747742, 'disgust': 0.01759400963783264, 'fear': 0.004965031053870916, 'joy': 0.0017677451251074672, 'neutral': 0.08077140152454376, 'sadness': 0.004126547835767269, 'surprise': 0.0024321984965354204}","{'anger': 0.0015356193762272596, 'disgust': 0.003058006288483739, 'fear': 0.0018331676255911589, 'joy': 0.014851491898298264, 'neutral': 0.03645548224449158, 'sadness': 0.9338698387145996, 'surprise': 0.008396451361477375}","{'anger': 0.14488458633422852, 'disgust': 0.02372008003294468, 'fear': 0.014741580933332443, 'joy': 0.06898650527000427, 'neutral': 0.7147981524467468, 'sadness': 0.030325477942824364, 'surprise': 0.00254359794780612}",0.143926518780493,0.9811884374726827,0.23703473693014354
context_127,"{'anger': 0.021107155829668045, 'disgust': 0.23961041867733002, 'fear': 0.007775716483592987, 'joy': 0.006333588156849146, 'neutral': 0.6208107471466064, 'sadness': 0.07783018797636032, 'surprise': 0.02653215266764164}","{'anger': 0.8939768671989441, 'disgust': 0.01613808050751686, 'fear': 0.008578920736908913, 'joy': 0.0010296632535755634, 'neutral': 0.06456023454666138, 'sadness': 0.011288344860076904, 'surprise': 0.004427874926477671}","{'anger': 0.013769588433206081, 'disgust': 0.005113066639751196, 'fear': 0.06874889135360718, 'joy': 0.08450610190629959, 'neutral': 0.6295687556266785, 'sadness': 0.144243061542511, 'surprise': 0.054050516337156296}","{'anger': 0.01637355424463749, 'disgust': 0.06355041265487671, 'fear': 0.021197885274887085, 'joy': 0.03447101265192032, 'neutral': 0.8518306016921997, 'sadness': 0.010197089985013008, 'surprise': 0.0023794688750058413}",0.10620532757847401,0.9207205203501295,0.9507802302104665
context_128,"{'anger': 0.08316949754953384, 'disgust': 0.007029746193438768, 'fear': 0.8526496887207031, 'joy': 0.004862635862082243, 'neutral': 0.017733752727508545, 'sadness': 0.014511045068502426, 'surprise': 0.02004353702068329}","{'anger': 0.004107824992388487, 'disgust': 0.009584937244653702, 'fear': 0.008315200917422771, 'joy': 0.057751063257455826, 'neutral': 0.9016597867012024, 'sadness': 0.012307431548833847, 'surprise': 0.0062737371772527695}","{'anger': 0.03169690817594528, 'disgust': 0.029086308553814888, 'fear': 0.4173068404197693, 'joy': 0.0037118319887667894, 'neutral': 0.4725322425365448, 'sadness': 0.03542684018611908, 'surprise': 0.01023889984935522}","{'anger': 0.017156759276986122, 'disgust': 0.035298846662044525, 'fear': 0.08668754994869232, 'joy': 0.07116322219371796, 'neutral': 0.7715941667556763, 'sadness': 0.016263414174318314, 'surprise': 0.001836142037063837}",0.031073854654035338,0.6777554426892151,0.1342829798821329
context_129,"{'anger': 0.9550139904022217, 'disgust': 0.018557993695139885, 'fear': 0.0023039684165269136, 'joy': 0.0004092263989150524, 'neutral': 0.01309217233210802, 'sadness': 0.008560224436223507, 'surprise': 0.0020624336320906878}","{'anger': 0.022191133350133896, 'disgust': 0.01320792455226183, 'fear': 0.13062143325805664, 'joy': 0.4604613184928894, 'neutral': 0.3217417895793915, 'sadness': 0.029568618163466454, 'surprise': 0.022207781672477722}","{'anger': 0.030944667756557465, 'disgust': 0.0008595744147896767, 'fear': 0.9484065771102905, 'joy': 0.0021698344498872757, 'neutral': 0.002923410153016448, 'sadness': 0.010913755744695663, 'surprise': 0.0037821149453520775}","{'anger': 0.06284908205270767, 'disgust': 0.0418073907494545, 'fear': 0.06078515201807022, 'joy': 0.006436619441956282, 'neutral': 0.7124417424201965, 'sadness': 0.1120966374874115, 'surprise': 0.0035833828151226044}",0.04784067298004313,0.035180010006903184,0.10246391766675367
context_130,"{'anger': 0.006799465045332909, 'disgust': 0.0015399300027638674, 'fear': 0.959079921245575, 'joy': 0.0018570716492831707, 'neutral': 0.0053431023843586445, 'sadness': 0.021754229441285133, 'surprise': 0.003626087214797735}","{'anger': 0.7990630865097046, 'disgust': 0.02810811437666416, 'fear': 0.017884984612464905, 'joy': 0.001577788032591343, 'neutral': 0.14266754686832428, 'sadness': 0.008747351355850697, 'surprise': 0.001950989244505763}","{'anger': 0.003305959515273571, 'disgust': 0.0022368074860423803, 'fear': 0.00789522472769022, 'joy': 0.8668840527534485, 'neutral': 0.08242005109786987, 'sadness': 0.027811450883746147, 'surprise': 0.009446518495678902}","{'anger': 0.007973677478730679, 'disgust': 0.019263288006186485, 'fear': 0.0727185383439064, 'joy': 0.011170736514031887, 'neutral': 0.47307512164115906, 'sadness': 0.4071408808231354, 'surprise': 0.00865776464343071}",0.03026856728589522,0.01230667244639827,0.13469205939185547
context_131,"{'anger': 0.10504838824272156, 'disgust': 0.04675661399960518, 'fear': 0.0692858174443245, 'joy': 0.002762257121503353, 'neutral': 0.04698055237531662, 'sadness': 0.7217301726341248, 'surprise': 0.0074361530132591724}","{'anger': 0.0698697492480278, 'disgust': 0.02248196490108967, 'fear': 0.15634585916996002, 'joy': 0.1184578612446785, 'neutral': 0.5697674751281738, 'sadness': 0.05677889287471771, 'surprise': 0.0062981885857880116}","{'anger': 0.02118976041674614, 'disgust': 0.0043612392619252205, 'fear': 0.07514972984790802, 'joy': 0.5208944082260132, 'neutral': 0.35277971625328064, 'sadness': 0.005554805509746075, 'surprise': 0.020070288330316544}","{'anger': 0.09165893495082855, 'disgust': 0.1156420037150383, 'fear': 0.017963577061891556, 'joy': 0.023584578186273575, 'neutral': 0.7189775109291077, 'sadness': 0.029961124062538147, 'surprise': 0.0022121998481452465}",0.19472857432859758,0.06387938376479374,0.1326904272807481
context_132,"{'anger': 0.0040375832468271255, 'disgust': 0.01019008457660675, 'fear': 0.006569216027855873, 'joy': 0.0013201907277107239, 'neutral': 0.020034966990351677, 'sadness': 0.9502484202384949, 'surprise': 0.0075994753278791904}","{'anger': 0.0714464858174324, 'disgust': 0.07967973500490189, 'fear': 0.005361141636967659, 'joy': 0.0024721117224544287, 'neutral': 0.8151480555534363, 'sadness': 0.022416075691580772, 'surprise': 0.0034763761796057224}","{'anger': 0.0057541485875844955, 'disgust': 0.003994833678007126, 'fear': 0.0029789165128022432, 'joy': 0.019927291199564934, 'neutral': 0.10000408440828323, 'sadness': 0.85745769739151, 'surprise': 0.009883041493594646}","{'anger': 0.07013590633869171, 'disgust': 0.03381837159395218, 'fear': 0.01650392822921276, 'joy': 0.054633431136608124, 'neutral': 0.7950741648674011, 'sadness': 0.027479810640215874, 'surprise': 0.0023543396964669228}",0.04962423809404559,0.9952223132793502,0.05627357643986319
context_133,"{'anger': 0.7897965908050537, 'disgust': 0.015671642497181892, 'fear': 0.00756300613284111, 'joy': 0.0008047933806665242, 'neutral': 0.01790579780936241, 'sadness': 0.16411401331424713, 'surprise': 0.004144181963056326}","{'anger': 0.00859872531145811, 'disgust': 0.0036561135202646255, 'fear': 0.9190110564231873, 'joy': 0.0039385538548231125, 'neutral': 0.037860576063394547, 'sadness': 0.02376031130552292, 'surprise': 0.003174634650349617}","{'anger': 0.007274273782968521, 'disgust': 0.015676414594054222, 'fear': 0.10341460257768631, 'joy': 0.01632021740078926, 'neutral': 0.388805627822876, 'sadness': 0.4536580741405487, 'surprise': 0.014850813895463943}","{'anger': 0.310990571975708, 'disgust': 0.03425668179988861, 'fear': 0.01697368733584881, 'joy': 0.013582429848611355, 'neutral': 0.5508381128311157, 'sadness': 0.07122775167226791, 'surprise': 0.0021307358983904123}",0.024767026262016434,0.1801643771122463,0.5203207610190782
context_134,"{'anger': 0.8166383504867554, 'disgust': 0.05075981095433235, 'fear': 0.05529508739709854, 'joy': 0.0014958444517105818, 'neutral': 0.0321304053068161, 'sadness': 0.032658424228429794, 'surprise': 0.01102216262370348}","{'anger': 0.49318456649780273, 'disgust': 0.023327618837356567, 'fear': 0.00688145263120532, 'joy': 0.004231751896440983, 'neutral': 0.39607495069503784, 'sadness': 0.05771007016301155, 'surprise': 0.018589617684483528}","{'anger': 0.021909456700086594, 'disgust': 0.12369509041309357, 'fear': 0.1649748682975769, 'joy': 0.009077301248908043, 'neutral': 0.6548737287521362, 'sadness': 0.021568769589066505, 'surprise': 0.003900795942172408}","{'anger': 0.06502974778413773, 'disgust': 0.041945286095142365, 'fear': 0.01748071052134037, 'joy': 0.01643643155694008, 'neutral': 0.8437063694000244, 'sadness': 0.013903794810175896, 'surprise': 0.0014976703096181154}",0.8023889031474288,0.09758406911085815,0.1203524445189067
context_135,"{'anger': 0.4545358419418335, 'disgust': 0.27348756790161133, 'fear': 0.006645663175731897, 'joy': 0.0012873576488345861, 'neutral': 0.217583566904068, 'sadness': 0.031605035066604614, 'surprise': 0.014854944311082363}","{'anger': 0.027622323483228683, 'disgust': 0.027661655098199844, 'fear': 0.0032129609026014805, 'joy': 0.02520669624209404, 'neutral': 0.896162211894989, 'sadness': 0.003472801996394992, 'surprise': 0.01666134223341942}","{'anger': 0.008769163861870766, 'disgust': 0.027544155716896057, 'fear': 0.19593699276447296, 'joy': 0.02903691679239273, 'neutral': 0.2680647075176239, 'sadness': 0.4559843838214874, 'surprise': 0.01466371864080429}","{'anger': 0.024207638576626778, 'disgust': 0.04133303090929985, 'fear': 0.012725663371384144, 'joy': 0.006407503504306078, 'neutral': 0.9036330580711365, 'sadness': 0.010142193175852299, 'surprise': 0.0015510210068896413}",0.41800183518216194,0.2640451187687426,0.4219024480734387
context_136,"{'anger': 0.034865688532590866, 'disgust': 0.6124522089958191, 'fear': 0.17539776861667633, 'joy': 0.001625424949452281, 'neutral': 0.1220136433839798, 'sadness': 0.03402267396450043, 'surprise': 0.01962258666753769}","{'anger': 0.021580444648861885, 'disgust': 0.04821684956550598, 'fear': 0.028304412961006165, 'joy': 0.0034904778003692627, 'neutral': 0.8750582933425903, 'sadness': 0.019609274342656136, 'surprise': 0.003740274580195546}","{'anger': 0.02455488219857216, 'disgust': 0.017603328451514244, 'fear': 0.07989024370908737, 'joy': 0.0809878334403038, 'neutral': 0.7809682488441467, 'sadness': 0.005532343406230211, 'surprise': 0.010463079437613487}","{'anger': 0.005260320845991373, 'disgust': 0.01642792671918869, 'fear': 0.8826156854629517, 'joy': 0.005282747093588114, 'neutral': 0.08248608559370041, 'sadness': 0.005411700811237097, 'surprise': 0.002515526255592704}",0.25004251855708715,0.23629556215521208,0.30390575817521803
context_137,"{'anger': 0.014643516391515732, 'disgust': 0.0031326927710324526, 'fear': 0.9313433766365051, 'joy': 0.0017842099769040942, 'neutral': 0.01383319403976202, 'sadness': 0.024644555523991585, 'surprise': 0.010618472471833229}","{'anger': 0.011968039907515049, 'disgust': 0.020230675116181374, 'fear': 0.19189803302288055, 'joy': 0.008519640192389488, 'neutral': 0.7378008961677551, 'sadness': 0.02215062640607357, 'surprise': 0.007432060316205025}","{'anger': 0.03121226653456688, 'disgust': 0.008352485485374928, 'fear': 0.06010943278670311, 'joy': 0.18691055476665497, 'neutral': 0.6926231384277344, 'sadness': 0.008802205324172974, 'surprise': 0.011989918537437916}","{'anger': 0.018513480201363564, 'disgust': 0.021860137581825256, 'fear': 0.15848660469055176, 'joy': 0.008362378925085068, 'neutral': 0.7673026323318481, 'sadness': 0.021428246051073074, 'surprise': 0.004046652466058731}",0.2668877412238855,0.09933032240736972,0.21770959755055608
context_138,"{'anger': 0.19274386763572693, 'disgust': 0.7340444922447205, 'fear': 0.046473171561956406, 'joy': 0.0008139910059981048, 'neutral': 0.012341644614934921, 'sadness': 0.009347296319901943, 'surprise': 0.0042357174679636955}","{'anger': 0.03238790109753609, 'disgust': 0.06340138614177704, 'fear': 0.011084162630140781, 'joy': 0.0017700155731290579, 'neutral': 0.16912470757961273, 'sadness': 0.7170403003692627, 'surprise': 0.005191531032323837}","{'anger': 0.032912712544202805, 'disgust': 0.04005277901887894, 'fear': 0.05196410045027733, 'joy': 0.0028796172700822353, 'neutral': 0.8173167109489441, 'sadness': 0.029607601463794708, 'surprise': 0.025266524404287338}","{'anger': 0.40720003843307495, 'disgust': 0.08101701736450195, 'fear': 0.009937473572790623, 'joy': 0.003438985673710704, 'neutral': 0.19297778606414795, 'sadness': 0.30266648530960083, 'surprise': 0.0027621127665042877}",0.11032496802829961,0.07783760645801452,0.34406733938210166
context_139,"{'anger': 0.785856306552887, 'disgust': 0.03564559295773506, 'fear': 0.009445089846849442, 'joy': 0.007769697345793247, 'neutral': 0.06684496253728867, 'sadness': 0.04216420277953148, 'surprise': 0.05227432772517204}","{'anger': 0.9780388474464417, 'disgust': 0.006179300136864185, 'fear': 0.001001656404696405, 'joy': 0.0006809053593315184, 'neutral': 0.008983127772808075, 'sadness': 0.003366275457665324, 'surprise': 0.0017499501118436456}","{'anger': 0.9474092721939087, 'disgust': 0.006269034463912249, 'fear': 0.0018580489559099078, 'joy': 0.0020252233371138573, 'neutral': 0.03820814937353134, 'sadness': 0.002510703168809414, 'surprise': 0.0017195305554196239}","{'anger': 0.26727157831192017, 'disgust': 0.009405381977558136, 'fear': 0.6141159534454346, 'joy': 0.004292557016015053, 'neutral': 0.09151860326528549, 'sadness': 0.01031176932156086, 'surprise': 0.003084151539951563}",0.9929949049999968,0.9948504894200726,0.4160446103123595
context_140,"{'anger': 0.004734090995043516, 'disgust': 0.0033612896222621202, 'fear': 0.9626442193984985, 'joy': 0.0010026784148067236, 'neutral': 0.014275165274739265, 'sadness': 0.010210235603153706, 'surprise': 0.0037723290733993053}","{'anger': 0.005492372903972864, 'disgust': 0.002614877186715603, 'fear': 0.9260384440422058, 'joy': 0.0037435570266097784, 'neutral': 0.04482680559158325, 'sadness': 0.004874423611909151, 'surprise': 0.012409691698849201}","{'anger': 0.016998907551169395, 'disgust': 0.006212800741195679, 'fear': 0.23806986212730408, 'joy': 0.0065604583360254765, 'neutral': 0.14529767632484436, 'sadness': 0.003310328582301736, 'surprise': 0.5835499167442322}","{'anger': 0.03229556605219841, 'disgust': 0.020667124539613724, 'fear': 0.016840411350131035, 'joy': 0.009991539642214775, 'neutral': 0.9086588025093079, 'sadness': 0.009694554843008518, 'surprise': 0.001852009678259492}",0.9993733496308587,0.37493847738271935,0.0337028943293185
context_141,"{'anger': 0.004752710461616516, 'disgust': 0.03622904419898987, 'fear': 0.0019477333407849073, 'joy': 0.9014288187026978, 'neutral': 0.03235357999801636, 'sadness': 0.007463392801582813, 'surprise': 0.015824656933546066}","{'anger': 0.022444605827331543, 'disgust': 0.0027247515972703695, 'fear': 0.07067832350730896, 'joy': 0.717134416103363, 'neutral': 0.11239954829216003, 'sadness': 0.011673401109874249, 'surprise': 0.06294490396976471}","{'anger': 0.010430954396724701, 'disgust': 0.010263915173709393, 'fear': 0.0036764927208423615, 'joy': 0.012615449726581573, 'neutral': 0.9453935027122498, 'sadness': 0.0047666518948972225, 'surprise': 0.012853113934397697}","{'anger': 0.009485275484621525, 'disgust': 0.027111327275633812, 'fear': 0.0024193197023123503, 'joy': 0.04675956070423126, 'neutral': 0.9072211980819702, 'sadness': 0.004048584960401058, 'surprise': 0.00295479828491807}",0.9850932215786243,0.04992020829318644,0.08847894798176226
context_142,"{'anger': 0.003701844485476613, 'disgust': 0.0020259784068912268, 'fear': 0.9171262383460999, 'joy': 0.008891966193914413, 'neutral': 0.01255512423813343, 'sadness': 0.05136961489915848, 'surprise': 0.004329411778599024}","{'anger': 0.013735129497945309, 'disgust': 0.015607855282723904, 'fear': 0.04050830751657486, 'joy': 0.04309558495879173, 'neutral': 0.7188041806221008, 'sadness': 0.16026975214481354, 'surprise': 0.0079791946336627}","{'anger': 0.017784936353564262, 'disgust': 0.0036135369446128607, 'fear': 0.8646384477615356, 'joy': 0.010522332042455673, 'neutral': 0.0833328366279602, 'sadness': 0.015477915294468403, 'surprise': 0.004630048759281635}","{'anger': 0.003134392201900482, 'disgust': 0.0028296210803091526, 'fear': 0.959933876991272, 'joy': 0.003059671027585864, 'neutral': 0.022126568481326103, 'sadness': 0.00806922372430563, 'surprise': 0.0008465776918455958}",0.08085845566286054,0.9957479341437722,0.9987973942639867
context_143,"{'anger': 0.06978902220726013, 'disgust': 0.08541004359722137, 'fear': 0.3805418014526367, 'joy': 0.0021244517993181944, 'neutral': 0.08131115883588791, 'sadness': 0.3720300793647766, 'surprise': 0.008793476037681103}","{'anger': 0.005207834765315056, 'disgust': 0.006916068494319916, 'fear': 0.0025034919381141663, 'joy': 0.778663158416748, 'neutral': 0.19279086589813232, 'sadness': 0.010734820738434792, 'surprise': 0.0031838894356042147}","{'anger': 0.006872640922665596, 'disgust': 0.0034315388184040785, 'fear': 0.0296598132699728, 'joy': 0.26259633898735046, 'neutral': 0.6578948497772217, 'sadness': 0.016350364312529564, 'surprise': 0.02319447696208954}","{'anger': 0.033330973237752914, 'disgust': 0.003146706148982048, 'fear': 0.5159404873847961, 'joy': 0.00217370199970901, 'neutral': 0.011195867322385311, 'sadness': 0.07208433747291565, 'surprise': 0.3621279299259186}",0.052745979491973904,0.18563450298137996,0.6581298568679271
context_144,"{'anger': 0.02285591885447502, 'disgust': 0.003347662976011634, 'fear': 0.002451268257573247, 'joy': 0.002247030148282647, 'neutral': 0.0074679190292954445, 'sadness': 0.9499226212501526, 'surprise': 0.011707670986652374}","{'anger': 0.2791040539741516, 'disgust': 0.125068798661232, 'fear': 0.005609288811683655, 'joy': 0.010965583845973015, 'neutral': 0.4361404776573181, 'sadness': 0.10669605433940887, 'surprise': 0.036415714770555496}","{'anger': 0.0824032723903656, 'disgust': 0.01168185006827116, 'fear': 0.01364431157708168, 'joy': 0.08970581740140915, 'neutral': 0.6918696165084839, 'sadness': 0.008656333200633526, 'surprise': 0.10203880071640015}","{'anger': 0.019487595185637474, 'disgust': 0.019696785137057304, 'fear': 0.001493005664087832, 'joy': 0.0032914590556174517, 'neutral': 0.052738141268491745, 'sadness': 0.8990744948387146, 'surprise': 0.004218553192913532}",0.21615082556749443,0.02480732057182755,0.9985131562910485
context_145,"{'anger': 0.8070228099822998, 'disgust': 0.13510459661483765, 'fear': 0.0026300803292542696, 'joy': 0.0024413603823632, 'neutral': 0.016437552869319916, 'sadness': 0.03169345483183861, 'surprise': 0.0046702842228114605}","{'anger': 0.15217190980911255, 'disgust': 0.05561875179409981, 'fear': 0.14835859835147858, 'joy': 0.004927939269691706, 'neutral': 0.18725013732910156, 'sadness': 0.40607979893684387, 'surprise': 0.04559288173913956}","{'anger': 0.8081979155540466, 'disgust': 0.08883532136678696, 'fear': 0.007012396585196257, 'joy': 0.0048142592422664165, 'neutral': 0.05012073740363121, 'sadness': 0.029467443004250526, 'surprise': 0.01155203115195036}","{'anger': 0.07632376253604889, 'disgust': 0.17885170876979828, 'fear': 0.028647592291235924, 'joy': 0.021910758689045906, 'neutral': 0.6693627834320068, 'sadness': 0.02261783555150032, 'surprise': 0.0022855838760733604}",0.3584330924287251,0.997499353608833,0.17066727721711694
context_146,"{'anger': 0.01539088785648346, 'disgust': 0.02168191969394684, 'fear': 0.6322718262672424, 'joy': 0.00418316014111042, 'neutral': 0.025163138285279274, 'sadness': 0.2922336459159851, 'surprise': 0.009075368754565716}","{'anger': 0.08884568512439728, 'disgust': 0.06821618229150772, 'fear': 0.231003075838089, 'joy': 0.020655808970332146, 'neutral': 0.17203553020954132, 'sadness': 0.40434572100639343, 'surprise': 0.01489799190312624}","{'anger': 0.016446299850940704, 'disgust': 0.01810908503830433, 'fear': 0.01406411174684763, 'joy': 0.12639468908309937, 'neutral': 0.8050869703292847, 'sadness': 0.01615254394710064, 'surprise': 0.00374626275151968}","{'anger': 0.05067460238933563, 'disgust': 0.11561880260705948, 'fear': 0.011712159961462021, 'joy': 0.08360038697719574, 'neutral': 0.6273762583732605, 'sadness': 0.10849805921316147, 'surprise': 0.002519720932468772}",0.7641412125494356,0.06165747585478254,0.12824846283371083
context_147,"{'anger': 0.08074846118688583, 'disgust': 0.19399577379226685, 'fear': 0.00272106914781034, 'joy': 0.13092753291130066, 'neutral': 0.5715844035148621, 'sadness': 0.01226289663463831, 'surprise': 0.007759822998195887}","{'anger': 0.005750166717916727, 'disgust': 0.020578395575284958, 'fear': 0.0015050687361508608, 'joy': 0.005131653044372797, 'neutral': 0.9557129740715027, 'sadness': 0.006309110205620527, 'surprise': 0.005012709181755781}","{'anger': 0.012844301760196686, 'disgust': 0.01450183056294918, 'fear': 0.11018583178520203, 'joy': 0.0035115841310471296, 'neutral': 0.11277440190315247, 'sadness': 0.738972544670105, 'surprise': 0.007209495175629854}","{'anger': 0.017551474273204803, 'disgust': 0.010509767569601536, 'fear': 0.004251338541507721, 'joy': 0.016031881794333458, 'neutral': 0.9459130167961121, 'sadness': 0.0034701803233474493, 'surprise': 0.0022723721340298653}",0.9258947856728629,0.1660111235734294,0.9265385998989458
context_148,"{'anger': 0.17687347531318665, 'disgust': 0.2439178228378296, 'fear': 0.015373346395790577, 'joy': 0.005826468579471111, 'neutral': 0.18657858669757843, 'sadness': 0.30482569336891174, 'surprise': 0.06660453230142593}","{'anger': 0.5797516703605652, 'disgust': 0.10394767671823502, 'fear': 0.007999500259757042, 'joy': 0.0031411966774612665, 'neutral': 0.25892430543899536, 'sadness': 0.022165779024362564, 'surprise': 0.02406984195113182}","{'anger': 0.0919635221362114, 'disgust': 0.022084632888436317, 'fear': 0.006471734028309584, 'joy': 0.04308401048183441, 'neutral': 0.8221890926361084, 'sadness': 0.005944021511822939, 'surprise': 0.008263044990599155}","{'anger': 0.020497843623161316, 'disgust': 0.031650468707084656, 'fear': 0.004234687425196171, 'joy': 0.07758127897977829, 'neutral': 0.6965352892875671, 'sadness': 0.1648792326450348, 'surprise': 0.0046211788430809975}",0.6067987001672572,0.45397414612934117,0.5647893176965112
context_149,"{'anger': 0.008098768070340157, 'disgust': 0.022276531904935837, 'fear': 0.9400813579559326, 'joy': 0.0009691417217254639, 'neutral': 0.009682470001280308, 'sadness': 0.007652535568922758, 'surprise': 0.011239245533943176}","{'anger': 0.02086622267961502, 'disgust': 0.017431823536753654, 'fear': 0.7698620557785034, 'joy': 0.00421600416302681, 'neutral': 0.15555299818515778, 'sadness': 0.02623060531914234, 'surprise': 0.005840263795107603}","{'anger': 0.1307997703552246, 'disgust': 0.010090377181768417, 'fear': 0.7194545269012451, 'joy': 0.007088727783411741, 'neutral': 0.06658561527729034, 'sadness': 0.06073573976755142, 'surprise': 0.0052452534437179565}","{'anger': 0.006151576992124319, 'disgust': 0.04576028138399124, 'fear': 0.7051167488098145, 'joy': 0.0027388136368244886, 'neutral': 0.06744644790887833, 'sadness': 0.16211509704589844, 'surprise': 0.010671015828847885}",0.981708629709798,0.9794065098563435,0.9723471965972392
context_150,"{'anger': 0.6782755255699158, 'disgust': 0.010419875383377075, 'fear': 0.25030601024627686, 'joy': 0.0019422867335379124, 'neutral': 0.021096015349030495, 'sadness': 0.022222287952899933, 'surprise': 0.015738071873784065}","{'anger': 0.02031187154352665, 'disgust': 0.027191154658794403, 'fear': 0.061322879046201706, 'joy': 0.001385974232107401, 'neutral': 0.03771493211388588, 'sadness': 0.00880877673625946, 'surprise': 0.8432644009590149}","{'anger': 0.006066437344998121, 'disgust': 0.014134924858808517, 'fear': 0.07873928546905518, 'joy': 0.01418495737016201, 'neutral': 0.7913061380386353, 'sadness': 0.047905970364809036, 'surprise': 0.047662362456321716}","{'anger': 0.007071251980960369, 'disgust': 0.18399396538734436, 'fear': 0.14968013763427734, 'joy': 0.013763993047177792, 'neutral': 0.2630815804004669, 'sadness': 0.369883269071579, 'surprise': 0.012525847181677818}",0.07122827458057102,0.07355135049777217,0.1567966619518475
context_151,"{'anger': 0.0007738348795101047, 'disgust': 0.0037521712947636843, 'fear': 0.002841747598722577, 'joy': 0.002371171722188592, 'neutral': 0.01147895585745573, 'sadness': 0.97705078125, 'surprise': 0.0017313905991613865}","{'anger': 0.032587770372629166, 'disgust': 0.02407538704574108, 'fear': 0.43874385952949524, 'joy': 0.009531954303383827, 'neutral': 0.4645991027355194, 'sadness': 0.026952646672725677, 'surprise': 0.003509245812892914}","{'anger': 0.0010015907464548945, 'disgust': 0.000962800404522568, 'fear': 0.0029009669087827206, 'joy': 0.0012301409151405096, 'neutral': 0.005457837134599686, 'sadness': 0.9838013052940369, 'surprise': 0.004645370878279209}","{'anger': 0.01746295765042305, 'disgust': 0.059653569012880325, 'fear': 0.1908576339483261, 'joy': 0.03533850610256195, 'neutral': 0.4540521502494812, 'sadness': 0.23759065568447113, 'surprise': 0.005044520366936922}",0.05278371344149424,0.999971615739006,0.44204364841045574
context_152,"{'anger': 0.003855923656374216, 'disgust': 0.004820817615836859, 'fear': 0.929742693901062, 'joy': 0.0010761694284155965, 'neutral': 0.004823986440896988, 'sadness': 0.052322570234537125, 'surprise': 0.0033577901776880026}","{'anger': 0.011652426794171333, 'disgust': 0.016061196103692055, 'fear': 0.33649885654449463, 'joy': 0.009518544189631939, 'neutral': 0.6075102090835571, 'sadness': 0.01327152643352747, 'surprise': 0.005487177520990372}","{'anger': 0.00413243705406785, 'disgust': 0.0007917230250313878, 'fear': 0.9640582203865051, 'joy': 0.0023841913789510727, 'neutral': 0.01906309276819229, 'sadness': 0.004954630043357611, 'surprise': 0.004615659825503826}","{'anger': 0.007892308756709099, 'disgust': 0.014511073008179665, 'fear': 0.45448362827301025, 'joy': 0.014236603863537312, 'neutral': 0.2809498608112335, 'sadness': 0.2241152822971344, 'surprise': 0.0038112227339297533}",0.4892371762816785,0.9985786572199193,0.8070114878167695
context_153,"{'anger': 0.0075237443670630455, 'disgust': 0.002441756660118699, 'fear': 0.9690234065055847, 'joy': 0.0010106244590133429, 'neutral': 0.007952586747705936, 'sadness': 0.00903117936104536, 'surprise': 0.003016570582985878}","{'anger': 0.010309308767318726, 'disgust': 0.0036455283407121897, 'fear': 0.018166381865739822, 'joy': 0.006897011771798134, 'neutral': 0.9338347911834717, 'sadness': 0.006023002788424492, 'surprise': 0.021123960614204407}","{'anger': 0.23825371265411377, 'disgust': 0.00596524216234684, 'fear': 0.44148755073547363, 'joy': 0.020367801189422607, 'neutral': 0.1083555817604065, 'sadness': 0.17841222882270813, 'surprise': 0.007157778367400169}","{'anger': 0.0019069684203714132, 'disgust': 0.0014906859723851085, 'fear': 0.9816883206367493, 'joy': 0.001265386352315545, 'neutral': 0.010438383556902409, 'sadness': 0.0017339646583423018, 'surprise': 0.001476302626542747}",0.02787523546359727,0.8199206831240683,0.9999497662664814
context_154,"{'anger': 0.020878266543149948, 'disgust': 0.33980637788772583, 'fear': 0.005457285325974226, 'joy': 0.0025480929762125015, 'neutral': 0.016752827912569046, 'sadness': 0.6130321621894836, 'surprise': 0.0015249422285705805}","{'anger': 0.0024916597176343203, 'disgust': 0.00047696687397547066, 'fear': 0.0019111698493361473, 'joy': 0.932368814945221, 'neutral': 0.044141851365566254, 'sadness': 0.005255712661892176, 'surprise': 0.013353890739381313}","{'anger': 0.14070922136306763, 'disgust': 0.038615331053733826, 'fear': 0.015005714260041714, 'joy': 0.03676171973347664, 'neutral': 0.7236690521240234, 'sadness': 0.026926031336188316, 'surprise': 0.018313029780983925}","{'anger': 0.002360871061682701, 'disgust': 0.01745692826807499, 'fear': 0.009741542860865593, 'joy': 0.015146767720580101, 'neutral': 0.31877264380455017, 'sadness': 0.6282107830047607, 'surprise': 0.008310453034937382}",0.010051675681564842,0.08648501112797291,0.8019094277949492
context_155,"{'anger': 0.003693450940772891, 'disgust': 0.005479436833411455, 'fear': 0.008796071633696556, 'joy': 0.0010412473930045962, 'neutral': 0.010434865951538086, 'sadness': 0.9636220932006836, 'surprise': 0.006932830438017845}","{'anger': 0.03166038915514946, 'disgust': 0.008088553324341774, 'fear': 0.4978691339492798, 'joy': 0.04163191840052605, 'neutral': 0.07218585163354874, 'sadness': 0.3462395668029785, 'surprise': 0.002324505476281047}","{'anger': 0.032448094338178635, 'disgust': 0.01893119141459465, 'fear': 0.4341496229171753, 'joy': 0.021799717098474503, 'neutral': 0.37054771184921265, 'sadness': 0.1033170223236084, 'surprise': 0.018806595355272293}","{'anger': 0.009261472150683403, 'disgust': 0.003255666932091117, 'fear': 0.4527168273925781, 'joy': 0.0036399010568857193, 'neutral': 0.02172003872692585, 'sadness': 0.003708961885422468, 'surprise': 0.5056971311569214}",0.573801505106549,0.19187222539787163,0.01733144177898993
context_156,"{'anger': 0.18654225766658783, 'disgust': 0.13811169564723969, 'fear': 0.0737968310713768, 'joy': 0.004446479491889477, 'neutral': 0.1876063495874405, 'sadness': 0.3768870234489441, 'surprise': 0.032609451562166214}","{'anger': 0.02917964570224285, 'disgust': 0.06759385764598846, 'fear': 0.40189963579177856, 'joy': 0.009126289747655392, 'neutral': 0.4222513735294342, 'sadness': 0.06249748170375824, 'surprise': 0.007451782468706369}","{'anger': 0.07508260011672974, 'disgust': 0.08055027574300766, 'fear': 0.008077776059508324, 'joy': 0.005314317066222429, 'neutral': 0.8143243789672852, 'sadness': 0.010342654772102833, 'surprise': 0.006308076437562704}","{'anger': 0.016965867951512337, 'disgust': 0.012399015948176384, 'fear': 0.5872819423675537, 'joy': 0.03023960068821907, 'neutral': 0.33910202980041504, 'sadness': 0.01117519848048687, 'surprise': 0.002836296334862709}",0.5119404023278078,0.4558203035564188,0.3511473197708199
context_157,"{'anger': 0.026637163013219833, 'disgust': 0.02980845607817173, 'fear': 0.7421569228172302, 'joy': 0.002389082685112953, 'neutral': 0.026646900922060013, 'sadness': 0.006233937572687864, 'surprise': 0.16612747311592102}","{'anger': 0.0024037405382841825, 'disgust': 0.0017123172292485833, 'fear': 0.9387620687484741, 'joy': 0.014774569310247898, 'neutral': 0.02689330279827118, 'sadness': 0.011951614171266556, 'surprise': 0.0035024487879127264}","{'anger': 0.005900131538510323, 'disgust': 0.0015295993071049452, 'fear': 0.9535552859306335, 'joy': 0.0024016504175961018, 'neutral': 0.013291937299072742, 'sadness': 0.021602341905236244, 'surprise': 0.001718917046673596}","{'anger': 0.9679011106491089, 'disgust': 0.005262712482362986, 'fear': 0.0020607654005289078, 'joy': 0.0007358480943366885, 'neutral': 0.011704730801284313, 'sadness': 0.01150850486010313, 'surprise': 0.0008264094358310103}",0.9753899068002962,0.9748552745085897,0.03794243130371178
context_158,"{'anger': 0.018917405977845192, 'disgust': 0.0032826384995132685, 'fear': 0.05171962454915047, 'joy': 0.004003336653113365, 'neutral': 0.010227899998426437, 'sadness': 0.9055755734443665, 'surprise': 0.006273629143834114}","{'anger': 0.006434825249016285, 'disgust': 0.008773686364293098, 'fear': 0.03504028171300888, 'joy': 0.01695358194410801, 'neutral': 0.6818509697914124, 'sadness': 0.17372985184192657, 'surprise': 0.07721675932407379}","{'anger': 0.008198636583983898, 'disgust': 0.022921591997146606, 'fear': 0.0286780446767807, 'joy': 0.006982885301113129, 'neutral': 0.8277835845947266, 'sadness': 0.026759395375847816, 'surprise': 0.07867588847875595}","{'anger': 0.07490379363298416, 'disgust': 0.03753073513507843, 'fear': 0.022188499569892883, 'joy': 0.008764631114900112, 'neutral': 0.8470383882522583, 'sadness': 0.007676013745367527, 'surprise': 0.001897956244647503}",0.2593036093342429,0.046230314424003716,0.023748929986791123
context_159,"{'anger': 0.5066176652908325, 'disgust': 0.3658663332462311, 'fear': 0.013946129940450191, 'joy': 0.0010361275635659695, 'neutral': 0.07105070352554321, 'sadness': 0.03359238803386688, 'surprise': 0.007890666835010052}","{'anger': 0.029666561633348465, 'disgust': 0.014460748992860317, 'fear': 0.010363289155066013, 'joy': 0.3248055875301361, 'neutral': 0.6121943593025208, 'sadness': 0.004534900654107332, 'surprise': 0.003974507562816143}","{'anger': 0.03684007376432419, 'disgust': 0.020148267969489098, 'fear': 0.019205551594495773, 'joy': 0.016839394345879555, 'neutral': 0.8895100355148315, 'sadness': 0.013286646455526352, 'surprise': 0.00417000986635685}","{'anger': 0.19962257146835327, 'disgust': 0.09331568330526352, 'fear': 0.015090390108525753, 'joy': 0.007842856459319592, 'neutral': 0.6414633393287659, 'sadness': 0.04055531322956085, 'surprise': 0.002109854482114315}",0.14749030968532595,0.16032738305152883,0.42604974973219467
context_160,"{'anger': 0.13253815472126007, 'disgust': 0.3283236622810364, 'fear': 0.12440565973520279, 'joy': 0.001529482426121831, 'neutral': 0.2159985899925232, 'sadness': 0.16846664249897003, 'surprise': 0.028737733140587807}","{'anger': 0.006024489179253578, 'disgust': 0.018086787313222885, 'fear': 0.003885042853653431, 'joy': 0.0318278893828392, 'neutral': 0.9186871647834778, 'sadness': 0.01753225550055504, 'surprise': 0.003956378437578678}","{'anger': 0.007514499593526125, 'disgust': 0.001817748649045825, 'fear': 0.4370783269405365, 'joy': 0.003421357600018382, 'neutral': 0.01415876392275095, 'sadness': 0.0032608951441943645, 'surprise': 0.5327484011650085}","{'anger': 0.01959948241710663, 'disgust': 0.014382343739271164, 'fear': 0.07098058611154556, 'joy': 0.005840198136866093, 'neutral': 0.865822970867157, 'sadness': 0.018894154578447342, 'surprise': 0.004480235744267702}",0.48767296968575646,0.23339020459284288,0.5102560097600183
context_161,"{'anger': 0.0009918427094817162, 'disgust': 0.0020367763936519623, 'fear': 0.0020049649756401777, 'joy': 0.0009565294603817165, 'neutral': 0.0060690115205943584, 'sadness': 0.9863341450691223, 'surprise': 0.001606774516403675}","{'anger': 0.04933793097734451, 'disgust': 0.003335539950057864, 'fear': 0.0035175818484276533, 'joy': 0.0023464146070182323, 'neutral': 0.01655181311070919, 'sadness': 0.9228197932243347, 'surprise': 0.002090887865051627}","{'anger': 0.04878952354192734, 'disgust': 0.07721283286809921, 'fear': 0.6457564234733582, 'joy': 0.0021152051631361246, 'neutral': 0.09025999903678894, 'sadness': 0.12976574897766113, 'surprise': 0.006100206170231104}","{'anger': 0.0034653623588383198, 'disgust': 0.0238746739923954, 'fear': 0.024403097108006477, 'joy': 0.0052134511061012745, 'neutral': 0.2686000168323517, 'sadness': 0.6677766442298889, 'surprise': 0.006666801869869232}",0.9985540134989316,0.19647071871528254,0.9290789461194832
context_162,"{'anger': 0.2716633975505829, 'disgust': 0.03577326238155365, 'fear': 0.03302298113703728, 'joy': 0.001395889325067401, 'neutral': 0.10181111842393875, 'sadness': 0.48742660880088806, 'surprise': 0.068906769156456}","{'anger': 0.015363079495728016, 'disgust': 0.01465308666229248, 'fear': 0.06882914155721664, 'joy': 0.04961638152599335, 'neutral': 0.7345713973045349, 'sadness': 0.11064701527357101, 'surprise': 0.006319979205727577}","{'anger': 0.013913877308368683, 'disgust': 0.007572462782263756, 'fear': 0.44376835227012634, 'joy': 0.0043579814955592155, 'neutral': 0.0716797336935997, 'sadness': 0.44442659616470337, 'surprise': 0.014281063340604305}","{'anger': 0.005618746858090162, 'disgust': 0.0067978124134242535, 'fear': 0.013790936209261417, 'joy': 0.011712132021784782, 'neutral': 0.9388109445571899, 'sadness': 0.016942989081144333, 'surprise': 0.006326454691588879}",0.3174959139255451,0.671639591277728,0.19776430267497092
context_163,"{'anger': 0.1141132116317749, 'disgust': 0.03238072618842125, 'fear': 0.08823676407337189, 'joy': 0.0016446053050458431, 'neutral': 0.42860284447669983, 'sadness': 0.27950718998908997, 'surprise': 0.05551467090845108}","{'anger': 0.0050177257508039474, 'disgust': 0.004446334671229124, 'fear': 0.0037098980974406004, 'joy': 0.005420681554824114, 'neutral': 0.9521744251251221, 'sadness': 0.014487411826848984, 'surprise': 0.014743564650416374}","{'anger': 0.0034732830245047808, 'disgust': 0.0012768430169671774, 'fear': 0.9217540621757507, 'joy': 0.025427162647247314, 'neutral': 0.04061734676361084, 'sadness': 0.00472846208140254, 'surprise': 0.002723004436120391}","{'anger': 0.0832751989364624, 'disgust': 0.014193106442689896, 'fear': 0.09018296748399734, 'joy': 0.003570371074602008, 'neutral': 0.7635672092437744, 'sadness': 0.03947746008634567, 'surprise': 0.005733734928071499}",0.8117525813950804,0.20371659989298263,0.8596250425145185
context_164,"{'anger': 0.007535629905760288, 'disgust': 0.008511669002473354, 'fear': 0.005838828627020121, 'joy': 0.013637346215546131, 'neutral': 0.07317298650741577, 'sadness': 0.8842008709907532, 'surprise': 0.007102734409272671}","{'anger': 0.015336917713284492, 'disgust': 0.0056287627667188644, 'fear': 0.7262768745422363, 'joy': 0.02349761314690113, 'neutral': 0.19607938826084137, 'sadness': 0.005213504657149315, 'surprise': 0.02796691283583641}","{'anger': 0.011530262418091297, 'disgust': 0.0013593543553724885, 'fear': 0.13859595358371735, 'joy': 0.6463299989700317, 'neutral': 0.13827446103096008, 'sadness': 0.010986692272126675, 'surprise': 0.05292326584458351}","{'anger': 0.014211781322956085, 'disgust': 0.010428937152028084, 'fear': 0.0032199774868786335, 'joy': 0.02368387207388878, 'neutral': 0.9316523671150208, 'sadness': 0.014224518090486526, 'surprise': 0.0025784773752093315}",0.03571905127561592,0.049773707554429114,0.09827606313504322
context_165,"{'anger': 0.04393869265913963, 'disgust': 0.03145337104797363, 'fear': 0.08608058094978333, 'joy': 0.005197375081479549, 'neutral': 0.14025959372520447, 'sadness': 0.6834297180175781, 'surprise': 0.009640675038099289}","{'anger': 0.007907851599156857, 'disgust': 0.0022629876621067524, 'fear': 0.3558014929294586, 'joy': 0.0037465482018887997, 'neutral': 0.00980941392481327, 'sadness': 0.0033099595457315445, 'surprise': 0.617161750793457}","{'anger': 0.06434164196252823, 'disgust': 0.012602848932147026, 'fear': 0.056097984313964844, 'joy': 0.011512819677591324, 'neutral': 0.24791446328163147, 'sadness': 0.048016998916864395, 'surprise': 0.5595132112503052}","{'anger': 0.00891933310776949, 'disgust': 0.0037309732288122177, 'fear': 0.808376133441925, 'joy': 0.002325657522305846, 'neutral': 0.01901482418179512, 'sadness': 0.005657427944242954, 'surprise': 0.15197555720806122}",0.08091738926266723,0.18549707452822928,0.13461777826136068
context_166,"{'anger': 0.008955050259828568, 'disgust': 0.04807130992412567, 'fear': 0.07540684193372726, 'joy': 0.002081375103443861, 'neutral': 0.05253010615706444, 'sadness': 0.8092957735061646, 'surprise': 0.0036595065612345934}","{'anger': 0.0033213873393833637, 'disgust': 0.001967611024156213, 'fear': 0.9264960289001465, 'joy': 0.003660232527181506, 'neutral': 0.024562504142522812, 'sadness': 0.037672240287065506, 'surprise': 0.0023200202267616987}","{'anger': 0.006766774691641331, 'disgust': 0.0014011278981342912, 'fear': 0.8078035712242126, 'joy': 0.003143366426229477, 'neutral': 0.006087272893637419, 'sadness': 0.001542039797641337, 'surprise': 0.17325592041015625}","{'anger': 0.002189562190324068, 'disgust': 0.005873173009604216, 'fear': 0.0172607209533453, 'joy': 0.001524410443380475, 'neutral': 0.032350994646549225, 'sadness': 0.9386852979660034, 'surprise': 0.0021157681476324797}",0.1344729619704783,0.09381722985054164,0.9953566433236949
context_167,"{'anger': 0.8511426448822021, 'disgust': 0.051953524351119995, 'fear': 0.0045723277144134045, 'joy': 0.0011131316423416138, 'neutral': 0.022162223234772682, 'sadness': 0.06367868185043335, 'surprise': 0.005377480760216713}","{'anger': 0.0037956503219902515, 'disgust': 0.002172471024096012, 'fear': 0.0005673366831615567, 'joy': 0.0031400437001138926, 'neutral': 0.008271095342934132, 'sadness': 0.9791347980499268, 'surprise': 0.0029185807798057795}","{'anger': 0.013317160308361053, 'disgust': 0.0004860988992732018, 'fear': 0.9800916314125061, 'joy': 0.0009437073604203761, 'neutral': 0.0013731566723436117, 'sadness': 0.0018575018038973212, 'surprise': 0.0019308241317048669}","{'anger': 0.6955346465110779, 'disgust': 0.045085445046424866, 'fear': 0.00633086496964097, 'joy': 0.006555888336151838, 'neutral': 0.21498779952526093, 'sadness': 0.02949603646993637, 'surprise': 0.002009415067732334}",0.07867400539836811,0.01908417347836866,0.962418848820815
context_168,"{'anger': 0.9857186675071716, 'disgust': 0.004410815890878439, 'fear': 0.002115383045747876, 'joy': 0.00042159465374425054, 'neutral': 0.003676700172945857, 'sadness': 0.0026056820061057806, 'surprise': 0.0010511147556826472}","{'anger': 0.9522306323051453, 'disgust': 0.0062800245359539986, 'fear': 0.006522990297526121, 'joy': 0.0017417583148926497, 'neutral': 0.017270850017666817, 'sadness': 0.01184056606143713, 'surprise': 0.004113157279789448}","{'anger': 0.057079069316387177, 'disgust': 0.005830485839396715, 'fear': 0.08768292516469955, 'joy': 0.04745884984731674, 'neutral': 0.7261211276054382, 'sadness': 0.05623401328921318, 'surprise': 0.019593456760048866}","{'anger': 0.6167725324630737, 'disgust': 0.032242804765701294, 'fear': 0.0028742526192218065, 'joy': 0.008531480096280575, 'neutral': 0.1826968491077423, 'sadness': 0.15355603396892548, 'surprise': 0.0033260707277804613}",0.9998287885721873,0.08160445547475526,0.9332693219152931
context_169,"{'anger': 0.2131505310535431, 'disgust': 0.07678671926259995, 'fear': 0.060160815715789795, 'joy': 0.005206532776355743, 'neutral': 0.11675935983657837, 'sadness': 0.3997511565685272, 'surprise': 0.12818488478660583}","{'anger': 0.668960690498352, 'disgust': 0.05635747313499451, 'fear': 0.037989500910043716, 'joy': 0.002278571482747793, 'neutral': 0.213490292429924, 'sadness': 0.012597785331308842, 'surprise': 0.008325762115418911}","{'anger': 0.005188804119825363, 'disgust': 0.0027675942983478308, 'fear': 0.9478930234909058, 'joy': 0.0013857284793630242, 'neutral': 0.014070159755647182, 'sadness': 0.005602610297501087, 'surprise': 0.02309209667146206}","{'anger': 0.023090166971087456, 'disgust': 0.03277882561087608, 'fear': 0.257068008184433, 'joy': 0.018049344420433044, 'neutral': 0.6431879997253418, 'sadness': 0.01688395068049431, 'surprise': 0.008941736072301865}",0.51621623148278,0.13893610451688998,0.30851339073398387
context_170,"{'anger': 0.9553916454315186, 'disgust': 0.001788830035366118, 'fear': 0.019380278885364532, 'joy': 0.0012151938863098621, 'neutral': 0.010986672714352608, 'sadness': 0.007780011743307114, 'surprise': 0.0034574514720588923}","{'anger': 0.0204781424254179, 'disgust': 0.011150648817420006, 'fear': 0.10540417581796646, 'joy': 0.018073344603180885, 'neutral': 0.8325415849685669, 'sadness': 0.009156567975878716, 'surprise': 0.003195588942617178}","{'anger': 0.004736853763461113, 'disgust': 0.0033214669674634933, 'fear': 0.0037241559475660324, 'joy': 0.1509895622730255, 'neutral': 0.7937066555023193, 'sadness': 0.008502707816660404, 'surprise': 0.03501860797405243}","{'anger': 0.004524503368884325, 'disgust': 0.015126080252230167, 'fear': 0.06864352524280548, 'joy': 0.018718171864748, 'neutral': 0.48628783226013184, 'sadness': 0.3909945785999298, 'surprise': 0.0157054103910923}",0.03847527863478328,0.01771755765595706,0.02354698837041458
context_171,"{'anger': 0.0008484883001074195, 'disgust': 0.002145081292837858, 'fear': 0.006138494238257408, 'joy': 0.0052993083372712135, 'neutral': 0.014408296905457973, 'sadness': 0.9143727421760559, 'surprise': 0.0567876361310482}","{'anger': 0.007749361917376518, 'disgust': 0.006391770206391811, 'fear': 0.0009825752349570394, 'joy': 0.8048749566078186, 'neutral': 0.1683609038591385, 'sadness': 0.007087720092386007, 'surprise': 0.004552776459604502}","{'anger': 0.0008483828278258443, 'disgust': 0.0017839676002040505, 'fear': 0.0010270372731611133, 'joy': 0.005437891930341721, 'neutral': 0.015006090514361858, 'sadness': 0.9716572761535645, 'surprise': 0.004239315167069435}","{'anger': 0.021306641399860382, 'disgust': 0.019665488973259926, 'fear': 0.005100410431623459, 'joy': 0.056696824729442596, 'neutral': 0.8757407665252686, 'sadness': 0.019648466259241104, 'surprise': 0.001841445453464985}",0.017857710200045784,0.9983223508523957,0.03862065870745779
context_172,"{'anger': 0.0033419798128306866, 'disgust': 0.010516186244785786, 'fear': 0.001151456031948328, 'joy': 0.0013091432629153132, 'neutral': 0.013177767395973206, 'sadness': 0.9691726565361023, 'surprise': 0.001330803264863789}","{'anger': 0.013480418361723423, 'disgust': 0.019628796726465225, 'fear': 0.006570817902684212, 'joy': 0.002342425985261798, 'neutral': 0.9389405846595764, 'sadness': 0.014744584448635578, 'surprise': 0.004292343743145466}","{'anger': 0.02644495479762554, 'disgust': 0.04318011552095413, 'fear': 0.011409807950258255, 'joy': 0.009861043654382229, 'neutral': 0.2563702464103699, 'sadness': 0.34943512082099915, 'surprise': 0.303298681974411}","{'anger': 0.010445061139762402, 'disgust': 0.02899068221449852, 'fear': 0.006074982229620218, 'joy': 0.01146349124610424, 'neutral': 0.20616240799427032, 'sadness': 0.7348682880401611, 'surprise': 0.0019950440619140863}",0.029575648093039475,0.6656491478496732,0.9659093349003849
context_173,"{'anger': 0.32782986760139465, 'disgust': 0.32073402404785156, 'fear': 0.1781456470489502, 'joy': 0.001736131845973432, 'neutral': 0.04478361830115318, 'sadness': 0.12011560052633286, 'surprise': 0.0066550965420901775}","{'anger': 0.012853264808654785, 'disgust': 0.005715693347156048, 'fear': 0.015417276881635189, 'joy': 0.0273705143481493, 'neutral': 0.14031991362571716, 'sadness': 0.7588639855384827, 'surprise': 0.03945932537317276}","{'anger': 0.027279850095510483, 'disgust': 0.008903950452804565, 'fear': 0.10675205290317535, 'joy': 0.00503673916682601, 'neutral': 0.8269233107566833, 'sadness': 0.0112397326156497, 'surprise': 0.013864328153431416}","{'anger': 0.12569405138492584, 'disgust': 0.1605321764945984, 'fear': 0.20419110357761383, 'joy': 0.002774159424006939, 'neutral': 0.41815122961997986, 'sadness': 0.08654972910881042, 'surprise': 0.0021075489930808544}",0.2708737026287028,0.1633183351925419,0.6037115548663717
context_174,"{'anger': 0.01637420430779457, 'disgust': 0.3211405873298645, 'fear': 0.027744464576244354, 'joy': 0.0029921005479991436, 'neutral': 0.03236711025238037, 'sadness': 0.5929421186447144, 'surprise': 0.006439480930566788}","{'anger': 0.03439279645681381, 'disgust': 0.3109312355518341, 'fear': 0.01453091949224472, 'joy': 0.012225795537233353, 'neutral': 0.5617967844009399, 'sadness': 0.034855104982852936, 'surprise': 0.03126736357808113}","{'anger': 0.1127278059720993, 'disgust': 0.061102114617824554, 'fear': 0.005603902507573366, 'joy': 0.03168700635433197, 'neutral': 0.6810093522071838, 'sadness': 0.09353127330541611, 'surprise': 0.014338538981974125}","{'anger': 0.004009479656815529, 'disgust': 0.019334927201271057, 'fear': 0.020771034061908722, 'joy': 0.008534927852451801, 'neutral': 0.2720532715320587, 'sadness': 0.6632119417190552, 'surprise': 0.012084431946277618}",0.32091766356269924,0.2098585210244469,0.8432990437420752
context_175,"{'anger': 0.055579185485839844, 'disgust': 0.011019439436495304, 'fear': 0.011814010329544544, 'joy': 0.7131678462028503, 'neutral': 0.11855310201644897, 'sadness': 0.08630048483610153, 'surprise': 0.003565983846783638}","{'anger': 0.023647727444767952, 'disgust': 0.01710919290781021, 'fear': 0.02670244500041008, 'joy': 0.004917625337839127, 'neutral': 0.9185205101966858, 'sadness': 0.005246869754046202, 'surprise': 0.003855708986520767}","{'anger': 0.0035813988652080297, 'disgust': 0.0013206868898123503, 'fear': 0.9759542942047119, 'joy': 0.0012171450071036816, 'neutral': 0.009426398202776909, 'sadness': 0.005337485112249851, 'surprise': 0.003162595210596919}","{'anger': 0.08174682408571243, 'disgust': 0.028233010321855545, 'fear': 0.18648433685302734, 'joy': 0.02089233323931694, 'neutral': 0.6674817204475403, 'sadness': 0.012467559427022934, 'surprise': 0.0026941257528960705}",0.17078247898738452,0.0199205016898365,0.20017323471960413
context_176,"{'anger': 0.0037697169464081526, 'disgust': 0.009102346375584602, 'fear': 0.02370591089129448, 'joy': 0.004210853483527899, 'neutral': 0.04903454706072807, 'sadness': 0.9077220559120178, 'surprise': 0.002454601228237152}","{'anger': 0.007300923578441143, 'disgust': 0.018601810559630394, 'fear': 0.044562455266714096, 'joy': 0.005126114469021559, 'neutral': 0.2788980305194855, 'sadness': 0.1249176636338234, 'surprise': 0.5205930471420288}","{'anger': 0.0080586988478899, 'disgust': 0.0015010725473985076, 'fear': 0.29628509283065796, 'joy': 0.2153162658214569, 'neutral': 0.05185369402170181, 'sadness': 0.393862783908844, 'surprise': 0.03312240540981293}","{'anger': 0.007984967902302742, 'disgust': 0.02431916445493698, 'fear': 0.039074938744306564, 'joy': 0.017098136246204376, 'neutral': 0.5412148833274841, 'sadness': 0.3650455176830292, 'surprise': 0.005262412130832672}",0.23533057096971088,0.7476394136073627,0.603198762949049
context_177,"{'anger': 0.061263568699359894, 'disgust': 0.19477036595344543, 'fear': 0.6385241150856018, 'joy': 0.002422239864245057, 'neutral': 0.06330352276563644, 'sadness': 0.03510031849145889, 'surprise': 0.004615863785147667}","{'anger': 0.4505138695240021, 'disgust': 0.16350042819976807, 'fear': 0.15510353446006775, 'joy': 0.004301607143133879, 'neutral': 0.07579521089792252, 'sadness': 0.14649657905101776, 'surprise': 0.004288669675588608}","{'anger': 0.009457863867282867, 'disgust': 0.0030544132459908724, 'fear': 0.8154895901679993, 'joy': 0.019721297547221184, 'neutral': 0.1284799724817276, 'sadness': 0.018984030932188034, 'surprise': 0.004812760278582573}","{'anger': 0.020055733621120453, 'disgust': 0.010143510065972805, 'fear': 0.3299907147884369, 'joy': 0.009691746905446053, 'neutral': 0.6103290915489197, 'sadness': 0.015055573545396328, 'surprise': 0.004733623471111059}",0.47128274642957835,0.9528523941077741,0.540564879370829
context_178,"{'anger': 0.006635342724621296, 'disgust': 0.004446965176612139, 'fear': 0.920417845249176, 'joy': 0.001997074345126748, 'neutral': 0.020609505474567413, 'sadness': 0.006510637700557709, 'surprise': 0.039382800459861755}","{'anger': 0.005379688460379839, 'disgust': 0.003278210759162903, 'fear': 0.9319403171539307, 'joy': 0.004386828746646643, 'neutral': 0.043542783707380295, 'sadness': 0.00761685473844409, 'surprise': 0.003855238202959299}","{'anger': 0.0019124553073197603, 'disgust': 0.000580423220526427, 'fear': 0.9798286557197571, 'joy': 0.0025658144149929285, 'neutral': 0.00814028363674879, 'sadness': 0.005691626109182835, 'surprise': 0.001280804630368948}","{'anger': 0.017747024074196815, 'disgust': 0.013008682988584042, 'fear': 0.10810676962137222, 'joy': 0.012306809425354004, 'neutral': 0.8286446332931519, 'sadness': 0.015453111380338669, 'surprise': 0.004733094479888678}",0.9989538311847498,0.9990187450644692,0.15191804573041512
context_179,"{'anger': 0.031593259423971176, 'disgust': 0.7499110102653503, 'fear': 0.04359090328216553, 'joy': 0.001060506678186357, 'neutral': 0.11967937648296356, 'sadness': 0.0163178239017725, 'surprise': 0.037847090512514114}","{'anger': 0.013464419171214104, 'disgust': 0.02159721776843071, 'fear': 0.026970958337187767, 'joy': 0.009840562008321285, 'neutral': 0.8761627078056335, 'sadness': 0.04604988545179367, 'surprise': 0.005914199165999889}","{'anger': 0.03908718749880791, 'disgust': 0.019709084182977676, 'fear': 0.10071344673633575, 'joy': 0.011772901751101017, 'neutral': 0.8048511147499084, 'sadness': 0.020087139680981636, 'surprise': 0.003779198043048382}","{'anger': 0.01027689315378666, 'disgust': 0.017310630530118942, 'fear': 0.027165187522768974, 'joy': 0.006257133558392525, 'neutral': 0.9286534190177917, 'sadness': 0.007577160373330116, 'surprise': 0.002759577939286828}",0.18465444359216576,0.18917967847482742,0.17764136688075438
context_180,"{'anger': 0.01932433433830738, 'disgust': 0.06531161814928055, 'fear': 0.43252745270729065, 'joy': 0.003873687470331788, 'neutral': 0.2245054990053177, 'sadness': 0.15310288965702057, 'surprise': 0.10135456174612045}","{'anger': 0.006918051280081272, 'disgust': 0.012456921860575676, 'fear': 0.010882080532610416, 'joy': 0.0043542166240513325, 'neutral': 0.9500150084495544, 'sadness': 0.008350339718163013, 'surprise': 0.007023362442851067}","{'anger': 0.03595798462629318, 'disgust': 0.007016209419816732, 'fear': 0.013352273032069206, 'joy': 0.194083571434021, 'neutral': 0.7353187799453735, 'sadness': 0.00402997899800539, 'surprise': 0.010241162031888962}","{'anger': 0.019277840852737427, 'disgust': 0.02228921465575695, 'fear': 0.025029538199305534, 'joy': 0.011906031519174576, 'neutral': 0.9102061986923218, 'sadness': 0.008800827898085117, 'surprise': 0.0024903167504817247}",0.44269679641020454,0.43605374662711316,0.4568943545529641
context_181,"{'anger': 0.055731453001499176, 'disgust': 0.07025260478258133, 'fear': 0.011515648104250431, 'joy': 0.003091726452112198, 'neutral': 0.8323941230773926, 'sadness': 0.014559190720319748, 'surprise': 0.01245521567761898}","{'anger': 0.02193480171263218, 'disgust': 0.0089329294860363, 'fear': 0.03930381312966347, 'joy': 0.3696076273918152, 'neutral': 0.4940096437931061, 'sadness': 0.016865290701389313, 'surprise': 0.049345798790454865}","{'anger': 0.02608528360724449, 'disgust': 0.01347662415355444, 'fear': 0.031585488468408585, 'joy': 0.00466012442484498, 'neutral': 0.21964873373508453, 'sadness': 0.006072776857763529, 'surprise': 0.698470950126648}","{'anger': 0.02088424190878868, 'disgust': 0.04835592582821846, 'fear': 0.017124800011515617, 'joy': 0.004400716163218021, 'neutral': 0.896112322807312, 'sadness': 0.009963836520910263, 'surprise': 0.0031580550130456686}",0.7990876500179447,0.3164497066170091,0.99850474672578
context_182,"{'anger': 0.07459468394517899, 'disgust': 0.26136428117752075, 'fear': 0.16305626928806305, 'joy': 0.0013742974260821939, 'neutral': 0.16466207802295685, 'sadness': 0.21185801923274994, 'surprise': 0.12309042364358902}","{'anger': 0.008106417022645473, 'disgust': 0.012654577381908894, 'fear': 0.04112650081515312, 'joy': 0.03311073035001755, 'neutral': 0.8917807936668396, 'sadness': 0.0104729188606143, 'surprise': 0.0027482181321829557}","{'anger': 0.01493680477142334, 'disgust': 0.02014739066362381, 'fear': 0.004586923401802778, 'joy': 0.0021351478062570095, 'neutral': 0.9338682889938354, 'sadness': 0.0034169417340308428, 'surprise': 0.020908525213599205}","{'anger': 0.011484932154417038, 'disgust': 0.04519345983862877, 'fear': 0.07181022316217422, 'joy': 0.01987483724951744, 'neutral': 0.8279268145561218, 'sadness': 0.02061362937092781, 'surprise': 0.003096103435382247}",0.4135688919181191,0.40568016771131044,0.4587282466380267
context_183,"{'anger': 0.03270137310028076, 'disgust': 0.020926592871546745, 'fear': 0.8226708769798279, 'joy': 0.0024174831341952085, 'neutral': 0.05166793614625931, 'sadness': 0.037874653935432434, 'surprise': 0.031741004437208176}","{'anger': 0.016122817993164062, 'disgust': 0.28530168533325195, 'fear': 0.5435831546783447, 'joy': 0.003781851613894105, 'neutral': 0.07015559077262878, 'sadness': 0.02515561133623123, 'surprise': 0.05589926242828369}","{'anger': 0.0073494878597557545, 'disgust': 0.0022069469559937716, 'fear': 0.01376672089099884, 'joy': 0.31916967034339905, 'neutral': 0.5750172138214111, 'sadness': 0.04210639372467995, 'surprise': 0.040383558720350266}","{'anger': 0.009320428594946861, 'disgust': 0.009887715801596642, 'fear': 0.7451552748680115, 'joy': 0.00841185450553894, 'neutral': 0.2036014348268509, 'sadness': 0.02075737528502941, 'surprise': 0.002865914488211274}",0.8959063161046413,0.08236765659735745,0.9780639102415493
context_184,"{'anger': 0.07324866205453873, 'disgust': 0.07383910566568375, 'fear': 0.3049752712249756, 'joy': 0.005623774137347937, 'neutral': 0.1509188860654831, 'sadness': 0.17662213742733002, 'surprise': 0.21477220952510834}","{'anger': 0.024419602006673813, 'disgust': 0.35298168659210205, 'fear': 0.03831670805811882, 'joy': 0.0288263987749815, 'neutral': 0.39215800166130066, 'sadness': 0.15489158034324646, 'surprise': 0.008406031876802444}","{'anger': 0.0035364674404263496, 'disgust': 0.001160956104286015, 'fear': 0.8950241804122925, 'joy': 0.0016011128900572658, 'neutral': 0.009835186414420605, 'sadness': 0.02490120194852352, 'surprise': 0.06394097208976746}","{'anger': 0.06592267751693726, 'disgust': 0.11313661932945251, 'fear': 0.01592114008963108, 'joy': 0.036347974091768265, 'neutral': 0.7188135385513306, 'sadness': 0.04779474809765816, 'surprise': 0.002063317922875285}",0.5131048390328674,0.7225273044183906,0.4094964873315685
context_185,"{'anger': 0.04332394525408745, 'disgust': 0.9207563996315002, 'fear': 0.008209887892007828, 'joy': 0.0003941720933653414, 'neutral': 0.01630038022994995, 'sadness': 0.007778615690767765, 'surprise': 0.003236497286707163}","{'anger': 0.010502023622393608, 'disgust': 0.015496212989091873, 'fear': 0.004621781408786774, 'joy': 0.0023200425785034895, 'neutral': 0.9480304718017578, 'sadness': 0.0027232568245381117, 'surprise': 0.01630609668791294}","{'anger': 0.8122619986534119, 'disgust': 0.0126136913895607, 'fear': 0.023324953392148018, 'joy': 0.010869234800338745, 'neutral': 0.05510344356298447, 'sadness': 0.07522028684616089, 'surprise': 0.010606370866298676}","{'anger': 0.028453048318624496, 'disgust': 0.034705765545368195, 'fear': 0.025572774931788445, 'joy': 0.016833364963531494, 'neutral': 0.880186915397644, 'sadness': 0.011875452473759651, 'surprise': 0.002372666960582137}",0.034640295433699175,0.06431793428620769,0.058848148729036875
context_186,"{'anger': 0.042535413056612015, 'disgust': 0.0014844201505184174, 'fear': 0.002349566202610731, 'joy': 0.08504219353199005, 'neutral': 0.04982591047883034, 'sadness': 0.7122240662574768, 'surprise': 0.10653836280107498}","{'anger': 0.9160889387130737, 'disgust': 0.005217412952333689, 'fear': 0.013277067802846432, 'joy': 0.0021675480529665947, 'neutral': 0.04148883745074272, 'sadness': 0.02046024799346924, 'surprise': 0.0012999718310311437}","{'anger': 0.01831168308854103, 'disgust': 0.15379828214645386, 'fear': 0.005632728338241577, 'joy': 0.0865856409072876, 'neutral': 0.4370121359825134, 'sadness': 0.2943737804889679, 'surprise': 0.004285681061446667}","{'anger': 0.028162634000182152, 'disgust': 0.010510869324207306, 'fear': 0.009104427881538868, 'joy': 0.020934894680976868, 'neutral': 0.9212863445281982, 'sadness': 0.007979162037372589, 'surprise': 0.0020217199344187975}",0.0837902656511409,0.5934870144720723,0.08164804978974005
context_187,"{'anger': 0.7383593916893005, 'disgust': 0.05222926288843155, 'fear': 0.03326753154397011, 'joy': 0.0010174637427553535, 'neutral': 0.07262064516544342, 'sadness': 0.07715475559234619, 'surprise': 0.025350943207740784}","{'anger': 0.028156399726867676, 'disgust': 0.1664666384458542, 'fear': 0.038809776306152344, 'joy': 0.00412735203281045, 'neutral': 0.7457565069198608, 'sadness': 0.01328004989773035, 'surprise': 0.003403319511562586}","{'anger': 0.010254585184156895, 'disgust': 0.006972428411245346, 'fear': 0.025269225239753723, 'joy': 0.037235748022794724, 'neutral': 0.20318050682544708, 'sadness': 0.7087262272834778, 'surprise': 0.008361225947737694}","{'anger': 0.022896764799952507, 'disgust': 0.02924257516860962, 'fear': 0.011242539621889591, 'joy': 0.3247675597667694, 'neutral': 0.5769705772399902, 'sadness': 0.03267566114664078, 'surprise': 0.0022043073549866676}",0.15004389755968273,0.1418088843031503,0.1279174087914694
context_188,"{'anger': 0.008540917187929153, 'disgust': 0.6970109939575195, 'fear': 0.013101654127240181, 'joy': 0.0018142015906050801, 'neutral': 0.017171278595924377, 'sadness': 0.2593887448310852, 'surprise': 0.002972228918224573}","{'anger': 0.028058307245373726, 'disgust': 0.5868701338768005, 'fear': 0.010627664625644684, 'joy': 0.004920430947095156, 'neutral': 0.08698496222496033, 'sadness': 0.27724528312683105, 'surprise': 0.005293194204568863}","{'anger': 0.015612751245498657, 'disgust': 0.04715009033679962, 'fear': 0.6313373446464539, 'joy': 0.002446334809064865, 'neutral': 0.11683335900306702, 'sadness': 0.17965172231197357, 'surprise': 0.006968371104449034}","{'anger': 0.010026623494923115, 'disgust': 0.15451684594154358, 'fear': 0.006151093170046806, 'joy': 0.02265835553407669, 'neutral': 0.05843916907906532, 'sadness': 0.7468405961990356, 'surprise': 0.0013673169305548072}",0.9898575097389058,0.18070448921198956,0.5314441717051095
context_189,"{'anger': 0.030303340405225754, 'disgust': 0.00689307413995266, 'fear': 0.8068645000457764, 'joy': 0.001900717499665916, 'neutral': 0.04512991011142731, 'sadness': 0.021720055490732193, 'surprise': 0.0871884748339653}","{'anger': 0.034142084419727325, 'disgust': 0.01614493690431118, 'fear': 0.06193038821220398, 'joy': 0.01298570167273283, 'neutral': 0.7762399911880493, 'sadness': 0.03476279601454735, 'surprise': 0.0637940913438797}","{'anger': 0.009917369112372398, 'disgust': 0.006185733713209629, 'fear': 0.0030515415128320456, 'joy': 0.07598769664764404, 'neutral': 0.8913962244987488, 'sadness': 0.005007315427064896, 'surprise': 0.00845412164926529}","{'anger': 0.026843799278140068, 'disgust': 0.0042831916362047195, 'fear': 0.009974648244678974, 'joy': 0.025964289903640747, 'neutral': 0.9191203117370605, 'sadness': 0.0019418819574639201, 'surprise': 0.011871883645653725}",0.1451452745495363,0.06046697847136129,0.06878979642096839
context_190,"{'anger': 0.022513369098305702, 'disgust': 0.01337649580091238, 'fear': 0.886315107345581, 'joy': 0.0031414672266691923, 'neutral': 0.03547515720129013, 'sadness': 0.01697608083486557, 'surprise': 0.022202258929610252}","{'anger': 0.017880449071526527, 'disgust': 0.03908149152994156, 'fear': 0.028485506772994995, 'joy': 0.041212182492017746, 'neutral': 0.8156785368919373, 'sadness': 0.01300745364278555, 'surprise': 0.044654421508312225}","{'anger': 0.011665496043860912, 'disgust': 0.02827804535627365, 'fear': 0.018204009160399437, 'joy': 0.006468178704380989, 'neutral': 0.8377485871315002, 'sadness': 0.09066721796989441, 'surprise': 0.006968465633690357}","{'anger': 0.03362521156668663, 'disgust': 0.10802517086267471, 'fear': 0.6527359485626221, 'joy': 0.002607324393466115, 'neutral': 0.15765531361103058, 'sadness': 0.04234544560313225, 'surprise': 0.0030055432580411434}",0.07756898666244116,0.06437639991783706,0.9691915310653304
context_191,"{'anger': 0.001572315231896937, 'disgust': 0.00124707305803895, 'fear': 0.9847301840782166, 'joy': 0.001020466792397201, 'neutral': 0.003983494825661182, 'sadness': 0.002682225778698921, 'surprise': 0.004764373879879713}","{'anger': 0.0025387059431523085, 'disgust': 0.0028421422466635704, 'fear': 0.9577468633651733, 'joy': 0.0018176287412643433, 'neutral': 0.024731647223234177, 'sadness': 0.004471745807677507, 'surprise': 0.005851270630955696}","{'anger': 0.011101839132606983, 'disgust': 0.014886904507875443, 'fear': 0.5016021728515625, 'joy': 0.012195040471851826, 'neutral': 0.31707727909088135, 'sadness': 0.12539303302764893, 'surprise': 0.017743758857250214}","{'anger': 0.008235524408519268, 'disgust': 0.014538617804646492, 'fear': 0.6691629886627197, 'joy': 0.009761663153767586, 'neutral': 0.2832626700401306, 'sadness': 0.009893139824271202, 'surprise': 0.005145336035639048}",0.9997579540291869,0.828985564962874,0.9221365307975747
context_192,"{'anger': 0.11622224003076553, 'disgust': 0.009309621527791023, 'fear': 0.8114070892333984, 'joy': 0.00465741939842701, 'neutral': 0.03899426758289337, 'sadness': 0.012009769678115845, 'surprise': 0.007399664260447025}","{'anger': 0.007436996325850487, 'disgust': 0.020018329843878746, 'fear': 0.0291289109736681, 'joy': 0.020656544715166092, 'neutral': 0.841314435005188, 'sadness': 0.0016199630917981267, 'surprise': 0.07982491701841354}","{'anger': 0.0018387354211881757, 'disgust': 0.0011100806295871735, 'fear': 0.9815070629119873, 'joy': 0.0017263274639844894, 'neutral': 0.008853395469486713, 'sadness': 0.002957187360152602, 'surprise': 0.0020071780309081078}","{'anger': 0.3096230626106262, 'disgust': 0.04766791686415672, 'fear': 0.03927163779735565, 'joy': 0.028513791039586067, 'neutral': 0.566173791885376, 'sadness': 0.006093655712902546, 'surprise': 0.002656096825376153}",0.0838001855275824,0.989281629329042,0.1700938571591032
context_193,"{'anger': 0.01876690983772278, 'disgust': 0.03889930993318558, 'fear': 0.16437241435050964, 'joy': 0.0028786472976207733, 'neutral': 0.15907229483127594, 'sadness': 0.6016229391098022, 'surprise': 0.014387506991624832}","{'anger': 0.020661242306232452, 'disgust': 0.03720380365848541, 'fear': 0.02719941921532154, 'joy': 0.002074338961392641, 'neutral': 0.6296620965003967, 'sadness': 0.006399023812264204, 'surprise': 0.2768000364303589}","{'anger': 0.013070506043732166, 'disgust': 0.005353305954486132, 'fear': 0.11040447652339935, 'joy': 0.0254487507045269, 'neutral': 0.8189530968666077, 'sadness': 0.02000417746603489, 'surprise': 0.006765628699213266}","{'anger': 0.01856018230319023, 'disgust': 0.010893362574279308, 'fear': 0.0383981391787529, 'joy': 0.017446808516979218, 'neutral': 0.9021679162979126, 'sadness': 0.009087560698390007, 'surprise': 0.0034460381139069796}",0.25684789374977834,0.3018060732996295,0.26787422333114497
context_194,"{'anger': 0.01298449281603098, 'disgust': 0.020013973116874695, 'fear': 0.755882978439331, 'joy': 0.003060936229303479, 'neutral': 0.1700889617204666, 'sadness': 0.012604585848748684, 'surprise': 0.025363976135849953}","{'anger': 0.017141642048954964, 'disgust': 0.016486510634422302, 'fear': 0.006664706859737635, 'joy': 0.02502230927348137, 'neutral': 0.9260750412940979, 'sadness': 0.002244895091280341, 'surprise': 0.00636488338932395}","{'anger': 0.0011245888890698552, 'disgust': 0.0006853751838207245, 'fear': 0.9711635708808899, 'joy': 0.001357303000986576, 'neutral': 0.0029667296912521124, 'sadness': 0.001606771140359342, 'surprise': 0.02109556645154953}","{'anger': 0.00667751906439662, 'disgust': 0.0064369626343250275, 'fear': 0.8236420154571533, 'joy': 0.009976481087505817, 'neutral': 0.1422642022371292, 'sadness': 0.008134664967656136, 'surprise': 0.0028681333642452955}",0.22726223421848313,0.9756977064056314,0.9980530520810936
context_195,"{'anger': 0.00457505788654089, 'disgust': 0.009082537144422531, 'fear': 0.817528247833252, 'joy': 0.0036907000467181206, 'neutral': 0.06346216797828674, 'sadness': 0.0975419133901596, 'surprise': 0.004119289573282003}","{'anger': 0.020216068252921104, 'disgust': 0.01848367415368557, 'fear': 0.02127431146800518, 'joy': 0.09879057854413986, 'neutral': 0.8320818543434143, 'sadness': 0.003664105897769332, 'surprise': 0.005489417351782322}","{'anger': 0.10420312732458115, 'disgust': 0.054290540516376495, 'fear': 0.015076079405844212, 'joy': 0.006791392806917429, 'neutral': 0.7995922565460205, 'sadness': 0.012222448363900185, 'surprise': 0.007824131287634373}","{'anger': 0.006408315151929855, 'disgust': 0.004195760935544968, 'fear': 0.9033437371253967, 'joy': 0.007204058580100536, 'neutral': 0.07031022757291794, 'sadness': 0.006420386955142021, 'surprise': 0.0021175621077418327}",0.10280321145347149,0.09778352731136442,0.9937810859055082
context_196,"{'anger': 0.08807508647441864, 'disgust': 0.0963624119758606, 'fear': 0.06652338802814484, 'joy': 0.004369948524981737, 'neutral': 0.09251213818788528, 'sadness': 0.6380862593650818, 'surprise': 0.014070695266127586}","{'anger': 0.001904284697957337, 'disgust': 0.002634188160300255, 'fear': 0.001920690294355154, 'joy': 0.004254628904163837, 'neutral': 0.017971454188227654, 'sadness': 0.9670723676681519, 'surprise': 0.0042424192652106285}","{'anger': 0.002038108417764306, 'disgust': 0.0009835989912971854, 'fear': 0.0012722733663395047, 'joy': 0.0016894988948479295, 'neutral': 0.003339852439239621, 'sadness': 0.9854812026023865, 'surprise': 0.005195510573685169}","{'anger': 0.006322425790131092, 'disgust': 0.02159372717142105, 'fear': 0.010527287609875202, 'joy': 0.011712250299751759, 'neutral': 0.15235356986522675, 'sadness': 0.7952410578727722, 'surprise': 0.00224971491843462}",0.9681958100376178,0.9659327994207403,0.9797162056322015
context_197,"{'anger': 0.11190702021121979, 'disgust': 0.20687593519687653, 'fear': 0.13230441510677338, 'joy': 0.013346345163881779, 'neutral': 0.46023380756378174, 'sadness': 0.07318411767482758, 'surprise': 0.002148308325558901}","{'anger': 0.004285862669348717, 'disgust': 0.008612063713371754, 'fear': 0.010325916111469269, 'joy': 0.01570471003651619, 'neutral': 0.9437400698661804, 'sadness': 0.007891339249908924, 'surprise': 0.009440005756914616}","{'anger': 0.007550816051661968, 'disgust': 0.006579054519534111, 'fear': 0.5922110080718994, 'joy': 0.0038412034045904875, 'neutral': 0.06780031323432922, 'sadness': 0.3163558840751648, 'surprise': 0.0056617832742631435}","{'anger': 0.04152354598045349, 'disgust': 0.03474186360836029, 'fear': 0.3351331353187561, 'joy': 0.009735701605677605, 'neutral': 0.5362882018089294, 'sadness': 0.04047685116529465, 'surprise': 0.002100721700116992}",0.8628032058759814,0.37125011810564024,0.8933201790689984
context_198,"{'anger': 0.14474506676197052, 'disgust': 0.2513502240180969, 'fear': 0.02253120392560959, 'joy': 0.004424110520631075, 'neutral': 0.34757447242736816, 'sadness': 0.09941067546606064, 'surprise': 0.1299641877412796}","{'anger': 0.024299336597323418, 'disgust': 0.11892013996839523, 'fear': 0.02210518717765808, 'joy': 0.012998945079743862, 'neutral': 0.23406082391738892, 'sadness': 0.025492699816823006, 'surprise': 0.5621229410171509}","{'anger': 0.03271877020597458, 'disgust': 0.004923593252897263, 'fear': 0.008064672350883484, 'joy': 0.009227192960679531, 'neutral': 0.34808018803596497, 'sadness': 0.013002846390008926, 'surprise': 0.5839827060699463}","{'anger': 0.01178098376840353, 'disgust': 0.014791262336075306, 'fear': 0.007438354659825563, 'joy': 0.030142895877361298, 'neutral': 0.9256625771522522, 'sadness': 0.006577011197805405, 'surprise': 0.0036068616900593042}",0.636956510193348,0.6228364246333499,0.7360013450693241
context_199,"{'anger': 0.03297308832406998, 'disgust': 0.012268859893083572, 'fear': 0.8314210772514343, 'joy': 0.0025751409120857716, 'neutral': 0.06027982756495476, 'sadness': 0.0449359193444252, 'surprise': 0.01554612722247839}","{'anger': 0.2714215815067291, 'disgust': 0.08618079870939255, 'fear': 0.004992098081856966, 'joy': 0.016920438036322594, 'neutral': 0.5193454027175903, 'sadness': 0.09556763619184494, 'surprise': 0.005572010297328234}","{'anger': 0.01195842307060957, 'disgust': 0.007950354367494583, 'fear': 0.029640981927514076, 'joy': 0.20185920596122742, 'neutral': 0.5868170857429504, 'sadness': 0.15399669110774994, 'surprise': 0.007777288090437651}","{'anger': 0.023869425058364868, 'disgust': 0.02921302616596222, 'fear': 0.01706170104444027, 'joy': 0.007786300033330917, 'neutral': 0.8859155178070068, 'sadness': 0.03439798951148987, 'surprise': 0.001756108715198934}",0.0994530369396125,0.12721300602338992,0.09481100544909804
context_200,"{'anger': 0.016233118250966072, 'disgust': 0.02131923846900463, 'fear': 0.10273352265357971, 'joy': 0.0015330474125221372, 'neutral': 0.014622748829424381, 'sadness': 0.01162763126194477, 'surprise': 0.8319306373596191}","{'anger': 0.024987515062093735, 'disgust': 0.04439491778612137, 'fear': 0.019509492442011833, 'joy': 0.009569055400788784, 'neutral': 0.38505491614341736, 'sadness': 0.5105074048042297, 'surprise': 0.0059767006896436214}","{'anger': 0.000976755516603589, 'disgust': 0.0009701655944809318, 'fear': 0.0034937055315822363, 'joy': 0.003508260939270258, 'neutral': 0.006578776985406876, 'sadness': 0.9669728875160217, 'surprise': 0.017499499022960663}","{'anger': 0.0075904265977442265, 'disgust': 0.030900739133358, 'fear': 0.008029396645724773, 'joy': 0.008549191057682037, 'neutral': 0.14637786149978638, 'sadness': 0.7969441413879395, 'surprise': 0.0016082179499790072}",0.03697605864785636,0.03241411291786833,0.02111477165253628
context_201,"{'anger': 0.1088578924536705, 'disgust': 0.0937504842877388, 'fear': 0.18351265788078308, 'joy': 0.003122277557849884, 'neutral': 0.3308410942554474, 'sadness': 0.2392970472574234, 'surprise': 0.04061853885650635}","{'anger': 0.002571496646851301, 'disgust': 0.0034294617362320423, 'fear': 0.9392859935760498, 'joy': 0.0026489782612770796, 'neutral': 0.023345058783888817, 'sadness': 0.025800403207540512, 'surprise': 0.0029184995219111443}","{'anger': 0.004548497498035431, 'disgust': 0.003750523319467902, 'fear': 0.8478099703788757, 'joy': 0.013855555094778538, 'neutral': 0.07812758535146713, 'sadness': 0.005161636974662542, 'surprise': 0.04674622416496277}","{'anger': 0.0028555216267704964, 'disgust': 0.015407983213663101, 'fear': 0.020544840022921562, 'joy': 0.01474111620336771, 'neutral': 0.24521516263484955, 'sadness': 0.694719135761261, 'surprise': 0.006516225170344114}",0.4215750378061185,0.4608091657836584,0.7276884898146034
context_202,"{'anger': 0.001712325494736433, 'disgust': 0.0047845058143138885, 'fear': 0.007248977664858103, 'joy': 0.0009937095455825329, 'neutral': 0.010245481505990028, 'sadness': 0.9704816937446594, 'surprise': 0.004533277824521065}","{'anger': 0.03548616170883179, 'disgust': 0.028817808255553246, 'fear': 0.023233510553836823, 'joy': 0.003080852096900344, 'neutral': 0.8804493546485901, 'sadness': 0.013039874844253063, 'surprise': 0.01589248701930046}","{'anger': 0.02955436520278454, 'disgust': 0.17209286987781525, 'fear': 0.008734830655157566, 'joy': 0.006847493816167116, 'neutral': 0.22046144306659698, 'sadness': 0.5207570195198059, 'surprise': 0.04155196249485016}","{'anger': 0.010256393812596798, 'disgust': 0.03615161031484604, 'fear': 0.015009960159659386, 'joy': 0.00577226048335433, 'neutral': 0.08818171918392181, 'sadness': 0.8415217995643616, 'surprise': 0.003106278134509921}",0.025831294203058186,0.8833659531095575,0.9947683419533531
context_203,"{'anger': 0.04530166834592819, 'disgust': 0.7958804965019226, 'fear': 0.12011747062206268, 'joy': 0.0012165859807282686, 'neutral': 0.009430349804461002, 'sadness': 0.023048607632517815, 'surprise': 0.005004884675145149}","{'anger': 0.015567987225949764, 'disgust': 0.004353254567831755, 'fear': 0.5140371918678284, 'joy': 0.001845882274210453, 'neutral': 0.008612032979726791, 'sadness': 0.003884334350004792, 'surprise': 0.45169928669929504}","{'anger': 0.5850071907043457, 'disgust': 0.015072310343384743, 'fear': 0.05590273439884186, 'joy': 0.019054992124438286, 'neutral': 0.1978461891412735, 'sadness': 0.08478598296642303, 'surprise': 0.04233057424426079}","{'anger': 0.008396551944315434, 'disgust': 0.0025509949773550034, 'fear': 0.49219343066215515, 'joy': 0.0027230679988861084, 'neutral': 0.018825652077794075, 'sadness': 0.0050737145356833935, 'surprise': 0.4702366590499878}",0.12378751137037503,0.0973040169046635,0.11684056915035645
context_204,"{'anger': 0.021309003233909607, 'disgust': 0.04390820115804672, 'fear': 0.6243694424629211, 'joy': 0.004716980736702681, 'neutral': 0.13401025533676147, 'sadness': 0.1626901775598526, 'surprise': 0.008995937183499336}","{'anger': 0.015344453975558281, 'disgust': 0.009032555855810642, 'fear': 0.8221640586853027, 'joy': 0.003755012759938836, 'neutral': 0.02694430947303772, 'sadness': 0.10873901844024658, 'surprise': 0.014020548202097416}","{'anger': 0.005313255358487368, 'disgust': 0.0021068460773676634, 'fear': 0.09191425889730453, 'joy': 0.037494465708732605, 'neutral': 0.8080427050590515, 'sadness': 0.031480174511671066, 'surprise': 0.023648224771022797}","{'anger': 0.011287972331047058, 'disgust': 0.019511211663484573, 'fear': 0.18191173672676086, 'joy': 0.0110314404591918, 'neutral': 0.7425894737243652, 'sadness': 0.02944568172097206, 'surprise': 0.004222456365823746}",0.9761720194192518,0.31817621655548,0.43301813878640893
context_205,"{'anger': 0.000944904051721096, 'disgust': 0.0027709517162293196, 'fear': 0.002843286609277129, 'joy': 0.0010215401416644454, 'neutral': 0.008471394889056683, 'sadness': 0.980509877204895, 'surprise': 0.0034381255973130465}","{'anger': 0.02853037603199482, 'disgust': 0.017624346539378166, 'fear': 0.48671969771385193, 'joy': 0.01623261719942093, 'neutral': 0.40421637892723083, 'sadness': 0.03693562373518944, 'surprise': 0.009740833193063736}","{'anger': 0.010349378921091557, 'disgust': 0.02440110221505165, 'fear': 0.4357380270957947, 'joy': 0.006715335417538881, 'neutral': 0.4337587058544159, 'sadness': 0.07974983006715775, 'surprise': 0.009287546388804913}","{'anger': 0.041175346821546555, 'disgust': 0.02216220274567604, 'fear': 0.12974178791046143, 'joy': 0.015636131167411804, 'neutral': 0.7133325934410095, 'sadness': 0.07473636418581009, 'surprise': 0.003215661970898509}",0.06609487305765505,0.13675147036179813,0.11142457641752523
context_206,"{'anger': 0.011380904354155064, 'disgust': 0.5711705684661865, 'fear': 0.19067631661891937, 'joy': 0.009942825883626938, 'neutral': 0.028523510321974754, 'sadness': 0.18627499043941498, 'surprise': 0.0020308545790612698}","{'anger': 0.010361991822719574, 'disgust': 0.013972447253763676, 'fear': 0.056754790246486664, 'joy': 0.014560937881469727, 'neutral': 0.8665615916252136, 'sadness': 0.032193027436733246, 'surprise': 0.005595298949629068}","{'anger': 0.4936801493167877, 'disgust': 0.057703979313373566, 'fear': 0.027216196060180664, 'joy': 0.017367465421557426, 'neutral': 0.35403603315353394, 'sadness': 0.0422251895070076, 'surprise': 0.007771034725010395}","{'anger': 0.006451982539147139, 'disgust': 0.03475886210799217, 'fear': 0.010172111913561821, 'joy': 0.03590181842446327, 'neutral': 0.523181140422821, 'sadness': 0.3820320963859558, 'surprise': 0.007501996122300625}",0.09074820082066859,0.16014860071926174,0.2640927509416735
context_207,"{'anger': 0.03527076542377472, 'disgust': 0.5748368501663208, 'fear': 0.06509052962064743, 'joy': 0.0025562632363289595, 'neutral': 0.26548612117767334, 'sadness': 0.040536150336265564, 'surprise': 0.01622329093515873}","{'anger': 0.007380612660199404, 'disgust': 0.008084982633590698, 'fear': 0.06485259532928467, 'joy': 0.01408627349883318, 'neutral': 0.8389632105827332, 'sadness': 0.055340927094221115, 'surprise': 0.011291409842669964}","{'anger': 0.6519961357116699, 'disgust': 0.004174283239990473, 'fear': 0.3095919191837311, 'joy': 0.0025448445230722427, 'neutral': 0.013621051795780659, 'sadness': 0.008330143056809902, 'surprise': 0.009741654619574547}","{'anger': 0.018382061272859573, 'disgust': 0.1273953765630722, 'fear': 0.16239896416664124, 'joy': 0.011334655806422234, 'neutral': 0.6553040146827698, 'sadness': 0.021253136917948723, 'surprise': 0.003931846469640732}",0.4347215132767226,0.1076486679898001,0.5902356394747077
context_208,"{'anger': 0.3108893632888794, 'disgust': 0.5605392456054688, 'fear': 0.004621113650500774, 'joy': 0.0009526285575702786, 'neutral': 0.08835269510746002, 'sadness': 0.01357751339673996, 'surprise': 0.021067451685667038}","{'anger': 0.03935703635215759, 'disgust': 0.06075485423207283, 'fear': 0.0392882339656353, 'joy': 0.0244494266808033, 'neutral': 0.48536765575408936, 'sadness': 0.33673712611198425, 'surprise': 0.014045649208128452}","{'anger': 0.004084480460733175, 'disgust': 0.004832427017390728, 'fear': 0.020425228402018547, 'joy': 0.005616954527795315, 'neutral': 0.045800454914569855, 'sadness': 0.9099678993225098, 'surprise': 0.009272563271224499}","{'anger': 0.040845587849617004, 'disgust': 0.029267480596899986, 'fear': 0.021726006641983986, 'joy': 0.009531698189675808, 'neutral': 0.8791788816452026, 'sadness': 0.01653960533440113, 'surprise': 0.002910773968324065}",0.2437468391234956,0.03503146417967706,0.18785008654310065
context_209,"{'anger': 0.010777867399156094, 'disgust': 0.03785894438624382, 'fear': 0.8908305168151855, 'joy': 0.0029500052332878113, 'neutral': 0.031965482980012894, 'sadness': 0.006581235211342573, 'surprise': 0.01903594844043255}","{'anger': 0.02459358610212803, 'disgust': 0.38946986198425293, 'fear': 0.1346914917230606, 'joy': 0.0027084150351583958, 'neutral': 0.3786104917526245, 'sadness': 0.061026547104120255, 'surprise': 0.008899583481252193}","{'anger': 0.014446261338889599, 'disgust': 0.010341214016079903, 'fear': 0.006929746828973293, 'joy': 0.6129845380783081, 'neutral': 0.34572646021842957, 'sadness': 0.004345287103205919, 'surprise': 0.005226539447903633}","{'anger': 0.001311390078626573, 'disgust': 0.001081509399227798, 'fear': 0.9874043464660645, 'joy': 0.0011360455537214875, 'neutral': 0.0059708114713430405, 'sadness': 0.001576836104504764, 'surprise': 0.001519154291599989}",0.29361219498413127,0.03136401605239747,0.9984287897069669
context_210,"{'anger': 0.004972465801984072, 'disgust': 0.00979860033839941, 'fear': 0.0055890460498631, 'joy': 0.001169759314507246, 'neutral': 0.014709609560668468, 'sadness': 0.962681770324707, 'surprise': 0.0010787945939227939}","{'anger': 0.012077422812581062, 'disgust': 0.010642186738550663, 'fear': 0.2733685374259949, 'joy': 0.003626282559707761, 'neutral': 0.09708546102046967, 'sadness': 0.5790795087814331, 'surprise': 0.024120543152093887}","{'anger': 0.008785293437540531, 'disgust': 0.010090908966958523, 'fear': 0.24895831942558289, 'joy': 0.006409713067114353, 'neutral': 0.04958641901612282, 'sadness': 0.38076096773147583, 'surprise': 0.29540836811065674}","{'anger': 0.003246283158659935, 'disgust': 0.0183112733066082, 'fear': 0.01988121122121811, 'joy': 0.026328448206186295, 'neutral': 0.5656459331512451, 'sadness': 0.3569169342517853, 'surprise': 0.009669997729361057}",0.8980424698913615,0.7035820775772201,0.5460584853107118
context_211,"{'anger': 0.018895979970693588, 'disgust': 0.0030605527572333813, 'fear': 0.48863258957862854, 'joy': 0.002585107460618019, 'neutral': 0.002992518013343215, 'sadness': 0.47503888607025146, 'surprise': 0.008794417604804039}","{'anger': 0.008575157262384892, 'disgust': 0.038223739713430405, 'fear': 0.07377572357654572, 'joy': 0.007669334765523672, 'neutral': 0.8313198685646057, 'sadness': 0.034467291086912155, 'surprise': 0.005968960467725992}","{'anger': 0.04846793785691261, 'disgust': 0.026784146204590797, 'fear': 0.08145923912525177, 'joy': 0.07694706320762634, 'neutral': 0.6121362447738647, 'sadness': 0.11992745846509933, 'surprise': 0.034277863800525665}","{'anger': 0.06887088716030121, 'disgust': 0.04643840342760086, 'fear': 0.1853686273097992, 'joy': 0.015080188401043415, 'neutral': 0.658463180065155, 'sadness': 0.02385285124182701, 'surprise': 0.0019258542452007532}",0.09691779131436828,0.2304485926707387,0.22409977656880664
context_212,"{'anger': 0.004042088519781828, 'disgust': 0.017417408525943756, 'fear': 0.05643319711089134, 'joy': 0.002346297260373831, 'neutral': 0.06782406568527222, 'sadness': 0.8374934792518616, 'surprise': 0.014443441294133663}","{'anger': 0.01574774459004402, 'disgust': 0.027296677231788635, 'fear': 0.10893245041370392, 'joy': 0.006994346156716347, 'neutral': 0.720369815826416, 'sadness': 0.10592836141586304, 'surprise': 0.01473059318959713}","{'anger': 0.009763162583112717, 'disgust': 0.0026248754002153873, 'fear': 0.5727347731590271, 'joy': 0.0022042240016162395, 'neutral': 0.008974311873316765, 'sadness': 0.024385610595345497, 'surprise': 0.37931308150291443}","{'anger': 0.00897982344031334, 'disgust': 0.025340931490063667, 'fear': 0.43310660123825073, 'joy': 0.012610173784196377, 'neutral': 0.29210689663887024, 'sadness': 0.22027690708637238, 'surprise': 0.007578575983643532}",0.23269117287591423,0.10172952398685442,0.4794923993915665
context_213,"{'anger': 0.24410207569599152, 'disgust': 0.33383142948150635, 'fear': 0.1272956281900406, 'joy': 0.0035816405434161425, 'neutral': 0.16372394561767578, 'sadness': 0.11741898953914642, 'surprise': 0.010046323761343956}","{'anger': 0.035435643047094345, 'disgust': 0.040467772632837296, 'fear': 0.015888594090938568, 'joy': 0.035883545875549316, 'neutral': 0.8079622983932495, 'sadness': 0.06098044291138649, 'surprise': 0.0033816953655332327}","{'anger': 0.015106303617358208, 'disgust': 0.026675892993807793, 'fear': 0.25201550126075745, 'joy': 0.008174131624400616, 'neutral': 0.63462233543396, 'sadness': 0.054886024445295334, 'surprise': 0.008519838564097881}","{'anger': 0.21994370222091675, 'disgust': 0.08513826876878738, 'fear': 0.14149315655231476, 'joy': 0.006450079381465912, 'neutral': 0.5221192240715027, 'sadness': 0.022391624748706818, 'surprise': 0.002463939832523465}",0.4219690292177627,0.4737957600960726,0.6677447236189566
context_214,"{'anger': 0.6477131843566895, 'disgust': 0.09198054671287537, 'fear': 0.038418348878622055, 'joy': 0.002043879358097911, 'neutral': 0.04678395017981529, 'sadness': 0.14968888461589813, 'surprise': 0.023371215909719467}","{'anger': 0.08206259459257126, 'disgust': 0.050313666462898254, 'fear': 0.026547065004706383, 'joy': 0.005681526847183704, 'neutral': 0.7671477794647217, 'sadness': 0.01936725154519081, 'surprise': 0.048880159854888916}","{'anger': 0.06972730159759521, 'disgust': 0.01950030028820038, 'fear': 0.5241073369979858, 'joy': 0.007233536336570978, 'neutral': 0.2910212576389313, 'sadness': 0.06619317829608917, 'surprise': 0.02221710979938507}","{'anger': 0.027696650475263596, 'disgust': 0.047828759998083115, 'fear': 0.01985720917582512, 'joy': 0.014256898313760757, 'neutral': 0.704285740852356, 'sadness': 0.18319018185138702, 'surprise': 0.002884547458961606}",0.1888643034378339,0.22238043837101162,0.16973183439719586
context_215,"{'anger': 0.0922374501824379, 'disgust': 0.11626310646533966, 'fear': 0.7578842639923096, 'joy': 0.0017080812249332666, 'neutral': 0.009737041778862476, 'sadness': 0.010566450655460358, 'surprise': 0.011603587307035923}","{'anger': 0.5336194038391113, 'disgust': 0.04455562308430672, 'fear': 0.2221693992614746, 'joy': 0.003417099127545953, 'neutral': 0.04711029678583145, 'sadness': 0.1462499499320984, 'surprise': 0.00287811690941453}","{'anger': 0.002580337692052126, 'disgust': 0.003141590394079685, 'fear': 0.9290289282798767, 'joy': 0.0031531297136098146, 'neutral': 0.03390729799866676, 'sadness': 0.025513451546430588, 'surprise': 0.0026752802077680826}","{'anger': 0.08341963589191437, 'disgust': 0.0445992648601532, 'fear': 0.5450439453125, 'joy': 0.0058960202150046825, 'neutral': 0.2961311638355255, 'sadness': 0.02250339835882187, 'surprise': 0.0024066243786364794}",0.48523910947689153,0.9817633017316459,0.8846811563494851
context_216,"{'anger': 0.0036176193971186876, 'disgust': 0.012441374361515045, 'fear': 0.9555412530899048, 'joy': 0.001541344914585352, 'neutral': 0.011965431272983551, 'sadness': 0.012015343643724918, 'surprise': 0.0028776756953448057}","{'anger': 0.005494379438459873, 'disgust': 0.021423986181616783, 'fear': 0.06013219431042671, 'joy': 0.02083476260304451, 'neutral': 0.8663362264633179, 'sadness': 0.02004728466272354, 'surprise': 0.005731126293540001}","{'anger': 0.018258897587656975, 'disgust': 0.0043807984329760075, 'fear': 0.4968521296977997, 'joy': 0.15221934020519257, 'neutral': 0.2903975248336792, 'sadness': 0.023334097117185593, 'surprise': 0.014557176269590855}","{'anger': 0.0027016957756131887, 'disgust': 0.0014199049910530448, 'fear': 0.9400646090507507, 'joy': 0.0010792174143716693, 'neutral': 0.005090841557830572, 'sadness': 0.0028749448247253895, 'surprise': 0.04676881060004234}",0.08233415223167184,0.840417508795379,0.9987728058344494
context_217,"{'anger': 0.14586855471134186, 'disgust': 0.3682686388492584, 'fear': 0.012478075921535492, 'joy': 0.003613983979448676, 'neutral': 0.18566443026065826, 'sadness': 0.27340009808540344, 'surprise': 0.010706258937716484}","{'anger': 0.016960617154836655, 'disgust': 0.03269154205918312, 'fear': 0.0013321666046977043, 'joy': 0.002932974137365818, 'neutral': 0.036038633435964584, 'sadness': 0.908559262752533, 'surprise': 0.0014847770798951387}","{'anger': 0.015325376763939857, 'disgust': 0.02139177732169628, 'fear': 0.012454541400074959, 'joy': 0.004550883546471596, 'neutral': 0.9260321855545044, 'sadness': 0.016337662935256958, 'surprise': 0.003907657694071531}","{'anger': 0.06296161562204361, 'disgust': 0.060228776186704636, 'fear': 0.2015499472618103, 'joy': 0.003961162641644478, 'neutral': 0.36894920468330383, 'sadness': 0.2981172800064087, 'surprise': 0.004232092760503292}",0.5740824998901716,0.3904063650795977,0.6817789110868583
context_218,"{'anger': 0.0030008789617568254, 'disgust': 0.009498165920376778, 'fear': 0.004030275158584118, 'joy': 0.0016938933404162526, 'neutral': 0.019927825778722763, 'sadness': 0.960308313369751, 'surprise': 0.0015406720340251923}","{'anger': 0.019947031512856483, 'disgust': 0.02034011110663414, 'fear': 0.004554674495011568, 'joy': 0.5412493944168091, 'neutral': 0.3866631090641022, 'sadness': 0.008999813348054886, 'surprise': 0.018245918676257133}","{'anger': 0.00450468435883522, 'disgust': 0.0016685726586729288, 'fear': 0.0030563599430024624, 'joy': 0.007288126740604639, 'neutral': 0.06816281378269196, 'sadness': 0.004689207766205072, 'surprise': 0.9106302261352539}","{'anger': 0.03817392885684967, 'disgust': 0.04654068872332573, 'fear': 0.02887580171227455, 'joy': 0.008536238223314285, 'neutral': 0.4294082820415497, 'sadness': 0.446391224861145, 'surprise': 0.002073851879686117}",0.02745052013992877,0.008342616253803059,0.7317126235673392
context_219,"{'anger': 0.08325955271720886, 'disgust': 0.05902126431465149, 'fear': 0.04321090877056122, 'joy': 0.014349455945193768, 'neutral': 0.2747422456741333, 'sadness': 0.46513471007347107, 'surprise': 0.06028180196881294}","{'anger': 0.009127495810389519, 'disgust': 0.008381687104701996, 'fear': 0.007732585072517395, 'joy': 0.15300126373767853, 'neutral': 0.7641018629074097, 'sadness': 0.0501093752682209, 'surprise': 0.007545712403953075}","{'anger': 0.7248975038528442, 'disgust': 0.011323191225528717, 'fear': 0.07460664957761765, 'joy': 0.026160908862948418, 'neutral': 0.13585194945335388, 'sadness': 0.020569397136569023, 'surprise': 0.006590479053556919}","{'anger': 0.0088979322463274, 'disgust': 0.009810321033000946, 'fear': 0.07230185717344284, 'joy': 0.0014735423028469086, 'neutral': 0.025946034118533134, 'sadness': 0.8790029287338257, 'surprise': 0.0025673143099993467}",0.5478965282546,0.27173227016137547,0.8588836678419497
context_220,"{'anger': 0.4377017319202423, 'disgust': 0.42882055044174194, 'fear': 0.006611216813325882, 'joy': 0.001051886472851038, 'neutral': 0.09703425318002701, 'sadness': 0.02269759774208069, 'surprise': 0.006082699168473482}","{'anger': 0.2042953222990036, 'disgust': 0.12917307019233704, 'fear': 0.004024317488074303, 'joy': 0.003690300276502967, 'neutral': 0.6133769154548645, 'sadness': 0.03703077509999275, 'surprise': 0.00840925145894289}","{'anger': 0.13507221639156342, 'disgust': 0.016391072422266006, 'fear': 0.02520473673939705, 'joy': 0.08157744258642197, 'neutral': 0.7131353616714478, 'sadness': 0.011031214147806168, 'surprise': 0.017587928101420403}","{'anger': 0.04137176647782326, 'disgust': 0.028325913473963737, 'fear': 0.007900449447333813, 'joy': 0.02164692059159279, 'neutral': 0.8865670561790466, 'sadness': 0.012466023676097393, 'surprise': 0.0017218777211382985}",0.500589754657685,0.29944006456428496,0.2114907802184055
context_221,"{'anger': 0.01671546697616577, 'disgust': 0.0029830813873559237, 'fear': 0.02354452572762966, 'joy': 0.006897022016346455, 'neutral': 0.015392052009701729, 'sadness': 0.9266611933708191, 'surprise': 0.00780668156221509}","{'anger': 0.16381481289863586, 'disgust': 0.22382260859012604, 'fear': 0.4630538821220398, 'joy': 0.006089578382670879, 'neutral': 0.04079147428274155, 'sadness': 0.09996987879276276, 'surprise': 0.00245777633972466}","{'anger': 0.02317035011947155, 'disgust': 0.03363564610481262, 'fear': 0.0041074203327298164, 'joy': 0.038097016513347626, 'neutral': 0.5041703581809998, 'sadness': 0.392984539270401, 'surprise': 0.003834676928818226}","{'anger': 0.08661966770887375, 'disgust': 0.08103439956903458, 'fear': 0.11145883053541183, 'joy': 0.01237201876938343, 'neutral': 0.5754680037498474, 'sadness': 0.13108815252780914, 'surprise': 0.001958932029083371}",0.2108512380925731,0.6265059565478178,0.23729146875727714
context_222,"{'anger': 0.004376891069114208, 'disgust': 0.019148606806993484, 'fear': 0.0052960943430662155, 'joy': 0.00344836781732738, 'neutral': 0.043680738657712936, 'sadness': 0.9176689982414246, 'surprise': 0.0063802325166761875}","{'anger': 0.10301992297172546, 'disgust': 0.04454444721341133, 'fear': 0.3163403272628784, 'joy': 0.03759213164448738, 'neutral': 0.45074036717414856, 'sadness': 0.040451403707265854, 'surprise': 0.007311347406357527}","{'anger': 0.04752817749977112, 'disgust': 0.008300461806356907, 'fear': 0.006780405528843403, 'joy': 0.6948509812355042, 'neutral': 0.16530653834342957, 'sadness': 0.019237931817770004, 'surprise': 0.057995572686195374}","{'anger': 0.03989790007472038, 'disgust': 0.025432728230953217, 'fear': 0.003450897056609392, 'joy': 0.02382395602762699, 'neutral': 0.8663231730461121, 'sadness': 0.038360752165317535, 'surprise': 0.002710628556087613}",0.11554425998522166,0.042472540932848135,0.0924649808413347
context_223,"{'anger': 0.027429895475506783, 'disgust': 0.008265675976872444, 'fear': 0.754395604133606, 'joy': 0.0026889145374298096, 'neutral': 0.07698065787553787, 'sadness': 0.12487863749265671, 'surprise': 0.005360614042729139}","{'anger': 0.019559422507882118, 'disgust': 0.014640015549957752, 'fear': 0.015460118651390076, 'joy': 0.11590830981731415, 'neutral': 0.8171637058258057, 'sadness': 0.014153092168271542, 'surprise': 0.003115266328677535}","{'anger': 0.00491052633151412, 'disgust': 0.01799963228404522, 'fear': 0.1355830430984497, 'joy': 0.00210424792021513, 'neutral': 0.04028211906552315, 'sadness': 0.794204592704773, 'surprise': 0.004915820900350809}","{'anger': 0.008271985687315464, 'disgust': 0.01326042041182518, 'fear': 0.0648895725607872, 'joy': 0.029729904606938362, 'neutral': 0.7992234826087952, 'sadness': 0.0789116695523262, 'surprise': 0.005712925456464291}",0.1217201572239841,0.33013017332822536,0.19473342186894582
context_224,"{'anger': 0.4484454393386841, 'disgust': 0.17042700946331024, 'fear': 0.024457836523652077, 'joy': 0.0009793131612241268, 'neutral': 0.19269102811813354, 'sadness': 0.152628093957901, 'surprise': 0.010371270589530468}","{'anger': 0.07327824085950851, 'disgust': 0.0526730976998806, 'fear': 0.5552547574043274, 'joy': 0.026537394151091576, 'neutral': 0.21725383400917053, 'sadness': 0.06912583857774734, 'surprise': 0.005876827985048294}","{'anger': 0.004912916105240583, 'disgust': 0.0021083408500999212, 'fear': 0.005811035167425871, 'joy': 0.15076331794261932, 'neutral': 0.7837637066841125, 'sadness': 0.012722177430987358, 'surprise': 0.03991848975419998}","{'anger': 0.03488634526729584, 'disgust': 0.0464237742125988, 'fear': 0.02814011089503765, 'joy': 0.010864314623177052, 'neutral': 0.8560034036636353, 'sadness': 0.021752258762717247, 'surprise': 0.0019298380939289927}",0.3291012065388198,0.3621774227151363,0.41541578385057343
context_225,"{'anger': 0.0008365490357391536, 'disgust': 0.0013865595683455467, 'fear': 0.001004682038910687, 'joy': 0.00603311276063323, 'neutral': 0.007465760689228773, 'sadness': 0.9800692796707153, 'surprise': 0.0032040609512478113}","{'anger': 0.0010919573251158, 'disgust': 0.003993033431470394, 'fear': 0.004393231123685837, 'joy': 0.007542414125055075, 'neutral': 0.03009885735809803, 'sadness': 0.9477419257164001, 'surprise': 0.0051385569386184216}","{'anger': 0.002512495033442974, 'disgust': 0.0035938250366598368, 'fear': 0.035697486251592636, 'joy': 0.01937377266585827, 'neutral': 0.043206196278333664, 'sadness': 0.8607107400894165, 'surprise': 0.03490553796291351}","{'anger': 0.0010550599545240402, 'disgust': 0.005049111321568489, 'fear': 0.0037474967539310455, 'joy': 0.008074137382209301, 'neutral': 0.035698890686035156, 'sadness': 0.9420900344848633, 'surprise': 0.004285238217562437}",0.999694513280156,0.9974538747805847,0.9995264492243446
context_226,"{'anger': 0.022117190062999725, 'disgust': 0.025497056543827057, 'fear': 0.07238924503326416, 'joy': 0.0022270558401942253, 'neutral': 0.09322090446949005, 'sadness': 0.0372813381254673, 'surprise': 0.7472671866416931}","{'anger': 0.02499638870358467, 'disgust': 0.006521910894662142, 'fear': 0.016642000526189804, 'joy': 0.08555926382541656, 'neutral': 0.8263442516326904, 'sadness': 0.00651520024985075, 'surprise': 0.03342095762491226}","{'anger': 0.0023645665496587753, 'disgust': 0.002904085908085108, 'fear': 0.0016809123335406184, 'joy': 0.04483172297477722, 'neutral': 0.055002037435770035, 'sadness': 0.8795742988586426, 'surprise': 0.01364232785999775}","{'anger': 0.007962767966091633, 'disgust': 0.012167214415967464, 'fear': 0.019673658534884453, 'joy': 0.014340333640575409, 'neutral': 0.9364382028579712, 'sadness': 0.0067458986304700375, 'surprise': 0.0026719311717897654}",0.1654353771259619,0.07242226547672304,0.12878893537635183
context_227,"{'anger': 0.0027579935267567635, 'disgust': 0.002046146895736456, 'fear': 0.9583009481430054, 'joy': 0.0011651370441541076, 'neutral': 0.011996223591268063, 'sadness': 0.019596202298998833, 'surprise': 0.0041373735293745995}","{'anger': 0.004436360206454992, 'disgust': 0.002763709519058466, 'fear': 0.9294958710670471, 'joy': 0.0021056446712464094, 'neutral': 0.04283361881971359, 'sadness': 0.007072316948324442, 'surprise': 0.011292528361082077}","{'anger': 0.001565819839015603, 'disgust': 0.000554674887098372, 'fear': 0.97365802526474, 'joy': 0.002040362684056163, 'neutral': 0.00516398623585701, 'sadness': 0.014877933077514172, 'surprise': 0.0021391853224486113}","{'anger': 0.010071935132145882, 'disgust': 0.005751796066761017, 'fear': 0.8106128573417664, 'joy': 0.0036819642409682274, 'neutral': 0.14470919966697693, 'sadness': 0.02121696248650551, 'surprise': 0.003955163527280092}",0.9993223087551713,0.9999559856980539,0.9864933958268346
context_228,"{'anger': 0.018080711364746094, 'disgust': 0.05297624319791794, 'fear': 0.006551813334226608, 'joy': 0.0018090748926624656, 'neutral': 0.026172025129199028, 'sadness': 0.8908324837684631, 'surprise': 0.0035776665899902582}","{'anger': 0.02286568284034729, 'disgust': 0.014158764854073524, 'fear': 0.887182891368866, 'joy': 0.0009722832473926246, 'neutral': 0.052604518830776215, 'sadness': 0.010480689816176891, 'surprise': 0.011735265143215656}","{'anger': 0.020596418529748917, 'disgust': 0.042490165680646896, 'fear': 0.12282636016607285, 'joy': 0.0026023252867162228, 'neutral': 0.11637628823518753, 'sadness': 0.6642819046974182, 'surprise': 0.030826527625322342}","{'anger': 0.017469340935349464, 'disgust': 0.025500968098640442, 'fear': 0.007934818975627422, 'joy': 0.007748443633317947, 'neutral': 0.8952580094337463, 'sadness': 0.04356682673096657, 'surprise': 0.002521571470424533}",0.022330102938356577,0.9741648480927825,0.07988353362604117
context_229,"{'anger': 0.17954443395137787, 'disgust': 0.026004420593380928, 'fear': 0.03847464546561241, 'joy': 0.0022197123616933823, 'neutral': 0.039245493710041046, 'sadness': 0.0381840318441391, 'surprise': 0.6763272285461426}","{'anger': 0.085387222468853, 'disgust': 0.050549235194921494, 'fear': 0.009152188897132874, 'joy': 0.006609089206904173, 'neutral': 0.8087939620018005, 'sadness': 0.03517661988735199, 'surprise': 0.004331641364842653}","{'anger': 0.014259370043873787, 'disgust': 0.004574230872094631, 'fear': 0.3517005145549774, 'joy': 0.004632699303328991, 'neutral': 0.047312572598457336, 'sadness': 0.003942557144910097, 'surprise': 0.5735780000686646}","{'anger': 0.022971512749791145, 'disgust': 0.05012296140193939, 'fear': 0.14949724078178406, 'joy': 0.01092443335801363, 'neutral': 0.3382647633552551, 'sadness': 0.4220540225505829, 'surprise': 0.006164989899843931}",0.0924138421298123,0.8558083658669197,0.11283187702799602
context_230,"{'anger': 0.019598038867115974, 'disgust': 0.03725293651223183, 'fear': 0.034482382237911224, 'joy': 0.0018872377695515752, 'neutral': 0.076968714594841, 'sadness': 0.8196290135383606, 'surprise': 0.010181675665080547}","{'anger': 0.013458795845508575, 'disgust': 0.013361938297748566, 'fear': 0.05185922980308533, 'joy': 0.004220161121338606, 'neutral': 0.8966047167778015, 'sadness': 0.014782257378101349, 'surprise': 0.005712887272238731}","{'anger': 0.007250754162669182, 'disgust': 0.004722678102552891, 'fear': 0.006829444319009781, 'joy': 0.03986731171607971, 'neutral': 0.9220002293586731, 'sadness': 0.01535051316022873, 'surprise': 0.003979156259447336}","{'anger': 0.11662174761295319, 'disgust': 0.023481085896492004, 'fear': 0.014857069589197636, 'joy': 0.032529331743717194, 'neutral': 0.7866655588150024, 'sadness': 0.022805845364928246, 'surprise': 0.0030393891502171755}",0.11296533119342844,0.11057555771181893,0.12626555012234053
context_231,"{'anger': 0.3145281672477722, 'disgust': 0.26956430077552795, 'fear': 0.007475957740098238, 'joy': 0.004219588357955217, 'neutral': 0.20337583124637604, 'sadness': 0.19570127129554749, 'surprise': 0.005134905688464642}","{'anger': 0.06105918437242508, 'disgust': 0.08726304024457932, 'fear': 0.01303644198924303, 'joy': 0.0018589978571981192, 'neutral': 0.7860994338989258, 'sadness': 0.016278792172670364, 'surprise': 0.03440411388874054}","{'anger': 0.16151051223278046, 'disgust': 0.014399133622646332, 'fear': 0.007484721951186657, 'joy': 0.00804521981626749, 'neutral': 0.10354827344417572, 'sadness': 0.6921411752700806, 'surprise': 0.012870939448475838}","{'anger': 0.14185187220573425, 'disgust': 0.08069249987602234, 'fear': 0.1391512006521225, 'joy': 0.0036872888449579477, 'neutral': 0.5799636840820312, 'sadness': 0.05174215883016586, 'surprise': 0.002911299467086792}",0.5174688711113233,0.5866530084001051,0.6284610061393694
context_232,"{'anger': 0.013764437288045883, 'disgust': 0.003262091428041458, 'fear': 0.26214784383773804, 'joy': 0.0016820827731862664, 'neutral': 0.005873868241906166, 'sadness': 0.007082954049110413, 'surprise': 0.7061867117881775}","{'anger': 0.007692590355873108, 'disgust': 0.0012381901033222675, 'fear': 0.006387901958078146, 'joy': 0.0016269556945189834, 'neutral': 0.014888899400830269, 'sadness': 0.0030278938356786966, 'surprise': 0.9651375412940979}","{'anger': 0.007956991903483868, 'disgust': 0.002509456127882004, 'fear': 0.5712070465087891, 'joy': 0.0025707220192998648, 'neutral': 0.010294190607964993, 'sadness': 0.003273309674113989, 'surprise': 0.402188241481781}","{'anger': 0.007960631512105465, 'disgust': 0.014250549487769604, 'fear': 0.020294224843382835, 'joy': 0.018173404037952423, 'neutral': 0.44633105397224426, 'sadness': 0.48964768648147583, 'surprise': 0.0033424715511500835}",0.9396912850232391,0.8242954944439175,0.027926006265568848
context_233,"{'anger': 0.024971317499876022, 'disgust': 0.07881206274032593, 'fear': 0.006539489142596722, 'joy': 0.007122323382645845, 'neutral': 0.062480997294187546, 'sadness': 0.8103933930397034, 'surprise': 0.009680425748229027}","{'anger': 0.007388376630842686, 'disgust': 0.02339700236916542, 'fear': 0.0032144631259143353, 'joy': 0.07191534340381622, 'neutral': 0.10561587661504745, 'sadness': 0.7789888381958008, 'surprise': 0.009480142965912819}","{'anger': 0.005541754420846701, 'disgust': 0.001974767539650202, 'fear': 0.2011326402425766, 'joy': 0.001887039397843182, 'neutral': 0.006890983320772648, 'sadness': 0.0123747568577528, 'surprise': 0.7701981067657471}","{'anger': 0.004321345593780279, 'disgust': 0.017114577814936638, 'fear': 0.009306233376264572, 'joy': 0.02512010559439659, 'neutral': 0.16645443439483643, 'sadness': 0.7729201316833496, 'surprise': 0.004763148725032806}",0.9924907096373788,0.030031869050694326,0.987520687454357
context_234,"{'anger': 0.012765826657414436, 'disgust': 0.043732717633247375, 'fear': 0.00443651620298624, 'joy': 0.00628808606415987, 'neutral': 0.03403550013899803, 'sadness': 0.8901001214981079, 'surprise': 0.008641263470053673}","{'anger': 0.015112366527318954, 'disgust': 0.019899288192391396, 'fear': 0.6285623908042908, 'joy': 0.012005644850432873, 'neutral': 0.30370914936065674, 'sadness': 0.012889155186712742, 'surprise': 0.007821906358003616}","{'anger': 0.014062737114727497, 'disgust': 0.01136878039687872, 'fear': 0.002132421126589179, 'joy': 0.04485422000288963, 'neutral': 0.9133212566375732, 'sadness': 0.0037286500446498394, 'surprise': 0.010531965643167496}","{'anger': 0.01959998719394207, 'disgust': 0.08130759745836258, 'fear': 0.40614885091781616, 'joy': 0.004588872194290161, 'neutral': 0.44578835368156433, 'sadness': 0.03552801162004471, 'surprise': 0.00703830411657691}",0.041397988371684624,0.04346661346307579,0.09648696273382651
context_235,"{'anger': 0.014419324696063995, 'disgust': 0.04343593493103981, 'fear': 0.003866748884320259, 'joy': 0.0020491143222898245, 'neutral': 0.03334109112620354, 'sadness': 0.9006989002227783, 'surprise': 0.0021889321506023407}","{'anger': 0.038074690848588943, 'disgust': 0.02354366146028042, 'fear': 0.0033150739036500454, 'joy': 0.005660601891577244, 'neutral': 0.04215295985341072, 'sadness': 0.8792558312416077, 'surprise': 0.007997195236384869}","{'anger': 0.001016642665490508, 'disgust': 0.0015672075096517801, 'fear': 0.0009968830272555351, 'joy': 0.002199044218286872, 'neutral': 0.007033362053334713, 'sadness': 0.9823487401008606, 'surprise': 0.004838133696466684}","{'anger': 0.04611675441265106, 'disgust': 0.03548388183116913, 'fear': 0.013709614053368568, 'joy': 0.011923314072191715, 'neutral': 0.8633222579956055, 'sadness': 0.02771313302218914, 'surprise': 0.0017310548573732376}",0.9993100614956586,0.9983517712819764,0.07170068844989386
context_236,"{'anger': 0.07213283330202103, 'disgust': 0.13426144421100616, 'fear': 0.1919892430305481, 'joy': 0.001699027605354786, 'neutral': 0.02766825072467327, 'sadness': 0.5625569820404053, 'surprise': 0.009692194871604443}","{'anger': 0.5156829953193665, 'disgust': 0.1334301233291626, 'fear': 0.011641399934887886, 'joy': 0.002309041330590844, 'neutral': 0.2493084967136383, 'sadness': 0.0804223120212555, 'surprise': 0.007205682806670666}","{'anger': 0.015851162374019623, 'disgust': 0.007892743684351444, 'fear': 0.054861437529325485, 'joy': 0.0273576769977808, 'neutral': 0.8004515171051025, 'sadness': 0.07308845221996307, 'surprise': 0.020496975630521774}","{'anger': 0.0380738265812397, 'disgust': 0.0528617687523365, 'fear': 0.016653114929795265, 'joy': 0.01128343865275383, 'neutral': 0.3620908260345459, 'sadness': 0.5147385001182556, 'surprise': 0.00429849699139595}",0.30035414790194515,0.1538695662578322,0.8040313135719008
context_237,"{'anger': 0.6986360549926758, 'disgust': 0.11700299382209778, 'fear': 0.018201526254415512, 'joy': 0.0022711216006428003, 'neutral': 0.11023063957691193, 'sadness': 0.042490407824516296, 'surprise': 0.011167206801474094}","{'anger': 0.07918311655521393, 'disgust': 0.027082180604338646, 'fear': 0.5205072164535522, 'joy': 0.005064393859356642, 'neutral': 0.1177300214767456, 'sadness': 0.0720474123954773, 'surprise': 0.1783856600522995}","{'anger': 0.1116679236292839, 'disgust': 0.016560684889554977, 'fear': 0.4069503843784332, 'joy': 0.00848805159330368, 'neutral': 0.3793689012527466, 'sadness': 0.0694584921002388, 'surprise': 0.007505612913519144}","{'anger': 0.04801283776760101, 'disgust': 0.015793992206454277, 'fear': 0.028958043083548546, 'joy': 0.008986881002783775, 'neutral': 0.8838398456573486, 'sadness': 0.012181230820715427, 'surprise': 0.002227158984169364}",0.2087521055544158,0.32174024358144626,0.21038606983406039
context_238,"{'anger': 0.44669196009635925, 'disgust': 0.03563253954052925, 'fear': 0.11475522816181183, 'joy': 0.0018359152600169182, 'neutral': 0.03412053361535072, 'sadness': 0.35327664017677307, 'surprise': 0.01368724275380373}","{'anger': 0.0546945221722126, 'disgust': 0.012927191331982613, 'fear': 0.04563937336206436, 'joy': 0.003075305139645934, 'neutral': 0.8580906987190247, 'sadness': 0.022091075778007507, 'surprise': 0.0034818442072719336}","{'anger': 0.10587689280509949, 'disgust': 0.011687989346683025, 'fear': 0.15092851221561432, 'joy': 0.01017055381089449, 'neutral': 0.547030508518219, 'sadness': 0.01797781139612198, 'surprise': 0.1563277691602707}","{'anger': 0.04789400100708008, 'disgust': 0.022869223728775978, 'fear': 0.03675876185297966, 'joy': 0.01233633328229189, 'neutral': 0.8298149108886719, 'sadness': 0.04791790246963501, 'surprise': 0.0024088381323963404}",0.13388976266129882,0.26414887941352216,0.14749775314584146
context_239,"{'anger': 0.10677444934844971, 'disgust': 0.051507920026779175, 'fear': 0.04885315150022507, 'joy': 0.0036608444061130285, 'neutral': 0.08158434182405472, 'sadness': 0.4424104392528534, 'surprise': 0.265208899974823}","{'anger': 0.13228775560855865, 'disgust': 0.01785030961036682, 'fear': 0.012575071305036545, 'joy': 0.003220790298655629, 'neutral': 0.8215185403823853, 'sadness': 0.005823954939842224, 'surprise': 0.006723524071276188}","{'anger': 0.01773516833782196, 'disgust': 0.025987599045038223, 'fear': 0.014517492614686489, 'joy': 0.007243847008794546, 'neutral': 0.8517677187919617, 'sadness': 0.07446341216564178, 'surprise': 0.008284786716103554}","{'anger': 0.12864947319030762, 'disgust': 0.2522852122783661, 'fear': 0.1716957539319992, 'joy': 0.0037308475002646446, 'neutral': 0.4181233048439026, 'sadness': 0.01943562552332878, 'surprise': 0.0060798125341534615}",0.1944700503122413,0.23598392257187317,0.2768063071298119
context_240,"{'anger': 0.22728221118450165, 'disgust': 0.7287918329238892, 'fear': 0.007131409831345081, 'joy': 0.0007589985034428537, 'neutral': 0.0265093594789505, 'sadness': 0.006723962724208832, 'surprise': 0.002802224364131689}","{'anger': 0.008697692304849625, 'disgust': 0.0022612784523516893, 'fear': 0.5284942388534546, 'joy': 0.009291192516684532, 'neutral': 0.014223475940525532, 'sadness': 0.005031992681324482, 'surprise': 0.43200013041496277}","{'anger': 0.19043457508087158, 'disgust': 0.03171589598059654, 'fear': 0.48878753185272217, 'joy': 0.003145557828247547, 'neutral': 0.01725980080664158, 'sadness': 0.26132047176361084, 'surprise': 0.0073362085968256}","{'anger': 0.41247498989105225, 'disgust': 0.18563304841518402, 'fear': 0.04907669499516487, 'joy': 0.003243696875870228, 'neutral': 0.31556856632232666, 'sadness': 0.0326026976108551, 'surprise': 0.0014002724783495069}",0.017294653551184203,0.16076523091545536,0.5616160663537613
context_241,"{'anger': 0.10064812004566193, 'disgust': 0.5651025772094727, 'fear': 0.2369431108236313, 'joy': 0.0015333379851654172, 'neutral': 0.04287515953183174, 'sadness': 0.04048944637179375, 'surprise': 0.012408223003149033}","{'anger': 0.00982826016843319, 'disgust': 0.10965896397829056, 'fear': 0.05523073673248291, 'joy': 0.1921197474002838, 'neutral': 0.4453963041305542, 'sadness': 0.18231506645679474, 'surprise': 0.0054509686306118965}","{'anger': 0.0733424499630928, 'disgust': 0.05854204297065735, 'fear': 0.3653392195701599, 'joy': 0.00752638466656208, 'neutral': 0.30086416006088257, 'sadness': 0.18092957139015198, 'surprise': 0.01345618162304163}","{'anger': 0.0048166681081056595, 'disgust': 0.0381847582757473, 'fear': 0.045219164341688156, 'joy': 0.02217394858598709, 'neutral': 0.33672866225242615, 'sadness': 0.5456600189208984, 'surprise': 0.007216749247163534}",0.30959012883069437,0.45838075816877155,0.17270961966311715
context_242,"{'anger': 0.5026736855506897, 'disgust': 0.23238763213157654, 'fear': 0.04809710383415222, 'joy': 0.001581922871991992, 'neutral': 0.15853172540664673, 'sadness': 0.04370006546378136, 'surprise': 0.013027902692556381}","{'anger': 0.05698608607053757, 'disgust': 0.005424085538834333, 'fear': 0.8946896195411682, 'joy': 0.0012316596694290638, 'neutral': 0.02541397325694561, 'sadness': 0.012089729309082031, 'surprise': 0.004164920654147863}","{'anger': 0.23268674314022064, 'disgust': 0.004301480017602444, 'fear': 0.7328258752822876, 'joy': 0.0017270534299314022, 'neutral': 0.008471360430121422, 'sadness': 0.01836002618074417, 'surprise': 0.001627549179829657}","{'anger': 0.28403693437576294, 'disgust': 0.064801886677742, 'fear': 0.02910659834742546, 'joy': 0.014283179305493832, 'neutral': 0.5565570592880249, 'sadness': 0.04934733361005783, 'surprise': 0.001867066603153944}",0.14910901152054779,0.3483965113225531,0.6824259764274042
context_243,"{'anger': 0.004788563586771488, 'disgust': 0.010760219767689705, 'fear': 0.009172815829515457, 'joy': 0.0008893231279216707, 'neutral': 0.008564530871808529, 'sadness': 0.9646438956260681, 'surprise': 0.0011806102702394128}","{'anger': 0.031760748475790024, 'disgust': 0.024824026972055435, 'fear': 0.8302589058876038, 'joy': 0.001240808516740799, 'neutral': 0.04430541396141052, 'sadness': 0.06571602076292038, 'surprise': 0.0018940590089187026}","{'anger': 0.0038389747496694326, 'disgust': 0.004901554901152849, 'fear': 0.9473429322242737, 'joy': 0.002272009151056409, 'neutral': 0.031183497980237007, 'sadness': 0.009074789471924305, 'surprise': 0.0013863106723874807}","{'anger': 0.11833945661783218, 'disgust': 0.10447665303945541, 'fear': 0.03119584545493126, 'joy': 0.007370764389634132, 'neutral': 0.678540825843811, 'sadness': 0.058150697499513626, 'surprise': 0.0019257374806329608}",0.08913717694197654,0.019447261060546617,0.0946285723802841
context_244,"{'anger': 0.022225232794880867, 'disgust': 0.008704150095582008, 'fear': 0.8730626106262207, 'joy': 0.002454358385875821, 'neutral': 0.015866244211792946, 'sadness': 0.016039757058024406, 'surprise': 0.061647672206163406}","{'anger': 0.014255410991609097, 'disgust': 0.009346538223326206, 'fear': 0.8538829684257507, 'joy': 0.004397565498948097, 'neutral': 0.09955750405788422, 'sadness': 0.013880251906812191, 'surprise': 0.004679767414927483}","{'anger': 0.007432217244058847, 'disgust': 0.0010296838590875268, 'fear': 0.9588986039161682, 'joy': 0.004175365436822176, 'neutral': 0.008625433780252934, 'sadness': 0.016966266557574272, 'surprise': 0.0028724009171128273}","{'anger': 0.016623876988887787, 'disgust': 0.015711098909378052, 'fear': 0.10642832517623901, 'joy': 0.01527958083897829, 'neutral': 0.8314293026924133, 'sadness': 0.010708402842283249, 'surprise': 0.0038193168584257364}",0.9930713316844797,0.9974872532029757,0.14573745645075986
context_245,"{'anger': 0.03682470694184303, 'disgust': 0.14650149643421173, 'fear': 0.011203628964722157, 'joy': 0.01120776403695345, 'neutral': 0.673690915107727, 'sadness': 0.059168923646211624, 'surprise': 0.0614025704562664}","{'anger': 0.020281603559851646, 'disgust': 0.021889768540859222, 'fear': 0.0037669038865715265, 'joy': 0.005756650120019913, 'neutral': 0.9394835233688354, 'sadness': 0.005949689541012049, 'surprise': 0.0028717638924717903}","{'anger': 0.05362926423549652, 'disgust': 0.019339438527822495, 'fear': 0.06602663546800613, 'joy': 0.040446702390909195, 'neutral': 0.8007444143295288, 'sadness': 0.009327242150902748, 'surprise': 0.01048633549362421}","{'anger': 0.014929486438632011, 'disgust': 0.011133375577628613, 'fear': 0.009122239425778389, 'joy': 0.010568825528025627, 'neutral': 0.9452400803565979, 'sadness': 0.006631774362176657, 'surprise': 0.002374208066612482}",0.9746396948173079,0.9739333442082491,0.9723096339773942
context_246,"{'anger': 0.0056128473952412605, 'disgust': 0.007987088523805141, 'fear': 0.9692593216896057, 'joy': 0.0008268598467111588, 'neutral': 0.0074276430532336235, 'sadness': 0.006314408499747515, 'surprise': 0.0025718268007040024}","{'anger': 0.15214549005031586, 'disgust': 0.2892493009567261, 'fear': 0.3397417664527893, 'joy': 0.003271325258538127, 'neutral': 0.14288079738616943, 'sadness': 0.07079044729471207, 'surprise': 0.0019209400052204728}","{'anger': 0.00914896372705698, 'disgust': 0.05828249081969261, 'fear': 0.441485196352005, 'joy': 0.0071671633049845695, 'neutral': 0.167949840426445, 'sadness': 0.2995191514492035, 'surprise': 0.01644722744822502}","{'anger': 0.010691025294363499, 'disgust': 0.04231983423233032, 'fear': 0.571797251701355, 'joy': 0.01446477696299553, 'neutral': 0.32681822776794434, 'sadness': 0.030753126367926598, 'surprise': 0.0031556945759803057}",0.6922900381719194,0.7912924195399772,0.8697900503458139
context_247,"{'anger': 0.26154616475105286, 'disgust': 0.26755088567733765, 'fear': 0.014992556534707546, 'joy': 0.002761479699984193, 'neutral': 0.06962302327156067, 'sadness': 0.37446433305740356, 'surprise': 0.009061501361429691}","{'anger': 0.01497041154652834, 'disgust': 0.009265483357012272, 'fear': 0.007456991355866194, 'joy': 0.008496077731251717, 'neutral': 0.19663913547992706, 'sadness': 0.0025732715148478746, 'surprise': 0.7605985999107361}","{'anger': 0.2373386025428772, 'disgust': 0.055627770721912384, 'fear': 0.06964659690856934, 'joy': 0.01054516714066267, 'neutral': 0.32527589797973633, 'sadness': 0.1841970533132553, 'surprise': 0.1173688992857933}","{'anger': 0.07605203241109848, 'disgust': 0.043749239295721054, 'fear': 0.0024655149318277836, 'joy': 0.004078675527125597, 'neutral': 0.10390310734510422, 'sadness': 0.7663474082946777, 'surprise': 0.003404013579711318}",0.06687549889143074,0.6846138280689028,0.783750598142363
context_248,"{'anger': 0.05419529601931572, 'disgust': 0.013659500516951084, 'fear': 0.15048862993717194, 'joy': 0.03050544485449791, 'neutral': 0.04187889024615288, 'sadness': 0.6975879073143005, 'surprise': 0.01168437022715807}","{'anger': 0.012189828790724277, 'disgust': 0.030032597482204437, 'fear': 0.004343636799603701, 'joy': 0.05447489768266678, 'neutral': 0.721184253692627, 'sadness': 0.1705460399389267, 'surprise': 0.007228660397231579}","{'anger': 0.6894984841346741, 'disgust': 0.09838251769542694, 'fear': 0.010756997391581535, 'joy': 0.0022273792419582605, 'neutral': 0.10157274454832077, 'sadness': 0.09386807680130005, 'surprise': 0.003693788079544902}","{'anger': 0.0022648086305707693, 'disgust': 0.0035402353387326, 'fear': 0.008607257157564163, 'joy': 0.0018627062672749162, 'neutral': 0.021051863208413124, 'sadness': 0.960274875164032, 'surprise': 0.0023981882259249687}",0.2858973136443602,0.21613537460888266,0.9750990815017226
context_249,"{'anger': 0.004243222530931234, 'disgust': 0.0047216047532856464, 'fear': 0.0021524440962821245, 'joy': 0.023287635296583176, 'neutral': 0.023097652941942215, 'sadness': 0.93952876329422, 'surprise': 0.002968665212392807}","{'anger': 0.0010572269093245268, 'disgust': 0.004816423635929823, 'fear': 0.004111904185265303, 'joy': 0.010962971486151218, 'neutral': 0.036276284605264664, 'sadness': 0.9347625970840454, 'surprise': 0.008012687787413597}","{'anger': 0.0008158828713931143, 'disgust': 0.003140634624287486, 'fear': 0.0010792202083393931, 'joy': 0.0029086912982165813, 'neutral': 0.015944501385092735, 'sadness': 0.9729929566383362, 'surprise': 0.003118157619610429}","{'anger': 0.01271302904933691, 'disgust': 0.035453468561172485, 'fear': 0.09978906065225601, 'joy': 0.021329890936613083, 'neutral': 0.6479992866516113, 'sadness': 0.17899754643440247, 'surprise': 0.0037177237682044506}",0.9997913229244195,0.9997201089756617,0.28752095132332556
context_250,"{'anger': 0.020707979798316956, 'disgust': 0.023118704557418823, 'fear': 0.5478630065917969, 'joy': 0.005620401352643967, 'neutral': 0.30081048607826233, 'sadness': 0.06261294335126877, 'surprise': 0.039266519248485565}","{'anger': 0.05511359125375748, 'disgust': 0.07444393634796143, 'fear': 0.060339149087667465, 'joy': 0.007020787801593542, 'neutral': 0.7099846005439758, 'sadness': 0.09010999649763107, 'surprise': 0.0029879240319132805}","{'anger': 0.005507040303200483, 'disgust': 0.0044414689764380455, 'fear': 0.15685394406318665, 'joy': 0.019787179306149483, 'neutral': 0.14397668838500977, 'sadness': 0.6625300049781799, 'surprise': 0.006903592497110367}","{'anger': 0.008088042959570885, 'disgust': 0.007697647903114557, 'fear': 0.6400420665740967, 'joy': 0.01914065144956112, 'neutral': 0.30017152428627014, 'sadness': 0.021772153675556183, 'surprise': 0.00308787077665329}",0.5593984936908569,0.39048824537268645,0.9932127800415501
context_251,"{'anger': 0.3855139911174774, 'disgust': 0.11860290914773941, 'fear': 0.08312880992889404, 'joy': 0.0034806167241185904, 'neutral': 0.29239407181739807, 'sadness': 0.08095213025808334, 'surprise': 0.03592739626765251}","{'anger': 0.018959900364279747, 'disgust': 0.01577305607497692, 'fear': 0.0028579391073435545, 'joy': 0.004280429799109697, 'neutral': 0.9486985802650452, 'sadness': 0.004288982134312391, 'surprise': 0.005141119938343763}","{'anger': 0.005827720742672682, 'disgust': 0.0006783858989365399, 'fear': 0.0020573665387928486, 'joy': 0.9174532294273376, 'neutral': 0.05467655509710312, 'sadness': 0.009038365446031094, 'surprise': 0.010268361307680607}","{'anger': 0.5392863750457764, 'disgust': 0.05600656941533089, 'fear': 0.024715382605791092, 'joy': 0.005410107783973217, 'neutral': 0.22602209448814392, 'sadness': 0.14631682634353638, 'surprise': 0.0022427011281251907}",0.5904677396988744,0.048327046043296185,0.9483035111188042
context_252,"{'anger': 0.0011355964234098792, 'disgust': 0.0023380503989756107, 'fear': 0.9778457283973694, 'joy': 0.0019823387265205383, 'neutral': 0.007410217542201281, 'sadness': 0.007853449322283268, 'surprise': 0.0014346044044941664}","{'anger': 0.006702111102640629, 'disgust': 0.006787693593651056, 'fear': 0.9520635604858398, 'joy': 0.00514829671010375, 'neutral': 0.019413527101278305, 'sadness': 0.008414202369749546, 'surprise': 0.0014706278452649713}","{'anger': 0.001972804544493556, 'disgust': 0.004141124431043863, 'fear': 0.9590556025505066, 'joy': 0.0018852551002055407, 'neutral': 0.023667247965931892, 'sadness': 0.005565837491303682, 'surprise': 0.003712167264893651}","{'anger': 0.004123781807720661, 'disgust': 0.003944171126931906, 'fear': 0.9131376147270203, 'joy': 0.007679206784814596, 'neutral': 0.06394162774085999, 'sadness': 0.004913686774671078, 'surprise': 0.002259831177070737}",0.9998834447974659,0.9998462734576455,0.9980264940638753
context_253,"{'anger': 0.0009556964505463839, 'disgust': 0.0005763284279964864, 'fear': 0.9931125044822693, 'joy': 0.0009364847792312503, 'neutral': 0.001758286845870316, 'sadness': 0.001854181638918817, 'surprise': 0.0008064420544542372}","{'anger': 0.008009146898984909, 'disgust': 0.0028674500063061714, 'fear': 0.9411789774894714, 'joy': 0.0029798357281833887, 'neutral': 0.037486083805561066, 'sadness': 0.0041120159439742565, 'surprise': 0.0033663585782051086}","{'anger': 0.003976099658757448, 'disgust': 0.0024393314961344004, 'fear': 0.8882685303688049, 'joy': 0.007386335637420416, 'neutral': 0.0575692392885685, 'sadness': 0.03755448758602142, 'surprise': 0.0028059412725269794}","{'anger': 0.0035526410210877657, 'disgust': 0.0009463892783969641, 'fear': 0.9650446176528931, 'joy': 0.0015578187303617597, 'neutral': 0.004560739267617464, 'sadness': 0.0013154748594388366, 'surprise': 0.023022254928946495}",0.9992358521878231,0.9971712202972965,0.9997261180131897
context_254,"{'anger': 0.001173587515950203, 'disgust': 0.001161323394626379, 'fear': 0.001880836091004312, 'joy': 0.0010562882525846362, 'neutral': 0.005115717649459839, 'sadness': 0.9854186773300171, 'surprise': 0.00419358815997839}","{'anger': 0.009060067124664783, 'disgust': 0.03402230143547058, 'fear': 0.021491127088665962, 'joy': 0.0026506956201046705, 'neutral': 0.35159894824028015, 'sadness': 0.24347753822803497, 'surprise': 0.33769935369491577}","{'anger': 0.013753771781921387, 'disgust': 0.003153993049636483, 'fear': 0.04145388305187225, 'joy': 0.022684570401906967, 'neutral': 0.16614742577075958, 'sadness': 0.7292817234992981, 'surprise': 0.0235246941447258}","{'anger': 0.0008998858975246549, 'disgust': 0.0028010504320263863, 'fear': 0.0015113544650375843, 'joy': 0.003068727906793356, 'neutral': 0.01704489253461361, 'sadness': 0.9700535535812378, 'surprise': 0.0046204994432628155}",0.451660101543909,0.9738481570248646,0.9999195269441968
context_255,"{'anger': 0.31677672266960144, 'disgust': 0.3593200743198395, 'fear': 0.1397794634103775, 'joy': 0.0015302306273952127, 'neutral': 0.11884698271751404, 'sadness': 0.039049528539180756, 'surprise': 0.024697041139006615}","{'anger': 0.007131613790988922, 'disgust': 0.0031683018896728754, 'fear': 0.12182775884866714, 'joy': 0.01120554655790329, 'neutral': 0.027028033509850502, 'sadness': 0.11282152682542801, 'surprise': 0.7168172001838684}","{'anger': 0.005457482300698757, 'disgust': 0.008543930947780609, 'fear': 0.9432311058044434, 'joy': 0.015688953921198845, 'neutral': 0.016711145639419556, 'sadness': 0.007018407341092825, 'surprise': 0.0033490853384137154}","{'anger': 0.004706819541752338, 'disgust': 0.023419903591275215, 'fear': 0.19323740899562836, 'joy': 0.006398210767656565, 'neutral': 0.2935917377471924, 'sadness': 0.469683438539505, 'surprise': 0.008962487801909447}",0.120662274193443,0.28603902747805465,0.29884172326286773
context_256,"{'anger': 0.20333896577358246, 'disgust': 0.11855664849281311, 'fear': 0.010964511893689632, 'joy': 0.016809558495879173, 'neutral': 0.5672817230224609, 'sadness': 0.042829155921936035, 'surprise': 0.040219470858573914}","{'anger': 0.02242494747042656, 'disgust': 0.014792285859584808, 'fear': 0.059265729039907455, 'joy': 0.08162497729063034, 'neutral': 0.6694849729537964, 'sadness': 0.14940685033798218, 'surprise': 0.0030002761632204056}","{'anger': 0.3451696038246155, 'disgust': 0.013016573153436184, 'fear': 0.10714056342840195, 'joy': 0.013641245663166046, 'neutral': 0.48472240567207336, 'sadness': 0.029757779091596603, 'surprise': 0.006551835685968399}","{'anger': 0.06397181004285812, 'disgust': 0.06662704050540924, 'fear': 0.04152260348200798, 'joy': 0.007313187699764967, 'neutral': 0.6309739947319031, 'sadness': 0.18648797273635864, 'surprise': 0.003103389637544751}",0.9213672106307785,0.9351423443008337,0.9429778156940183
context_257,"{'anger': 0.27482426166534424, 'disgust': 0.01341236475855112, 'fear': 0.0017032294999808073, 'joy': 0.0044547379948198795, 'neutral': 0.015573098324239254, 'sadness': 0.688742458820343, 'surprise': 0.0012898000422865152}","{'anger': 0.029736436903476715, 'disgust': 0.04690730199217796, 'fear': 0.75014728307724, 'joy': 0.0036382009275257587, 'neutral': 0.14676445722579956, 'sadness': 0.012661408632993698, 'surprise': 0.010144932195544243}","{'anger': 0.004162491299211979, 'disgust': 0.02132435515522957, 'fear': 0.005072860512882471, 'joy': 0.004916545934975147, 'neutral': 0.06352252513170242, 'sadness': 0.8979097008705139, 'surprise': 0.0030914575327187777}","{'anger': 0.008098467253148556, 'disgust': 0.021015025675296783, 'fear': 0.23687776923179626, 'joy': 0.004434723872691393, 'neutral': 0.0788184106349945, 'sadness': 0.6420499086380005, 'surprise': 0.008705677464604378}",0.037129083226346005,0.9294671435723659,0.8729068573538535
context_258,"{'anger': 0.005581749137490988, 'disgust': 0.00886896625161171, 'fear': 0.9544958472251892, 'joy': 0.001002421136945486, 'neutral': 0.0117698535323143, 'sadness': 0.01055519375950098, 'surprise': 0.007725866045802832}","{'anger': 0.0034137098118662834, 'disgust': 0.005624684970825911, 'fear': 0.8738159537315369, 'joy': 0.00215619383379817, 'neutral': 0.0432971715927124, 'sadness': 0.06911004334688187, 'surprise': 0.002582312561571598}","{'anger': 0.002153503242880106, 'disgust': 0.0025413278490304947, 'fear': 0.9639530777931213, 'joy': 0.0009557834709994495, 'neutral': 0.017993014305830002, 'sadness': 0.004501038696616888, 'surprise': 0.007902194745838642}","{'anger': 0.01405586488544941, 'disgust': 0.016340244561433792, 'fear': 0.6319713592529297, 'joy': 0.005202386993914843, 'neutral': 0.29289284348487854, 'sadness': 0.03543549031019211, 'surprise': 0.004101836122572422}",0.9969955497245552,0.9999308719116224,0.9115679350053983
context_259,"{'anger': 0.016864024102687836, 'disgust': 0.23947416245937347, 'fear': 0.11528445780277252, 'joy': 0.002316863741725683, 'neutral': 0.02605963684618473, 'sadness': 0.594535768032074, 'surprise': 0.005465095397084951}","{'anger': 0.007808908354490995, 'disgust': 0.044427212327718735, 'fear': 0.4373159110546112, 'joy': 0.01254024263471365, 'neutral': 0.3907850682735443, 'sadness': 0.05449768528342247, 'surprise': 0.05262497439980507}","{'anger': 0.00582732493057847, 'disgust': 0.002155250171199441, 'fear': 0.005917418282479048, 'joy': 0.8243257999420166, 'neutral': 0.0827760398387909, 'sadness': 0.06339523941278458, 'surprise': 0.01560286059975624}","{'anger': 0.010467235930263996, 'disgust': 0.024863317608833313, 'fear': 0.020677385851740837, 'joy': 0.039560992270708084, 'neutral': 0.8830687403678894, 'sadness': 0.018353603780269623, 'surprise': 0.0030087619088590145}",0.26911998161237205,0.07961228047309543,0.07375137285332656
context_260,"{'anger': 0.003981736954301596, 'disgust': 0.0017572869546711445, 'fear': 0.00749389361590147, 'joy': 0.0011750374687835574, 'neutral': 0.003467848990112543, 'sadness': 0.9757763743400574, 'surprise': 0.006347765680402517}","{'anger': 0.009437141939997673, 'disgust': 0.014758456498384476, 'fear': 0.010955661535263062, 'joy': 0.009431418962776661, 'neutral': 0.9403766393661499, 'sadness': 0.012246944941580296, 'surprise': 0.002793725347146392}","{'anger': 0.017200512811541557, 'disgust': 0.009247606620192528, 'fear': 0.04014166444540024, 'joy': 0.020752305164933205, 'neutral': 0.7906399369239807, 'sadness': 0.03839157149195671, 'surprise': 0.08362636715173721}","{'anger': 0.00986774917691946, 'disgust': 0.007139440625905991, 'fear': 0.5989541411399841, 'joy': 0.005618478637188673, 'neutral': 0.23885944485664368, 'sadness': 0.047625090926885605, 'surprise': 0.09193568676710129}",0.016759960311652833,0.05286881055181125,0.08225100371410554
context_261,"{'anger': 0.0032576536759734154, 'disgust': 0.01645817421376705, 'fear': 0.08172784000635147, 'joy': 0.0015779362292960286, 'neutral': 0.011462664231657982, 'sadness': 0.8821383118629456, 'surprise': 0.003377353074029088}","{'anger': 0.067878358066082, 'disgust': 0.007547601591795683, 'fear': 0.24444884061813354, 'joy': 0.17262469232082367, 'neutral': 0.4775420129299164, 'sadness': 0.01603982225060463, 'surprise': 0.013918611221015453}","{'anger': 0.029986364766955376, 'disgust': 0.08405177295207977, 'fear': 0.018515191972255707, 'joy': 0.00798000581562519, 'neutral': 0.5211367607116699, 'sadness': 0.3288308382034302, 'surprise': 0.009499048814177513}","{'anger': 0.0047571416944265366, 'disgust': 0.0059570507146418095, 'fear': 0.9268072247505188, 'joy': 0.001379851601086557, 'neutral': 0.0233918484300375, 'sadness': 0.03468438610434532, 'surprise': 0.0030225056689232588}",0.07998714449438693,0.5417182168713763,0.12982345915709803
context_262,"{'anger': 0.7023093700408936, 'disgust': 0.23660551011562347, 'fear': 0.0032346597872674465, 'joy': 0.0010273362277075648, 'neutral': 0.0384901687502861, 'sadness': 0.015814652666449547, 'surprise': 0.0025182839017361403}","{'anger': 0.4493369162082672, 'disgust': 0.241985023021698, 'fear': 0.05537926033139229, 'joy': 0.007816898636519909, 'neutral': 0.09120312333106995, 'sadness': 0.15193325281143188, 'surprise': 0.0023454991169273853}","{'anger': 0.1501692831516266, 'disgust': 0.15146702527999878, 'fear': 0.3361686170101166, 'joy': 0.00175686355214566, 'neutral': 0.01674111932516098, 'sadness': 0.3412557542324066, 'surprise': 0.0024413266219198704}","{'anger': 0.2452688068151474, 'disgust': 0.16369593143463135, 'fear': 0.014993412420153618, 'joy': 0.003706075716763735, 'neutral': 0.1571664959192276, 'sadness': 0.41349509358406067, 'surprise': 0.0016741383587941527}",0.9399238953800346,0.381175372675677,0.5664632064904791
context_263,"{'anger': 0.007901494391262531, 'disgust': 0.0029865100514143705, 'fear': 0.23036345839500427, 'joy': 0.002045567613095045, 'neutral': 0.00940011627972126, 'sadness': 0.00458925124257803, 'surprise': 0.7427135705947876}","{'anger': 0.04803501442074776, 'disgust': 0.10229611396789551, 'fear': 0.03232491388916969, 'joy': 0.009723435156047344, 'neutral': 0.615873396396637, 'sadness': 0.17585331201553345, 'surprise': 0.015893787145614624}","{'anger': 0.05733496695756912, 'disgust': 0.06395134329795837, 'fear': 0.02120862901210785, 'joy': 0.0640529990196228, 'neutral': 0.7483054399490356, 'sadness': 0.04216914251446724, 'surprise': 0.0029774887952953577}","{'anger': 0.016502978280186653, 'disgust': 0.016513504087924957, 'fear': 0.029959920793771744, 'joy': 0.01032490748912096, 'neutral': 0.9033874869346619, 'sadness': 0.020153386518359184, 'surprise': 0.0031577209010720253}",0.0524067118718371,0.025633351845781194,0.025634206215934596
context_264,"{'anger': 0.001942831790074706, 'disgust': 0.0013801173772662878, 'fear': 0.9851795434951782, 'joy': 0.0008761895587667823, 'neutral': 0.0060888328589499, 'sadness': 0.002206312259659171, 'surprise': 0.002326182322576642}","{'anger': 0.01199184637516737, 'disgust': 0.009506924077868462, 'fear': 0.11585696041584015, 'joy': 0.32893356680870056, 'neutral': 0.5134589076042175, 'sadness': 0.016761822625994682, 'surprise': 0.003490033559501171}","{'anger': 0.00477671530097723, 'disgust': 0.0023594966623932123, 'fear': 0.9655190110206604, 'joy': 0.0012363934656605124, 'neutral': 0.019907042384147644, 'sadness': 0.0034708071034401655, 'surprise': 0.002730525564402342}","{'anger': 0.0024345458950847387, 'disgust': 0.0028199616353958845, 'fear': 0.9586918950080872, 'joy': 0.0018283191602677107, 'neutral': 0.025039661675691605, 'sadness': 0.007793080527335405, 'surprise': 0.0013926061801612377}",0.19223778352693643,0.9998897567523982,0.999781768252839
context_265,"{'anger': 0.10832344740629196, 'disgust': 0.6161974668502808, 'fear': 0.22964444756507874, 'joy': 0.002357765333727002, 'neutral': 0.009345173835754395, 'sadness': 0.02802990935742855, 'surprise': 0.006101803854107857}","{'anger': 0.02812047302722931, 'disgust': 0.04474690556526184, 'fear': 0.0020087724551558495, 'joy': 0.08725015819072723, 'neutral': 0.8215410709381104, 'sadness': 0.010156153701245785, 'surprise': 0.006176450755447149}","{'anger': 0.21590325236320496, 'disgust': 0.05803501605987549, 'fear': 0.6563014388084412, 'joy': 0.002355314791202545, 'neutral': 0.03699767589569092, 'sadness': 0.025536103174090385, 'surprise': 0.004871167242527008}","{'anger': 0.2774818539619446, 'disgust': 0.3619961440563202, 'fear': 0.13278058171272278, 'joy': 0.0019019052851945162, 'neutral': 0.03867853805422783, 'sadness': 0.18550540506839752, 'surprise': 0.001655498519539833}",0.07112411595659651,0.455106792167719,0.847524754934309
context_266,"{'anger': 0.6668997406959534, 'disgust': 0.010419831611216068, 'fear': 0.030364444479346275, 'joy': 0.004680368583649397, 'neutral': 0.09748663753271103, 'sadness': 0.13957621157169342, 'surprise': 0.0505727082490921}","{'anger': 0.004823580384254456, 'disgust': 0.0028419136069715023, 'fear': 0.0004012109129689634, 'joy': 0.9670051336288452, 'neutral': 0.01854657754302025, 'sadness': 0.003527474356815219, 'surprise': 0.0028542799409478903}","{'anger': 0.005312616936862469, 'disgust': 0.012310991063714027, 'fear': 0.19359582662582397, 'joy': 0.011019721627235413, 'neutral': 0.24451589584350586, 'sadness': 0.5287616848945618, 'surprise': 0.004483262076973915}","{'anger': 0.0728890597820282, 'disgust': 0.048322487622499466, 'fear': 0.021548831835389137, 'joy': 0.1221560686826706, 'neutral': 0.7117363810539246, 'sadness': 0.020789889618754387, 'surprise': 0.002557330299168825}",0.015307613278373378,0.25327121914083794,0.2440427948275936
context_267,"{'anger': 0.04333191737532616, 'disgust': 0.14948715269565582, 'fear': 0.5493481755256653, 'joy': 0.003563994774594903, 'neutral': 0.20546962320804596, 'sadness': 0.03821497783064842, 'surprise': 0.010584142059087753}","{'anger': 0.73906010389328, 'disgust': 0.06718045473098755, 'fear': 0.09771795570850372, 'joy': 0.00543451402336359, 'neutral': 0.0741598829627037, 'sadness': 0.011348919942975044, 'surprise': 0.005098243243992329}","{'anger': 0.04839833825826645, 'disgust': 0.3902202844619751, 'fear': 0.06003955006599426, 'joy': 0.0021523339673876762, 'neutral': 0.39514461159706116, 'sadness': 0.08898971974849701, 'surprise': 0.015055086463689804}","{'anger': 0.9537754654884338, 'disgust': 0.009821848012506962, 'fear': 0.009378890506923199, 'joy': 0.0007195303915068507, 'neutral': 0.018419526517391205, 'sadness': 0.00674503855407238, 'surprise': 0.0011395711917430162}",0.2437070108402688,0.5159124477231662,0.08963662285020413
context_268,"{'anger': 0.011571300216019154, 'disgust': 0.15910683572292328, 'fear': 0.010707021690905094, 'joy': 0.002559177577495575, 'neutral': 0.04100996255874634, 'sadness': 0.7707078456878662, 'surprise': 0.004337809979915619}","{'anger': 0.2529400885105133, 'disgust': 0.3829527795314789, 'fear': 0.05954969674348831, 'joy': 0.0035587456077337265, 'neutral': 0.24360106885433197, 'sadness': 0.050653692334890366, 'surprise': 0.006744015496224165}","{'anger': 0.012420163489878178, 'disgust': 0.01646459847688675, 'fear': 0.04586813598871231, 'joy': 0.0017733062850311399, 'neutral': 0.08587183058261871, 'sadness': 0.8293153047561646, 'surprise': 0.008286740630865097}","{'anger': 0.027556367218494415, 'disgust': 0.056478291749954224, 'fear': 0.010671330615878105, 'joy': 0.014171557500958443, 'neutral': 0.8600428700447083, 'sadness': 0.029362840577960014, 'surprise': 0.0017167163314297795}",0.27417674784153556,0.981144584522744,0.09902989615442892
context_269,"{'anger': 0.6343216896057129, 'disgust': 0.07839260250329971, 'fear': 0.10023314505815506, 'joy': 0.00139665009919554, 'neutral': 0.11218476295471191, 'sadness': 0.05899467319250107, 'surprise': 0.01447648461908102}","{'anger': 0.09625564515590668, 'disgust': 0.04098447412252426, 'fear': 0.009991465136408806, 'joy': 0.007144141010940075, 'neutral': 0.8233747482299805, 'sadness': 0.016794003546237946, 'surprise': 0.005455516278743744}","{'anger': 0.054561007767915726, 'disgust': 0.01798507571220398, 'fear': 0.0391097366809845, 'joy': 0.012768147513270378, 'neutral': 0.8441532850265503, 'sadness': 0.027619676664471626, 'surprise': 0.003803090425208211}","{'anger': 0.08441217988729477, 'disgust': 0.02087896503508091, 'fear': 0.025858081877231598, 'joy': 0.004819112364202738, 'neutral': 0.8450916409492493, 'sadness': 0.016462404280900955, 'surprise': 0.0024776507634669542}",0.28990287455818176,0.2439482523677019,0.273986160866997
context_270,"{'anger': 0.007682813797146082, 'disgust': 0.0036698069889098406, 'fear': 0.963424801826477, 'joy': 0.0011136264074593782, 'neutral': 0.013137741945683956, 'sadness': 0.005096958484500647, 'surprise': 0.0058743394911289215}","{'anger': 0.01181544829159975, 'disgust': 0.018861308693885803, 'fear': 0.002085923682898283, 'joy': 0.019083980470895767, 'neutral': 0.9099199771881104, 'sadness': 0.01226926688104868, 'surprise': 0.025963997468352318}","{'anger': 0.04431693255901337, 'disgust': 0.046953681856393814, 'fear': 0.03250785171985626, 'joy': 0.0026160397101193666, 'neutral': 0.845855176448822, 'sadness': 0.021796168759465218, 'surprise': 0.0059540956281125546}","{'anger': 0.003943802788853645, 'disgust': 0.003972392529249191, 'fear': 0.9342823028564453, 'joy': 0.002688515232875943, 'neutral': 0.046386197209358215, 'sadness': 0.0069155385717749596, 'surprise': 0.0018113373080268502}",0.01636161308996409,0.05266085109122243,0.9993336393642582
context_271,"{'anger': 0.0035471231676638126, 'disgust': 0.004681735765188932, 'fear': 0.8163068890571594, 'joy': 0.0034565168898552656, 'neutral': 0.011339941062033176, 'sadness': 0.1580357849597931, 'surprise': 0.0026320090983062983}","{'anger': 0.008155007846653461, 'disgust': 0.018088556826114655, 'fear': 0.6947968602180481, 'joy': 0.0031143175438046455, 'neutral': 0.16313590109348297, 'sadness': 0.09299615770578384, 'surprise': 0.019713154062628746}","{'anger': 0.014770004898309708, 'disgust': 0.016237424686551094, 'fear': 0.4383886754512787, 'joy': 0.004770670086145401, 'neutral': 0.46715912222862244, 'sadness': 0.043301209807395935, 'surprise': 0.015372955240309238}","{'anger': 0.012370447628200054, 'disgust': 0.03495485708117485, 'fear': 0.46087878942489624, 'joy': 0.003041257616132498, 'neutral': 0.28492775559425354, 'sadness': 0.19462186098098755, 'surprise': 0.009205020032823086}",0.9748377653762508,0.6926662950980291,0.8554133079397289
context_272,"{'anger': 0.0054253325797617435, 'disgust': 0.0012982930056750774, 'fear': 0.11263295263051987, 'joy': 0.002320118248462677, 'neutral': 0.004700680263340473, 'sadness': 0.0030046687461435795, 'surprise': 0.8706179857254028}","{'anger': 0.009923099540174007, 'disgust': 0.22540174424648285, 'fear': 0.012463181279599667, 'joy': 0.014948408119380474, 'neutral': 0.18219055235385895, 'sadness': 0.5503168702125549, 'surprise': 0.004756165202707052}","{'anger': 0.007083370350301266, 'disgust': 0.0018187768291682005, 'fear': 0.354525625705719, 'joy': 0.0030307178385555744, 'neutral': 0.012818851508200169, 'sadness': 0.022999318316578865, 'surprise': 0.5977233648300171}","{'anger': 0.006437157746404409, 'disgust': 0.0029962044209241867, 'fear': 0.6909060478210449, 'joy': 0.0029379231855273247, 'neutral': 0.011584784835577011, 'sadness': 0.005764590576291084, 'surprise': 0.2793732285499573}",0.015438945895420608,0.9179657737807075,0.49077629251572974
context_273,"{'anger': 0.011186639778316021, 'disgust': 0.10626599937677383, 'fear': 0.011407095938920975, 'joy': 0.011999600566923618, 'neutral': 0.10596004873514175, 'sadness': 0.7443239688873291, 'surprise': 0.008856658823788166}","{'anger': 0.02061409130692482, 'disgust': 0.018494918942451477, 'fear': 0.017309753224253654, 'joy': 0.03037935681641102, 'neutral': 0.6038448810577393, 'sadness': 0.23925137519836426, 'surprise': 0.07010561972856522}","{'anger': 0.005140948574990034, 'disgust': 0.001818670192733407, 'fear': 0.6824655532836914, 'joy': 0.003020200878381729, 'neutral': 0.016785940155386925, 'sadness': 0.045322444289922714, 'surprise': 0.2454463094472885}","{'anger': 0.008187875151634216, 'disgust': 0.002350678201764822, 'fear': 0.6563541889190674, 'joy': 0.0017736947629600763, 'neutral': 0.007482921238988638, 'sadness': 0.004227687604725361, 'surprise': 0.31962305307388306}",0.4934488967607228,0.08287251488195468,0.026360399959236114
context_274,"{'anger': 0.005352990701794624, 'disgust': 0.09889663010835648, 'fear': 0.6151130795478821, 'joy': 0.0027147072833031416, 'neutral': 0.02527977153658867, 'sadness': 0.24246855080127716, 'surprise': 0.010174300521612167}","{'anger': 0.005917907226830721, 'disgust': 0.006313427351415157, 'fear': 0.025341039523482323, 'joy': 0.03579612076282501, 'neutral': 0.9121036529541016, 'sadness': 0.01052270457148552, 'surprise': 0.004005203489214182}","{'anger': 0.003736459417268634, 'disgust': 0.0013651690678671002, 'fear': 0.9099704623222351, 'joy': 0.002101100282743573, 'neutral': 0.006594639737159014, 'sadness': 0.0017448278376832604, 'surprise': 0.07448725402355194}","{'anger': 0.0022455789148807526, 'disgust': 0.00753446202725172, 'fear': 0.9533604383468628, 'joy': 0.001451491960324347, 'neutral': 0.01205502450466156, 'sadness': 0.02163679338991642, 'surprise': 0.0017162499716505408}",0.06871559682710449,0.9186618979112707,0.928868944956204
context_275,"{'anger': 0.023681029677391052, 'disgust': 0.01563483662903309, 'fear': 0.9190129041671753, 'joy': 0.0014235820854082704, 'neutral': 0.012073653750121593, 'sadness': 0.0030899604316800833, 'surprise': 0.025084173306822777}","{'anger': 0.7420799136161804, 'disgust': 0.060838036239147186, 'fear': 0.00753748370334506, 'joy': 0.0010132238967344165, 'neutral': 0.16067852079868317, 'sadness': 0.021136611700057983, 'surprise': 0.006716291420161724}","{'anger': 0.021879946812987328, 'disgust': 0.015529617667198181, 'fear': 0.2791830003261566, 'joy': 0.005718748085200787, 'neutral': 0.6436065435409546, 'sadness': 0.020646078512072563, 'surprise': 0.01343604177236557}","{'anger': 0.03830694407224655, 'disgust': 0.005655529443174601, 'fear': 0.939132034778595, 'joy': 0.0009270539158023894, 'neutral': 0.009626757353544235, 'sadness': 0.005427752621471882, 'surprise': 0.0009239166975021362}",0.03940967114426952,0.41086419037615385,0.9994743770806559
context_276,"{'anger': 0.013834112323820591, 'disgust': 0.1630319505929947, 'fear': 0.08852317929267883, 'joy': 0.007667833939194679, 'neutral': 0.603137195110321, 'sadness': 0.06829173117876053, 'surprise': 0.05551397055387497}","{'anger': 0.009251562878489494, 'disgust': 0.033907946199178696, 'fear': 0.008581961505115032, 'joy': 0.0015461640432476997, 'neutral': 0.9357064962387085, 'sadness': 0.006728821899741888, 'surprise': 0.004276997409760952}","{'anger': 0.012171867303550243, 'disgust': 0.008746037259697914, 'fear': 0.008396311663091183, 'joy': 0.6554666757583618, 'neutral': 0.29065197706222534, 'sadness': 0.011942234821617603, 'surprise': 0.01262486819177866}","{'anger': 0.001230390858836472, 'disgust': 0.0036154855042696, 'fear': 0.9696020483970642, 'joy': 0.002031654817983508, 'neutral': 0.0172976553440094, 'sadness': 0.004257209599018097, 'surprise': 0.0019655327778309584}",0.9575494324011017,0.40281418736633434,0.15740565431321762
context_277,"{'anger': 0.04385893791913986, 'disgust': 0.46732208132743835, 'fear': 0.01656351052224636, 'joy': 0.3833193778991699, 'neutral': 0.0639563649892807, 'sadness': 0.02161729335784912, 'surprise': 0.003362571122124791}","{'anger': 0.004671233240514994, 'disgust': 0.0030548309441655874, 'fear': 0.9690653085708618, 'joy': 0.0012005663011223078, 'neutral': 0.014308925718069077, 'sadness': 0.0024587688967585564, 'surprise': 0.005240270867943764}","{'anger': 0.09684983640909195, 'disgust': 0.00644434429705143, 'fear': 0.7912853956222534, 'joy': 0.003466517897322774, 'neutral': 0.008473100140690804, 'sadness': 0.08643051981925964, 'surprise': 0.007050282321870327}","{'anger': 0.01917972043156624, 'disgust': 0.020591028034687042, 'fear': 0.021459275856614113, 'joy': 0.025802534073591232, 'neutral': 0.5459002256393433, 'sadness': 0.36386069655418396, 'surprise': 0.00320653198286891}",0.03235700418263543,0.04932288716095257,0.1583225179524348
context_278,"{'anger': 0.01703200861811638, 'disgust': 0.030898038297891617, 'fear': 0.021688491106033325, 'joy': 0.07681937515735626, 'neutral': 0.786838948726654, 'sadness': 0.059676624834537506, 'surprise': 0.007046579383313656}","{'anger': 0.010073043406009674, 'disgust': 0.008137069642543793, 'fear': 0.029534488916397095, 'joy': 0.0065615372732281685, 'neutral': 0.8896363377571106, 'sadness': 0.04037109762430191, 'surprise': 0.015686511993408203}","{'anger': 0.03378570079803467, 'disgust': 0.06700282543897629, 'fear': 0.005824842490255833, 'joy': 0.31945642828941345, 'neutral': 0.31007903814315796, 'sadness': 0.2581012547016144, 'surprise': 0.005749957170337439}","{'anger': 0.7393986582756042, 'disgust': 0.024997757747769356, 'fear': 0.0037905038334429264, 'joy': 0.005479004234075546, 'neutral': 0.2136792540550232, 'sadness': 0.010888406075537205, 'surprise': 0.0017663458129391074}",0.9949828919246865,0.6943853164375697,0.298727058203502
context_279,"{'anger': 0.0860973373055458, 'disgust': 0.017699602991342545, 'fear': 0.03191235661506653, 'joy': 0.0017575393430888653, 'neutral': 0.009393022395670414, 'sadness': 0.8494724035263062, 'surprise': 0.003667726181447506}","{'anger': 0.017786983400583267, 'disgust': 0.017843978479504585, 'fear': 0.07832201570272446, 'joy': 0.03281249478459358, 'neutral': 0.13438038527965546, 'sadness': 0.7031585574150085, 'surprise': 0.01569564826786518}","{'anger': 0.009287109598517418, 'disgust': 0.008010070770978928, 'fear': 0.8981448411941528, 'joy': 0.0019113271264359355, 'neutral': 0.06696904450654984, 'sadness': 0.012494651600718498, 'surprise': 0.003182998625561595}","{'anger': 0.1895965188741684, 'disgust': 0.08603360503911972, 'fear': 0.024286538362503052, 'joy': 0.01902463287115097, 'neutral': 0.6077150106430054, 'sadness': 0.07174251973628998, 'surprise': 0.001601119409315288}",0.9779214793389732,0.05307369600915801,0.154251667065898
context_280,"{'anger': 0.002478435169905424, 'disgust': 0.003272517817094922, 'fear': 0.9814806580543518, 'joy': 0.0006454812246374786, 'neutral': 0.00396776245906949, 'sadness': 0.006789417006075382, 'surprise': 0.0013657204108312726}","{'anger': 0.0009140252368524671, 'disgust': 0.000481765135191381, 'fear': 0.9920401573181152, 'joy': 0.0008531392086297274, 'neutral': 0.0015739426016807556, 'sadness': 0.0029215572867542505, 'surprise': 0.001215445576235652}","{'anger': 0.008662289939820766, 'disgust': 0.013469532132148743, 'fear': 0.025040162727236748, 'joy': 0.03846459835767746, 'neutral': 0.7902629971504211, 'sadness': 0.11883235722780228, 'surprise': 0.005268022418022156}","{'anger': 0.0044715506955981255, 'disgust': 0.012284206226468086, 'fear': 0.7075537443161011, 'joy': 0.008641242049634457, 'neutral': 0.12414385378360748, 'sadness': 0.1404883712530136, 'surprise': 0.0024169273674488068}",0.9999837170061656,0.03641467537502907,0.9684714465750678
context_281,"{'anger': 0.17791986465454102, 'disgust': 0.2296058088541031, 'fear': 0.021432271227240562, 'joy': 0.005922368261963129, 'neutral': 0.34569767117500305, 'sadness': 0.17805597186088562, 'surprise': 0.041365914046764374}","{'anger': 0.020118361338973045, 'disgust': 0.01570550911128521, 'fear': 0.002848598174750805, 'joy': 0.014141456224024296, 'neutral': 0.9409982562065125, 'sadness': 0.0027897183317691088, 'surprise': 0.003398091299459338}","{'anger': 0.30018681287765503, 'disgust': 0.0629129409790039, 'fear': 0.07058662176132202, 'joy': 0.0030040128622204065, 'neutral': 0.36935514211654663, 'sadness': 0.17424559593200684, 'surprise': 0.019708899781107903}","{'anger': 0.1119680404663086, 'disgust': 0.021470652893185616, 'fear': 0.007817241363227367, 'joy': 0.011686653830111027, 'neutral': 0.8299456834793091, 'sadness': 0.014833152294158936, 'surprise': 0.0022784837055951357}",0.7259265368926602,0.9097807059204159,0.7702040039948009
context_282,"{'anger': 0.0005897019291296601, 'disgust': 0.001428218325600028, 'fear': 0.000810085388366133, 'joy': 0.0019211702747270465, 'neutral': 0.0046822684817016125, 'sadness': 0.9872075915336609, 'surprise': 0.003360907780006528}","{'anger': 0.005450107157230377, 'disgust': 0.013888843357563019, 'fear': 0.004380746278911829, 'joy': 0.19836311042308807, 'neutral': 0.3334225118160248, 'sadness': 0.4108561873435974, 'surprise': 0.03363853320479393}","{'anger': 0.010199598968029022, 'disgust': 0.005331476218998432, 'fear': 0.0229974202811718, 'joy': 0.03885218873620033, 'neutral': 0.28560110926628113, 'sadness': 0.5929418802261353, 'surprise': 0.044076304882764816}","{'anger': 0.0011330858105793595, 'disgust': 0.0031622094102203846, 'fear': 0.0010498490883037448, 'joy': 0.00856784824281931, 'neutral': 0.02341323159635067, 'sadness': 0.9592931270599365, 'surprise': 0.003380606882274151}",0.7292200069996324,0.8991089431577945,0.9997804799152615
context_283,"{'anger': 0.0041398960165679455, 'disgust': 0.011525721289217472, 'fear': 0.018000179901719093, 'joy': 0.0026136329397559166, 'neutral': 0.07880746573209763, 'sadness': 0.8644914031028748, 'surprise': 0.020421667024493217}","{'anger': 0.002912933472543955, 'disgust': 0.004832073580473661, 'fear': 0.0014614867977797985, 'joy': 0.2292204201221466, 'neutral': 0.03097616881132126, 'sadness': 0.7201159000396729, 'surprise': 0.010481002740561962}","{'anger': 0.01971353217959404, 'disgust': 0.010303099639713764, 'fear': 0.04637012258172035, 'joy': 0.07681824266910553, 'neutral': 0.814693808555603, 'sadness': 0.018153086304664612, 'surprise': 0.013948092237114906}","{'anger': 0.006204563193023205, 'disgust': 0.012928325682878494, 'fear': 0.03620850294828415, 'joy': 0.003768553724512458, 'neutral': 0.046195510774850845, 'sadness': 0.8918831944465637, 'surprise': 0.0028114519082009792}",0.9525719451384618,0.11427763633550048,0.9988276329098118
context_284,"{'anger': 0.9716378450393677, 'disgust': 0.007368737366050482, 'fear': 0.012588432990014553, 'joy': 0.0004291091172490269, 'neutral': 0.002693462884053588, 'sadness': 0.0041878847405314445, 'surprise': 0.0010945070534944534}","{'anger': 0.8596717119216919, 'disgust': 0.0038541757967323065, 'fear': 0.009340943768620491, 'joy': 0.0028556545730680227, 'neutral': 0.02183113805949688, 'sadness': 0.10072372108697891, 'surprise': 0.0017227408243343234}","{'anger': 0.0049604144878685474, 'disgust': 0.0022159276995807886, 'fear': 0.7481482625007629, 'joy': 0.00722378259524703, 'neutral': 0.01865125447511673, 'sadness': 0.003047665348276496, 'surprise': 0.21575266122817993}","{'anger': 0.9581860303878784, 'disgust': 0.004223702475428581, 'fear': 0.015918400138616562, 'joy': 0.0009684295509941876, 'neutral': 0.014118545688688755, 'sadness': 0.005646923091262579, 'surprise': 0.0009380856063216925}",0.9934380366117815,0.01923091736867033,0.9999153369202368
context_285,"{'anger': 0.011687523685395718, 'disgust': 0.5806984901428223, 'fear': 0.3556351959705353, 'joy': 0.0015898646088317037, 'neutral': 0.017882786691188812, 'sadness': 0.01731484942138195, 'surprise': 0.015191283077001572}","{'anger': 0.0012663943925872445, 'disgust': 0.002337811514735222, 'fear': 0.016185620799660683, 'joy': 0.029351893812417984, 'neutral': 0.021370233967900276, 'sadness': 0.9264049530029297, 'surprise': 0.00308301392942667}","{'anger': 0.01022755540907383, 'disgust': 0.025682130828499794, 'fear': 0.03731115534901619, 'joy': 0.002513238461688161, 'neutral': 0.2875877022743225, 'sadness': 0.6078483462333679, 'surprise': 0.028829876333475113}","{'anger': 0.008713535033166409, 'disgust': 0.022577757015824318, 'fear': 0.16762489080429077, 'joy': 0.029653334990143776, 'neutral': 0.5631327033042908, 'sadness': 0.2040974348783493, 'surprise': 0.004200359806418419}",0.0374071867419461,0.09656779578466745,0.20371989113183087
context_286,"{'anger': 0.01569201610982418, 'disgust': 0.019203701987862587, 'fear': 0.008820760063827038, 'joy': 0.00220292410813272, 'neutral': 0.013537010177969933, 'sadness': 0.9380181431770325, 'surprise': 0.002525499789044261}","{'anger': 0.02456980012357235, 'disgust': 0.02901654690504074, 'fear': 0.01199445128440857, 'joy': 0.00619106600061059, 'neutral': 0.8681517243385315, 'sadness': 0.054557304829359055, 'surprise': 0.005519160069525242}","{'anger': 0.0027490200009196997, 'disgust': 0.0015107957879081368, 'fear': 0.00335132610052824, 'joy': 0.001463038381189108, 'neutral': 0.00615104241296649, 'sadness': 0.982559859752655, 'surprise': 0.0022149034775793552}","{'anger': 0.003074510022997856, 'disgust': 0.008421635255217552, 'fear': 0.007205117028206587, 'joy': 0.002340315841138363, 'neutral': 0.0274268239736557, 'sadness': 0.9491741061210632, 'surprise': 0.0023575008381158113}",0.07831602063541887,0.9996721746189631,0.9997357227047998
context_287,"{'anger': 0.009899735450744629, 'disgust': 0.009869593195617199, 'fear': 0.9503718018531799, 'joy': 0.0011836064513772726, 'neutral': 0.010483216494321823, 'sadness': 0.014052906073629856, 'surprise': 0.004139152355492115}","{'anger': 0.0029718163423240185, 'disgust': 0.009365465492010117, 'fear': 0.005549148190766573, 'joy': 0.004489515442401171, 'neutral': 0.07011836767196655, 'sadness': 0.9022524952888489, 'surprise': 0.005253199487924576}","{'anger': 0.001056494889780879, 'disgust': 0.0010389803210273385, 'fear': 0.001280062017031014, 'joy': 0.01412335503846407, 'neutral': 0.021514156833291054, 'sadness': 0.9515022039413452, 'surprise': 0.009484752081334591}","{'anger': 0.013957771472632885, 'disgust': 0.014372306875884533, 'fear': 0.002054398413747549, 'joy': 0.00472564110532403, 'neutral': 0.0642610713839531, 'sadness': 0.8978114724159241, 'surprise': 0.0028173644095659256}",0.021893281688007526,0.016454649394402998,0.018156307540984074
context_288,"{'anger': 0.0364757776260376, 'disgust': 0.1214023306965828, 'fear': 0.05958196893334389, 'joy': 0.007601835299283266, 'neutral': 0.05547145754098892, 'sadness': 0.6971593499183655, 'surprise': 0.02230733074247837}","{'anger': 0.007159784901887178, 'disgust': 0.040365077555179596, 'fear': 0.027894876897335052, 'joy': 0.006320440676063299, 'neutral': 0.5685579180717468, 'sadness': 0.3267054855823517, 'surprise': 0.022996410727500916}","{'anger': 0.0035705824848264456, 'disgust': 0.004066966008394957, 'fear': 0.9479495882987976, 'joy': 0.0021696100011467934, 'neutral': 0.01190943643450737, 'sadness': 0.01618114672601223, 'surprise': 0.014152816496789455}","{'anger': 0.013702602125704288, 'disgust': 0.029503129422664642, 'fear': 0.037099387496709824, 'joy': 0.02956194058060646, 'neutral': 0.6613197326660156, 'sadness': 0.22466374933719635, 'surprise': 0.004149456508457661}",0.5678987223928883,0.10251920249646307,0.3997356922654385
context_289,"{'anger': 0.9526136517524719, 'disgust': 0.02146485261619091, 'fear': 0.002772231586277485, 'joy': 0.0006801385898143053, 'neutral': 0.013774575665593147, 'sadness': 0.005806179717183113, 'surprise': 0.002888402435928583}","{'anger': 0.9834264516830444, 'disgust': 0.0028531465213745832, 'fear': 0.0038746471982449293, 'joy': 0.0007065411191433668, 'neutral': 0.005904532503336668, 'sadness': 0.001720571774058044, 'surprise': 0.0015140156028792262}","{'anger': 0.9497758150100708, 'disgust': 0.0029783137142658234, 'fear': 0.027898598462343216, 'joy': 0.0014859286602586508, 'neutral': 0.009063281118869781, 'sadness': 0.007513352204114199, 'surprise': 0.0012847712496295571}","{'anger': 0.8309243321418762, 'disgust': 0.013544228859245777, 'fear': 0.00678839348256588, 'joy': 0.0027243969962000847, 'neutral': 0.13824795186519623, 'sadness': 0.006168882828205824, 'surprise': 0.0016018920578062534}",0.9997606322611091,0.9994467148393239,0.9886765662798016
context_290,"{'anger': 0.0019206764409318566, 'disgust': 0.003382910741493106, 'fear': 0.9776467680931091, 'joy': 0.0010087877744808793, 'neutral': 0.0040601762011647224, 'sadness': 0.01088506169617176, 'surprise': 0.0010955969337373972}","{'anger': 0.013241933658719063, 'disgust': 0.019682468846440315, 'fear': 0.01403249055147171, 'joy': 0.16926157474517822, 'neutral': 0.5347611308097839, 'sadness': 0.23762382566928864, 'surprise': 0.01139660645276308}","{'anger': 0.004129098262637854, 'disgust': 0.004861653316766024, 'fear': 0.8847850561141968, 'joy': 0.014041082933545113, 'neutral': 0.08378897607326508, 'sadness': 0.005661581177264452, 'surprise': 0.0027325707487761974}","{'anger': 0.0018629849655553699, 'disgust': 0.0025287866592407227, 'fear': 0.9570675492286682, 'joy': 0.004464080557227135, 'neutral': 0.02943216823041439, 'sadness': 0.0029770529363304377, 'surprise': 0.0016674274811521173}",0.03144643475477016,0.9958019975437327,0.9996072348449585
context_291,"{'anger': 0.07697046548128128, 'disgust': 0.2845017611980438, 'fear': 0.06293687969446182, 'joy': 0.00209913682192564, 'neutral': 0.3109900951385498, 'sadness': 0.06512974947690964, 'surprise': 0.1973719298839569}","{'anger': 0.014724577777087688, 'disgust': 0.005516871344298124, 'fear': 0.9019342064857483, 'joy': 0.0029953515622764826, 'neutral': 0.05946006998419762, 'sadness': 0.009395524859428406, 'surprise': 0.005973363295197487}","{'anger': 0.0011573549127206206, 'disgust': 0.0007445474620908499, 'fear': 0.9884109497070312, 'joy': 0.0011194966500625014, 'neutral': 0.004785314202308655, 'sadness': 0.0024631829001009464, 'surprise': 0.0013191719772294164}","{'anger': 0.011017216369509697, 'disgust': 0.01029143389314413, 'fear': 0.03825682774186134, 'joy': 0.037097301334142685, 'neutral': 0.8925869464874268, 'sadness': 0.007799757178872824, 'surprise': 0.002950501861050725}",0.18364700241164122,0.13567788979290452,0.66325605790376
context_292,"{'anger': 0.02415095642209053, 'disgust': 0.003269725013524294, 'fear': 0.43917301297187805, 'joy': 0.015401896089315414, 'neutral': 0.029091425240039825, 'sadness': 0.4727364480495453, 'surprise': 0.016176629811525345}","{'anger': 0.011833220720291138, 'disgust': 0.01847158372402191, 'fear': 0.7316033840179443, 'joy': 0.006126757711172104, 'neutral': 0.17386038601398468, 'sadness': 0.05068938061594963, 'surprise': 0.007415237370878458}","{'anger': 0.0024954797700047493, 'disgust': 0.0032307447399944067, 'fear': 0.9282276630401611, 'joy': 0.0014471550239250064, 'neutral': 0.048037637025117874, 'sadness': 0.012151766568422318, 'surprise': 0.0044096168130636215}","{'anger': 0.0063556102104485035, 'disgust': 0.0032181860879063606, 'fear': 0.915028989315033, 'joy': 0.003322916105389595, 'neutral': 0.05176559463143349, 'sadness': 0.004839330445975065, 'surprise': 0.015469251200556755}",0.7194688264631102,0.6902136168563905,0.6850099513003838
context_293,"{'anger': 0.0005843929247930646, 'disgust': 0.001452685915865004, 'fear': 0.0009338007075712085, 'joy': 0.0013214191421866417, 'neutral': 0.004659540019929409, 'sadness': 0.9891585111618042, 'surprise': 0.0018895925022661686}","{'anger': 0.009950359351933002, 'disgust': 0.022002944722771645, 'fear': 0.030701640993356705, 'joy': 0.004684359300881624, 'neutral': 0.8660345673561096, 'sadness': 0.056331802159547806, 'surprise': 0.010294354520738125}","{'anger': 0.003963105380535126, 'disgust': 0.026796385645866394, 'fear': 0.032028928399086, 'joy': 0.01668897271156311, 'neutral': 0.4033173620700836, 'sadness': 0.5106555223464966, 'surprise': 0.0065496936440467834}","{'anger': 0.014860502444207668, 'disgust': 0.027751000598073006, 'fear': 0.03424585238099098, 'joy': 0.004145456477999687, 'neutral': 0.181356742978096, 'sadness': 0.7346439361572266, 'surprise': 0.002996553434059024}",0.06963897046388323,0.7858996124577773,0.970238162417805
context_294,"{'anger': 0.0022811051458120346, 'disgust': 0.00527208624407649, 'fear': 0.973139226436615, 'joy': 0.0009891772642731667, 'neutral': 0.005876873154193163, 'sadness': 0.006848136428743601, 'surprise': 0.005593248177319765}","{'anger': 0.0030705577228218317, 'disgust': 0.013179593719542027, 'fear': 0.2994607388973236, 'joy': 0.07929304242134094, 'neutral': 0.40783432126045227, 'sadness': 0.17062677443027496, 'surprise': 0.026535028591752052}","{'anger': 0.8945128321647644, 'disgust': 0.015407539904117584, 'fear': 0.04635130241513252, 'joy': 0.0015216427855193615, 'neutral': 0.028440240770578384, 'sadness': 0.00913209468126297, 'surprise': 0.004634320270270109}","{'anger': 0.007318937685340643, 'disgust': 0.01321779377758503, 'fear': 0.5990172624588013, 'joy': 0.0073923333548009396, 'neutral': 0.33416563272476196, 'sadness': 0.03317296504974365, 'surprise': 0.005715045612305403}",0.5612081030964257,0.05443369025405431,0.8753893512808119
context_295,"{'anger': 0.028450870886445045, 'disgust': 0.018873319029808044, 'fear': 0.03608294948935509, 'joy': 0.12608107924461365, 'neutral': 0.6296191215515137, 'sadness': 0.01223206426948309, 'surprise': 0.14866052567958832}","{'anger': 0.026591897010803223, 'disgust': 0.024063026532530785, 'fear': 0.0064999936148524284, 'joy': 0.008792789652943611, 'neutral': 0.8051483631134033, 'sadness': 0.006842497736215591, 'surprise': 0.12206147611141205}","{'anger': 0.010517586953938007, 'disgust': 0.006414738483726978, 'fear': 0.006273113191127777, 'joy': 0.008054003119468689, 'neutral': 0.9572254419326782, 'sadness': 0.006668431218713522, 'surprise': 0.00484661478549242}","{'anger': 0.017369111999869347, 'disgust': 0.029327282682061195, 'fear': 0.003033940214663744, 'joy': 0.2628863751888275, 'neutral': 0.6770317554473877, 'sadness': 0.007130314130336046, 'surprise': 0.0032212273217737675}",0.979176212718529,0.956127161722288,0.9593242214975953
context_296,"{'anger': 0.030089126899838448, 'disgust': 0.0196269191801548, 'fear': 0.022840900346636772, 'joy': 0.009700765833258629, 'neutral': 0.11656424403190613, 'sadness': 0.7825748324394226, 'surprise': 0.018603293225169182}","{'anger': 0.0047504352405667305, 'disgust': 0.00858531054109335, 'fear': 0.002529638120904565, 'joy': 0.0029941194225102663, 'neutral': 0.9620746374130249, 'sadness': 0.004283668473362923, 'surprise': 0.014782187528908253}","{'anger': 0.005667184945195913, 'disgust': 0.004403583239763975, 'fear': 0.8163039684295654, 'joy': 0.014621928334236145, 'neutral': 0.14672987163066864, 'sadness': 0.006202941760420799, 'surprise': 0.006070596165955067}","{'anger': 0.03071565367281437, 'disgust': 0.03349531441926956, 'fear': 0.04083165526390076, 'joy': 0.029799317941069603, 'neutral': 0.8460733890533447, 'sadness': 0.014903634786605835, 'surprise': 0.004181061405688524}",0.15231026937274472,0.06252598387956088,0.1681778024874354
context_297,"{'anger': 0.022339709103107452, 'disgust': 0.003854345763102174, 'fear': 0.8607892990112305, 'joy': 0.006968411151319742, 'neutral': 0.06758555769920349, 'sadness': 0.02358301170170307, 'surprise': 0.014879686757922173}","{'anger': 0.007177819963544607, 'disgust': 0.015808526426553726, 'fear': 0.0050607663579285145, 'joy': 0.010889895260334015, 'neutral': 0.9528548121452332, 'sadness': 0.005620315670967102, 'surprise': 0.002587958239018917}","{'anger': 0.08475720882415771, 'disgust': 0.00201326422393322, 'fear': 0.7191097140312195, 'joy': 0.015835778787732124, 'neutral': 0.027821293100714684, 'sadness': 0.14127656817436218, 'surprise': 0.009186125360429287}","{'anger': 0.015337247401475906, 'disgust': 0.005375766195356846, 'fear': 0.752235472202301, 'joy': 0.005646066274493933, 'neutral': 0.07311177998781204, 'sadness': 0.006069117691367865, 'surprise': 0.1422244906425476}",0.08404095633157405,0.9814239313930578,0.9854280166625103
context_298,"{'anger': 0.037882886826992035, 'disgust': 0.3128822147846222, 'fear': 0.3968939185142517, 'joy': 0.0019085978856310248, 'neutral': 0.07921616733074188, 'sadness': 0.15638892352581024, 'surprise': 0.014827271923422813}","{'anger': 0.0022938884794712067, 'disgust': 0.016433246433734894, 'fear': 0.0143716586753726, 'joy': 0.006303494330495596, 'neutral': 0.061109453439712524, 'sadness': 0.8955240845680237, 'surprise': 0.003964175935834646}","{'anger': 0.014273673295974731, 'disgust': 0.047556519508361816, 'fear': 0.031391534954309464, 'joy': 0.03668006882071495, 'neutral': 0.7441193461418152, 'sadness': 0.12248856574296951, 'surprise': 0.0034903157502412796}","{'anger': 0.013714492321014404, 'disgust': 0.03381740301847458, 'fear': 0.03473455831408501, 'joy': 0.03168489784002304, 'neutral': 0.8376133441925049, 'sadness': 0.046295974403619766, 'surprise': 0.002139272168278694}",0.32362752122376004,0.2611551966143819,0.2184734412607131
context_299,"{'anger': 0.012689933180809021, 'disgust': 0.06117627024650574, 'fear': 0.003137728665024042, 'joy': 0.0016325693577528, 'neutral': 0.02364731952548027, 'sadness': 0.8953104019165039, 'surprise': 0.002405774313956499}","{'anger': 0.02219126559793949, 'disgust': 0.01753665879368782, 'fear': 0.0023409798741340637, 'joy': 0.004409802611917257, 'neutral': 0.14640431106090546, 'sadness': 0.01962570659816265, 'surprise': 0.7874912619590759}","{'anger': 0.027238674461841583, 'disgust': 0.06911453604698181, 'fear': 0.011694428510963917, 'joy': 0.009450988844037056, 'neutral': 0.6489935517311096, 'sadness': 0.22588004171848297, 'surprise': 0.00762784481048584}","{'anger': 0.06183299422264099, 'disgust': 0.08151441067457199, 'fear': 0.008432179689407349, 'joy': 0.008230552077293396, 'neutral': 0.5105053782463074, 'sadness': 0.3255023956298828, 'surprise': 0.003982027526944876}",0.03375430479894159,0.3580015754300948,0.5609727294122495
context_300,"{'anger': 0.673148512840271, 'disgust': 0.08578944206237793, 'fear': 0.025334948673844337, 'joy': 0.0036806853022426367, 'neutral': 0.05301785469055176, 'sadness': 0.1427404135465622, 'surprise': 0.01628819666802883}","{'anger': 0.03045959584414959, 'disgust': 0.05830780789256096, 'fear': 0.008993820287287235, 'joy': 0.0057702879421412945, 'neutral': 0.8526090979576111, 'sadness': 0.040553018450737, 'surprise': 0.0033062712755054235}","{'anger': 0.02942238375544548, 'disgust': 0.010741007514297962, 'fear': 0.04389675706624985, 'joy': 0.02988787740468979, 'neutral': 0.8702403903007507, 'sadness': 0.006414406467229128, 'surprise': 0.009397260844707489}","{'anger': 0.017155257984995842, 'disgust': 0.019323615357279778, 'fear': 0.01791943609714508, 'joy': 0.03099787048995495, 'neutral': 0.7115041017532349, 'sadness': 0.19784948229789734, 'surprise': 0.005250198766589165}",0.12885872660263697,0.11386178500782718,0.15498929925997873
context_301,"{'anger': 0.0908380076289177, 'disgust': 0.2796674966812134, 'fear': 0.2765362560749054, 'joy': 0.0015550586394965649, 'neutral': 0.2158259153366089, 'sadness': 0.10332883894443512, 'surprise': 0.03224845603108406}","{'anger': 0.01116902194917202, 'disgust': 0.0035760882310569286, 'fear': 0.015408406965434551, 'joy': 0.06324761360883713, 'neutral': 0.8640783429145813, 'sadness': 0.008047331124544144, 'surprise': 0.03447315841913223}","{'anger': 0.004725742153823376, 'disgust': 0.008556940592825413, 'fear': 0.005729679949581623, 'joy': 0.004955533426254988, 'neutral': 0.9614526629447937, 'sadness': 0.009408996440470219, 'surprise': 0.0051704589277505875}","{'anger': 0.005277723073959351, 'disgust': 0.00786676537245512, 'fear': 0.007299418095499277, 'joy': 0.005888371262699366, 'neutral': 0.9574858546257019, 'sadness': 0.009182952344417572, 'surprise': 0.006998941767960787}",0.47752118525438947,0.4710653466416945,0.4718334333182088
context_302,"{'anger': 0.0009956562425941229, 'disgust': 0.001134099205955863, 'fear': 0.9895568490028381, 'joy': 0.0012018989073112607, 'neutral': 0.003974539693444967, 'sadness': 0.001486932160332799, 'surprise': 0.0016499330522492528}","{'anger': 0.006700186058878899, 'disgust': 0.014710552990436554, 'fear': 0.48111751675605774, 'joy': 0.03363747149705887, 'neutral': 0.43981820344924927, 'sadness': 0.012390382587909698, 'surprise': 0.011625750921666622}","{'anger': 0.0025802766904234886, 'disgust': 0.0005061373813077807, 'fear': 0.9850822687149048, 'joy': 0.001905153039842844, 'neutral': 0.005721499212086201, 'sadness': 0.002451034728437662, 'surprise': 0.0017535592196509242}","{'anger': 0.0031462768092751503, 'disgust': 0.002066211309283972, 'fear': 0.9572620391845703, 'joy': 0.005904419347643852, 'neutral': 0.026785407215356827, 'sadness': 0.003437186125665903, 'surprise': 0.0013984652468934655}",0.7394714274558496,0.9999961433944199,0.9996954807858428
context_303,"{'anger': 0.30646756291389465, 'disgust': 0.10946130752563477, 'fear': 0.05370676517486572, 'joy': 0.0036245861556380987, 'neutral': 0.5032923817634583, 'sadness': 0.013023825362324715, 'surprise': 0.010423592291772366}","{'anger': 0.004963900428265333, 'disgust': 0.0014112313510850072, 'fear': 0.9750005006790161, 'joy': 0.002013243967667222, 'neutral': 0.01288166455924511, 'sadness': 0.0027644720394164324, 'surprise': 0.0009649770217947662}","{'anger': 0.023470351472496986, 'disgust': 0.009905566461384296, 'fear': 0.8232160210609436, 'joy': 0.010904238559305668, 'neutral': 0.1174057349562645, 'sadness': 0.012443188577890396, 'surprise': 0.0026548090390861034}","{'anger': 0.05165133997797966, 'disgust': 0.06924784928560257, 'fear': 0.20356029272079468, 'joy': 0.01926911436021328, 'neutral': 0.6306270360946655, 'sadness': 0.02302946150302887, 'surprise': 0.002614835277199745}",0.10319728603465439,0.22320876303634496,0.8744229562529834
context_304,"{'anger': 0.16200466454029083, 'disgust': 0.193028524518013, 'fear': 0.10737673938274384, 'joy': 0.002532738959416747, 'neutral': 0.32198140025138855, 'sadness': 0.02987455576658249, 'surprise': 0.1832013726234436}","{'anger': 0.05649244785308838, 'disgust': 0.03105274774134159, 'fear': 0.01350801344960928, 'joy': 0.009644342586398125, 'neutral': 0.7730724215507507, 'sadness': 0.1098378375172615, 'surprise': 0.006392266601324081}","{'anger': 0.06658633798360825, 'disgust': 0.022973710671067238, 'fear': 0.13649903237819672, 'joy': 0.026491917669773102, 'neutral': 0.713627815246582, 'sadness': 0.02205044962465763, 'surprise': 0.011770732700824738}","{'anger': 0.024425534531474113, 'disgust': 0.04514900967478752, 'fear': 0.00691645685583353, 'joy': 0.01362119521945715, 'neutral': 0.8928437232971191, 'sadness': 0.015417740680277348, 'surprise': 0.0016263123834505677}",0.7461671968926523,0.7780022853389192,0.7304219491917194
context_305,"{'anger': 0.055430322885513306, 'disgust': 0.13375315070152283, 'fear': 0.03048352710902691, 'joy': 0.004071883857250214, 'neutral': 0.2756402790546417, 'sadness': 0.47131460905075073, 'surprise': 0.02930629812180996}","{'anger': 0.007605547085404396, 'disgust': 0.034504953771829605, 'fear': 0.062026072293519974, 'joy': 0.007584075443446636, 'neutral': 0.16203758120536804, 'sadness': 0.7150991559028625, 'surprise': 0.01114258635789156}","{'anger': 0.0040280381217598915, 'disgust': 0.013909028843045235, 'fear': 0.004636822268366814, 'joy': 0.035412129014730453, 'neutral': 0.9328476190567017, 'sadness': 0.005805911496281624, 'surprise': 0.003360365517437458}","{'anger': 0.014348208904266357, 'disgust': 0.012241650372743607, 'fear': 0.016638651490211487, 'joy': 0.013283726759254932, 'neutral': 0.9333220720291138, 'sadness': 0.007587303873151541, 'surprise': 0.002578323008492589}",0.9319675795482218,0.4960099205620627,0.4989172752877815
context_306,"{'anger': 0.3079827129840851, 'disgust': 0.2563677728176117, 'fear': 0.2977048456668854, 'joy': 0.0015613019932061434, 'neutral': 0.10439037531614304, 'sadness': 0.02916419506072998, 'surprise': 0.0028288059402257204}","{'anger': 0.0011694631539285183, 'disgust': 0.0006382701685652137, 'fear': 0.9917654395103455, 'joy': 0.0009386578458361328, 'neutral': 0.0023751123808324337, 'sadness': 0.0023190928623080254, 'surprise': 0.0007941185031086206}","{'anger': 0.011884654872119427, 'disgust': 0.01469969842582941, 'fear': 0.7403337359428406, 'joy': 0.003658502595499158, 'neutral': 0.09059268981218338, 'sadness': 0.12745234370231628, 'surprise': 0.011378390714526176}","{'anger': 0.04822318255901337, 'disgust': 0.03930334001779556, 'fear': 0.09010925889015198, 'joy': 0.0060211955569684505, 'neutral': 0.7993869781494141, 'sadness': 0.014528181403875351, 'surprise': 0.0024277721531689167}",0.5844273715912313,0.623314325704889,0.3290230820773803
context_307,"{'anger': 0.0018867747858166695, 'disgust': 0.006795839872211218, 'fear': 0.001691598678007722, 'joy': 0.000995180569589138, 'neutral': 0.012101491913199425, 'sadness': 0.974361002445221, 'surprise': 0.002168069127947092}","{'anger': 0.008755744434893131, 'disgust': 0.01577908545732498, 'fear': 0.010699526406824589, 'joy': 0.0020682180766016245, 'neutral': 0.041227616369724274, 'sadness': 0.9167025089263916, 'surprise': 0.004767326172441244}","{'anger': 0.004182604607194662, 'disgust': 0.004878548439592123, 'fear': 0.008284922689199448, 'joy': 0.005500313825905323, 'neutral': 0.04829811677336693, 'sadness': 0.9274038672447205, 'surprise': 0.0014516721712425351}","{'anger': 0.01175080705434084, 'disgust': 0.03127605468034744, 'fear': 0.006425165105611086, 'joy': 0.02487746812403202, 'neutral': 0.26524844765663147, 'sadness': 0.6585906744003296, 'surprise': 0.0018313305918127298}",0.9993357949439371,0.9991727972277422,0.9308880197590164
context_308,"{'anger': 0.6057231426239014, 'disgust': 0.04459701478481293, 'fear': 0.24931012094020844, 'joy': 0.00270890723913908, 'neutral': 0.022516440600156784, 'sadness': 0.055467378348112106, 'surprise': 0.019677063450217247}","{'anger': 0.07995741814374924, 'disgust': 0.07856502383947372, 'fear': 0.043979767709970474, 'joy': 0.010152582079172134, 'neutral': 0.7572229504585266, 'sadness': 0.023316890001296997, 'surprise': 0.00680541293695569}","{'anger': 0.08395524322986603, 'disgust': 0.00631945813074708, 'fear': 0.8280535340309143, 'joy': 0.004321657586842775, 'neutral': 0.06339648365974426, 'sadness': 0.008120405487716198, 'surprise': 0.005833166651427746}","{'anger': 0.6958366632461548, 'disgust': 0.015584777109324932, 'fear': 0.13457030057907104, 'joy': 0.0024395280051976442, 'neutral': 0.1327441781759262, 'sadness': 0.014814278110861778, 'surprise': 0.004010211210697889}",0.16087665924425743,0.47144764855619026,0.966001437834386
context_309,"{'anger': 0.008528991602361202, 'disgust': 0.07213788479566574, 'fear': 0.08744646608829498, 'joy': 0.0012599455658346415, 'neutral': 0.011720158159732819, 'sadness': 0.8135247230529785, 'surprise': 0.005381761118769646}","{'anger': 0.12425053864717484, 'disgust': 0.018385712057352066, 'fear': 0.02395099587738514, 'joy': 0.004250698257237673, 'neutral': 0.32329684495925903, 'sadness': 0.4992923140525818, 'surprise': 0.006572969723492861}","{'anger': 0.14763648808002472, 'disgust': 0.03320314362645149, 'fear': 0.3804461658000946, 'joy': 0.006204343866556883, 'neutral': 0.16385586559772491, 'sadness': 0.1837722212076187, 'surprise': 0.08488179743289948}","{'anger': 0.009245578199625015, 'disgust': 0.06907100975513458, 'fear': 0.011989162303507328, 'joy': 0.09392428398132324, 'neutral': 0.6840453147888184, 'sadness': 0.12660472095012665, 'surprise': 0.0051199267618358135}",0.8292096934429528,0.4735938295335915,0.20231767476337148
context_310,"{'anger': 0.010108230635523796, 'disgust': 0.010803393088281155, 'fear': 0.02874477580189705, 'joy': 0.0018274033209308982, 'neutral': 0.03603415936231613, 'sadness': 0.8974407315254211, 'surprise': 0.015041262842714787}","{'anger': 0.007013231515884399, 'disgust': 0.021217133849859238, 'fear': 0.005569299217313528, 'joy': 0.004601532593369484, 'neutral': 0.05504942685365677, 'sadness': 0.9025737643241882, 'surprise': 0.003975627478212118}","{'anger': 0.0014782912330701947, 'disgust': 0.003906980622559786, 'fear': 0.003300765063613653, 'joy': 0.005487512331455946, 'neutral': 0.03042108379304409, 'sadness': 0.9523208737373352, 'surprise': 0.003084485186263919}","{'anger': 0.004929198417812586, 'disgust': 0.011308453977108002, 'fear': 0.008941343985497952, 'joy': 0.002166418358683586, 'neutral': 0.03921417146921158, 'sadness': 0.9317010045051575, 'surprise': 0.0017394600436091423}",0.9992984728467174,0.9993832527296729,0.99961888170184
context_311,"{'anger': 0.0023497282527387142, 'disgust': 0.0012310356833040714, 'fear': 0.9846130609512329, 'joy': 0.0008539048139937222, 'neutral': 0.005827152635902166, 'sadness': 0.0028456791769713163, 'surprise': 0.0022794241085648537}","{'anger': 0.0059966822154819965, 'disgust': 0.0041971346363425255, 'fear': 0.9435738921165466, 'joy': 0.0014420835068449378, 'neutral': 0.03184818848967552, 'sadness': 0.007287261541932821, 'surprise': 0.005654751788824797}","{'anger': 0.003279499476775527, 'disgust': 0.0028567102272063494, 'fear': 0.950815737247467, 'joy': 0.0017967455787584186, 'neutral': 0.03378298878669739, 'sadness': 0.0048910267651081085, 'surprise': 0.00257730670273304}","{'anger': 0.00761162955313921, 'disgust': 0.05565829575061798, 'fear': 0.5330213308334351, 'joy': 0.00581670505926013, 'neutral': 0.25481122732162476, 'sadness': 0.13472534716129303, 'surprise': 0.008355522528290749}",0.9995814464021018,0.9995568158738318,0.8790249948130476
context_312,"{'anger': 0.03849876672029495, 'disgust': 0.014464244246482849, 'fear': 0.9249567985534668, 'joy': 0.0017180453287437558, 'neutral': 0.006534458138048649, 'sadness': 0.00639928737655282, 'surprise': 0.007428396493196487}","{'anger': 0.010873764753341675, 'disgust': 0.0021988810040056705, 'fear': 0.9603402018547058, 'joy': 0.0012521380558609962, 'neutral': 0.016345161944627762, 'sadness': 0.0036403865087777376, 'surprise': 0.005349490791559219}","{'anger': 0.9816476106643677, 'disgust': 0.004071523435413837, 'fear': 0.0014002904063090682, 'joy': 0.0006147496751509607, 'neutral': 0.006676450837403536, 'sadness': 0.003880613250657916, 'surprise': 0.0017087686574086547}","{'anger': 0.014566374942660332, 'disgust': 0.0091688372194767, 'fear': 0.8058068156242371, 'joy': 0.0037623466923832893, 'neutral': 0.15221798419952393, 'sadness': 0.012429457157850266, 'surprise': 0.002048201160505414}",0.9993953977186377,0.04315606666812577,0.9835842622313823
context_313,"{'anger': 0.7411404848098755, 'disgust': 0.1336916834115982, 'fear': 0.03377405181527138, 'joy': 0.001204467611387372, 'neutral': 0.050116632133722305, 'sadness': 0.031991101801395416, 'surprise': 0.008081498555839062}","{'anger': 0.05074739456176758, 'disgust': 0.028989510610699654, 'fear': 0.1480385661125183, 'joy': 0.0050175245851278305, 'neutral': 0.7538865804672241, 'sadness': 0.008444433100521564, 'surprise': 0.004876052029430866}","{'anger': 0.0025302458088845015, 'disgust': 0.0035567316226661205, 'fear': 0.9273703098297119, 'joy': 0.0034589555580168962, 'neutral': 0.05426344648003578, 'sadness': 0.005237329285591841, 'surprise': 0.0035829150583595037}","{'anger': 0.029013903811573982, 'disgust': 0.007748819887638092, 'fear': 0.8429224491119385, 'joy': 0.002987656742334366, 'neutral': 0.10555638372898102, 'sadness': 0.009858563542366028, 'surprise': 0.001912069390527904}",0.14514733407513258,0.052084769432414135,0.08809178637161907
context_314,"{'anger': 0.06318505853414536, 'disgust': 0.01029523927718401, 'fear': 0.8331648111343384, 'joy': 0.002306025940924883, 'neutral': 0.04879803583025932, 'sadness': 0.024207990616559982, 'surprise': 0.018042709678411484}","{'anger': 0.10691525042057037, 'disgust': 0.021984748542308807, 'fear': 0.057258397340774536, 'joy': 0.008491643704473972, 'neutral': 0.7649492025375366, 'sadness': 0.023662777617573738, 'surprise': 0.016738038510084152}","{'anger': 0.05158354714512825, 'disgust': 0.02812032774090767, 'fear': 0.034016430377960205, 'joy': 0.0026374994777143, 'neutral': 0.8009427189826965, 'sadness': 0.012911460362374783, 'surprise': 0.06978804618120193}","{'anger': 0.03316021338105202, 'disgust': 0.025833342224359512, 'fear': 0.24715042114257812, 'joy': 0.01621308922767639, 'neutral': 0.6194794774055481, 'sadness': 0.05427371710538864, 'surprise': 0.003889694344252348}",0.14305439137579767,0.10734319265529724,0.4270972410470443
context_315,"{'anger': 0.008689413778483868, 'disgust': 0.008161492645740509, 'fear': 0.9349303245544434, 'joy': 0.0008761887438595295, 'neutral': 0.024939725175499916, 'sadness': 0.017003649845719337, 'surprise': 0.005399146117269993}","{'anger': 0.00516043696552515, 'disgust': 0.00744768837466836, 'fear': 0.9176000356674194, 'joy': 0.004328206647187471, 'neutral': 0.04591157287359238, 'sadness': 0.017725683748722076, 'surprise': 0.0018264559330418706}","{'anger': 0.008646574802696705, 'disgust': 0.006203986704349518, 'fear': 0.8468635678291321, 'joy': 0.009767290204763412, 'neutral': 0.11380419135093689, 'sadness': 0.007668518461287022, 'surprise': 0.007045757491141558}","{'anger': 0.003922875504940748, 'disgust': 0.02095222659409046, 'fear': 0.665435254573822, 'joy': 0.008216396905481815, 'neutral': 0.12301404029130936, 'sadness': 0.14373597502708435, 'surprise': 0.034723225980997086}",0.9997063232440113,0.9941910543198991,0.968672566206127
context_316,"{'anger': 0.010974282398819923, 'disgust': 0.004362893756479025, 'fear': 0.9309473037719727, 'joy': 0.002063052961602807, 'neutral': 0.030334917828440666, 'sadness': 0.016989829018712044, 'surprise': 0.004327676258981228}","{'anger': 0.009235505945980549, 'disgust': 0.015226100571453571, 'fear': 0.001873800647445023, 'joy': 0.003903220873326063, 'neutral': 0.9624274373054504, 'sadness': 0.0035986341536045074, 'surprise': 0.003735232399776578}","{'anger': 0.8002083897590637, 'disgust': 0.011295497417449951, 'fear': 0.0645563006401062, 'joy': 0.0031193403992801905, 'neutral': 0.07844536751508713, 'sadness': 0.006166570354253054, 'surprise': 0.03620855137705803}","{'anger': 0.00433905515819788, 'disgust': 0.002890852512791753, 'fear': 0.9426092505455017, 'joy': 0.004149444401264191, 'neutral': 0.0393439345061779, 'sadness': 0.004501549527049065, 'surprise': 0.0021660183556377888}",0.03478016418316321,0.09513374056434853,0.999835329272302
context_317,"{'anger': 0.05724117532372475, 'disgust': 0.010598722845315933, 'fear': 0.045973557978868484, 'joy': 0.007585405372083187, 'neutral': 0.031295519322156906, 'sadness': 0.1830640733242035, 'surprise': 0.6642415523529053}","{'anger': 0.005034899804741144, 'disgust': 0.0403120256960392, 'fear': 0.6912772059440613, 'joy': 0.010667918249964714, 'neutral': 0.1803993135690689, 'sadness': 0.06880898028612137, 'surprise': 0.0034996108151972294}","{'anger': 0.015271837823092937, 'disgust': 0.004123245365917683, 'fear': 0.002984079997986555, 'joy': 0.8337541222572327, 'neutral': 0.12483975291252136, 'sadness': 0.014927475713193417, 'surprise': 0.004099453333765268}","{'anger': 0.0665193498134613, 'disgust': 0.050665199756622314, 'fear': 0.006699536927044392, 'joy': 0.06791536509990692, 'neutral': 0.7835391759872437, 'sadness': 0.022754786536097527, 'surprise': 0.0019066222012043}",0.10654809153412637,0.028616093686099853,0.06398100600561252
context_318,"{'anger': 0.29391682147979736, 'disgust': 0.16004376113414764, 'fear': 0.030422119423747063, 'joy': 0.006842354312539101, 'neutral': 0.161122664809227, 'sadness': 0.30361849069595337, 'surprise': 0.04403376951813698}","{'anger': 0.34242790937423706, 'disgust': 0.3743564188480377, 'fear': 0.04100997745990753, 'joy': 0.005245951469987631, 'neutral': 0.09945797175168991, 'sadness': 0.10440727323293686, 'surprise': 0.033094510436058044}","{'anger': 0.004001074470579624, 'disgust': 0.0028238599188625813, 'fear': 0.005180818028748035, 'joy': 0.006889355834573507, 'neutral': 0.9668378233909607, 'sadness': 0.003414017613977194, 'surprise': 0.010853108018636703}","{'anger': 0.01265180017799139, 'disgust': 0.023663198575377464, 'fear': 0.008926225826144218, 'joy': 0.026314381510019302, 'neutral': 0.9139901399612427, 'sadness': 0.012498228810727596, 'surprise': 0.0019559492357075214}",0.8246140900102616,0.340882849435457,0.3602265958644739
context_319,"{'anger': 0.07783036679029465, 'disgust': 0.014205392450094223, 'fear': 0.002040954539552331, 'joy': 0.002086050109937787, 'neutral': 0.02511817030608654, 'sadness': 0.8680101633071899, 'surprise': 0.010708944872021675}","{'anger': 0.08686859905719757, 'disgust': 0.029898501932621002, 'fear': 0.0018715595360845327, 'joy': 0.003169021802023053, 'neutral': 0.05484569072723389, 'sadness': 0.8183809518814087, 'surprise': 0.004965620115399361}","{'anger': 0.005498195067048073, 'disgust': 0.01653711311519146, 'fear': 0.004914929158985615, 'joy': 0.0028240729589015245, 'neutral': 0.03363807499408722, 'sadness': 0.9339019656181335, 'surprise': 0.002685720566660166}","{'anger': 0.17175006866455078, 'disgust': 0.07495107501745224, 'fear': 0.0036160729359835386, 'joy': 0.011903557926416397, 'neutral': 0.7139908075332642, 'sadness': 0.02162046544253826, 'surprise': 0.0021679787896573544}",0.9989366775472237,0.996442220324188,0.07947444698944994
context_320,"{'anger': 0.020017802715301514, 'disgust': 0.008050389587879181, 'fear': 0.8886241316795349, 'joy': 0.0014827372506260872, 'neutral': 0.04968330264091492, 'sadness': 0.02449980564415455, 'surprise': 0.007641843985766172}","{'anger': 0.04963867366313934, 'disgust': 0.014624557457864285, 'fear': 0.298186719417572, 'joy': 0.044634975492954254, 'neutral': 0.555631697177887, 'sadness': 0.031604934483766556, 'surprise': 0.0056784250773489475}","{'anger': 0.023374872282147408, 'disgust': 0.03012530319392681, 'fear': 0.20412983000278473, 'joy': 0.013333287090063095, 'neutral': 0.30647361278533936, 'sadness': 0.009456965140998363, 'surprise': 0.41310611367225647}","{'anger': 0.008361355401575565, 'disgust': 0.007895623333752155, 'fear': 0.7709739804267883, 'joy': 0.006805171258747578, 'neutral': 0.1594395488500595, 'sadness': 0.042891524732112885, 'surprise': 0.003632690291851759}",0.5207830129242698,0.40613791391487797,0.9886175617915293
context_321,"{'anger': 0.00827946700155735, 'disgust': 0.010708607733249664, 'fear': 0.02300063520669937, 'joy': 0.0014678749721497297, 'neutral': 0.016167249530553818, 'sadness': 0.937581479549408, 'surprise': 0.002794663654640317}","{'anger': 0.16989721357822418, 'disgust': 0.16174845397472382, 'fear': 0.07667194306850433, 'joy': 0.004734894726425409, 'neutral': 0.09158093482255936, 'sadness': 0.49135395884513855, 'surprise': 0.004012678284198046}","{'anger': 0.01435022708028555, 'disgust': 0.0060040089301764965, 'fear': 0.01940734125673771, 'joy': 0.1791638284921646, 'neutral': 0.3505955636501312, 'sadness': 0.377463161945343, 'surprise': 0.05301586911082268}","{'anger': 0.21692045032978058, 'disgust': 0.040474049746990204, 'fear': 0.04892212897539139, 'joy': 0.018435616046190262, 'neutral': 0.5325772166252136, 'sadness': 0.14035505056381226, 'surprise': 0.0023154965601861477}",0.893164662148526,0.7007426494393273,0.25698499233181316
context_322,"{'anger': 0.003189869923517108, 'disgust': 0.0013791696401312947, 'fear': 0.9822213053703308, 'joy': 0.0015243430389091372, 'neutral': 0.0055824099108576775, 'sadness': 0.0044651636853814125, 'surprise': 0.001637781853787601}","{'anger': 0.018638597801327705, 'disgust': 0.005721564870327711, 'fear': 0.735709547996521, 'joy': 0.01249980553984642, 'neutral': 0.197850301861763, 'sadness': 0.022346356883645058, 'surprise': 0.007233756128698587}","{'anger': 0.002451503649353981, 'disgust': 0.0023229713551700115, 'fear': 0.9543416500091553, 'joy': 0.003364282427355647, 'neutral': 0.03093540668487549, 'sadness': 0.00408529955893755, 'surprise': 0.0024988255463540554}","{'anger': 0.022950895130634308, 'disgust': 0.011702616699039936, 'fear': 0.5388408899307251, 'joy': 0.009349707514047623, 'neutral': 0.39628371596336365, 'sadness': 0.0167261753231287, 'surprise': 0.004145992919802666}",0.9664909149862505,0.9996398488087505,0.8082701220182951
context_323,"{'anger': 0.05232495442032814, 'disgust': 0.0008583354065194726, 'fear': 0.9315748810768127, 'joy': 0.002081257523968816, 'neutral': 0.001986511517316103, 'sadness': 0.007716753985732794, 'surprise': 0.0034572777803987265}","{'anger': 0.6003634333610535, 'disgust': 0.04751230403780937, 'fear': 0.07112880051136017, 'joy': 0.0032177239190787077, 'neutral': 0.17712143063545227, 'sadness': 0.09079261124134064, 'surprise': 0.009863669984042645}","{'anger': 0.05199338495731354, 'disgust': 0.006199549417942762, 'fear': 0.0017351742135360837, 'joy': 0.015054687857627869, 'neutral': 0.8956994414329529, 'sadness': 0.009754171594977379, 'surprise': 0.019563598558306694}","{'anger': 0.34899184107780457, 'disgust': 0.025620875880122185, 'fear': 0.0045036557130515575, 'joy': 0.15196195244789124, 'neutral': 0.45449236035346985, 'sadness': 0.012203853577375412, 'surprise': 0.0022255335934460163}",0.16589275617537957,0.007516927116449135,0.04297345407168163
context_324,"{'anger': 0.046875931322574615, 'disgust': 0.09142805635929108, 'fear': 0.5909410119056702, 'joy': 0.0036968912463635206, 'neutral': 0.17166057229042053, 'sadness': 0.07659156620502472, 'surprise': 0.018805954605340958}","{'anger': 0.01930857077240944, 'disgust': 0.02342856116592884, 'fear': 0.6263309121131897, 'joy': 0.003300257958471775, 'neutral': 0.2925771176815033, 'sadness': 0.02955172024667263, 'surprise': 0.005502867512404919}","{'anger': 0.035770658403635025, 'disgust': 0.03344307467341423, 'fear': 0.030746767297387123, 'joy': 0.010517003014683723, 'neutral': 0.8680856823921204, 'sadness': 0.019342638552188873, 'surprise': 0.0020940834656357765}","{'anger': 0.03805885836482048, 'disgust': 0.03313971683382988, 'fear': 0.11525575071573257, 'joy': 0.012646026909351349, 'neutral': 0.7893398404121399, 'sadness': 0.009347195737063885, 'surprise': 0.0022125770337879658}",0.9775216855503455,0.3169776597586629,0.4161613630162677
context_325,"{'anger': 0.21868836879730225, 'disgust': 0.08293534815311432, 'fear': 0.11150956898927689, 'joy': 0.003839392913505435, 'neutral': 0.4608192443847656, 'sadness': 0.07293473184108734, 'surprise': 0.04927331954240799}","{'anger': 0.035456687211990356, 'disgust': 0.027663884684443474, 'fear': 0.007679741829633713, 'joy': 0.05531137436628342, 'neutral': 0.858557403087616, 'sadness': 0.00794336386024952, 'surprise': 0.007387595716863871}","{'anger': 0.009188394993543625, 'disgust': 0.0081550944596529, 'fear': 0.0019075435120612383, 'joy': 0.08000092953443527, 'neutral': 0.8825819492340088, 'sadness': 0.011200258508324623, 'surprise': 0.006965856067836285}","{'anger': 0.04300691559910774, 'disgust': 0.1838100403547287, 'fear': 0.4204012453556061, 'joy': 0.040112897753715515, 'neutral': 0.2494623064994812, 'sadness': 0.059591710567474365, 'surprise': 0.003614896209910512}",0.8828666528028839,0.8653007118904907,0.6743200297106442
context_326,"{'anger': 0.006609135307371616, 'disgust': 0.004095145501196384, 'fear': 0.045302122831344604, 'joy': 0.05373385548591614, 'neutral': 0.030093668028712273, 'sadness': 0.016546862199902534, 'surprise': 0.8436192274093628}","{'anger': 0.005593935493379831, 'disgust': 0.010237266309559345, 'fear': 0.0030146236531436443, 'joy': 0.011551611125469208, 'neutral': 0.9472275972366333, 'sadness': 0.01872921548783779, 'surprise': 0.0036458016838878393}","{'anger': 0.014808953739702702, 'disgust': 0.0062281107529997826, 'fear': 0.05530311539769173, 'joy': 0.03303578123450279, 'neutral': 0.8652191758155823, 'sadness': 0.014532468281686306, 'surprise': 0.0108724320307374}","{'anger': 0.07017394155263901, 'disgust': 0.04515447840094566, 'fear': 0.027136798948049545, 'joy': 0.009865771047770977, 'neutral': 0.7505358457565308, 'sadness': 0.09463448822498322, 'surprise': 0.0024986492935568094}",0.04076398743842513,0.05419432103277666,0.04442645619625729
context_327,"{'anger': 0.00895981676876545, 'disgust': 0.016855664551258087, 'fear': 0.00528474897146225, 'joy': 0.0020617800764739513, 'neutral': 0.9387515783309937, 'sadness': 0.004159107338637114, 'surprise': 0.023927366361021996}","{'anger': 0.0025123844388872385, 'disgust': 0.0031580699142068624, 'fear': 0.000690788438078016, 'joy': 0.9458019733428955, 'neutral': 0.04108652472496033, 'sadness': 0.0022029182873666286, 'surprise': 0.004547403659671545}","{'anger': 0.005696422420442104, 'disgust': 0.004738248884677887, 'fear': 0.0051181502640247345, 'joy': 0.013971345499157906, 'neutral': 0.9465001225471497, 'sadness': 0.0035595139488577843, 'surprise': 0.020416243001818657}","{'anger': 0.012064802460372448, 'disgust': 0.028700117021799088, 'fear': 0.006797505542635918, 'joy': 0.00515911728143692, 'neutral': 0.9345198273658752, 'sadness': 0.003612242639064789, 'surprise': 0.009146341122686863}",0.04578961420154193,0.999823261469041,0.9997829472023502
context_328,"{'anger': 0.32197943329811096, 'disgust': 0.2968441843986511, 'fear': 0.029572417959570885, 'joy': 0.004629208706319332, 'neutral': 0.20900538563728333, 'sadness': 0.12312955409288406, 'surprise': 0.01483985222876072}","{'anger': 0.004858720116317272, 'disgust': 0.00169270986225456, 'fear': 0.9783079028129578, 'joy': 0.0011679057497531176, 'neutral': 0.009513148106634617, 'sadness': 0.0024952248204499483, 'surprise': 0.0019642605911940336}","{'anger': 0.019731244072318077, 'disgust': 0.010303731076419353, 'fear': 0.04390992969274521, 'joy': 0.004321516025811434, 'neutral': 0.07130727171897888, 'sadness': 0.8415265083312988, 'surprise': 0.008899767883121967}","{'anger': 0.0191449336707592, 'disgust': 0.017293639481067657, 'fear': 0.014339999295771122, 'joy': 0.009611736983060837, 'neutral': 0.9297213554382324, 'sadness': 0.00815851241350174, 'surprise': 0.001729832380078733}",0.0678923177752997,0.3047935229380734,0.443724358195728
context_329,"{'anger': 0.016539063304662704, 'disgust': 0.2701626718044281, 'fear': 0.02972693368792534, 'joy': 0.006584090646356344, 'neutral': 0.27769041061401367, 'sadness': 0.3630266785621643, 'surprise': 0.03627021610736847}","{'anger': 0.05911756306886673, 'disgust': 0.6652337908744812, 'fear': 0.014222624711692333, 'joy': 0.0020022359676659107, 'neutral': 0.1024356260895729, 'sadness': 0.15204589068889618, 'surprise': 0.004942253697663546}","{'anger': 0.2928856611251831, 'disgust': 0.06173771992325783, 'fear': 0.07487492263317108, 'joy': 0.005693801678717136, 'neutral': 0.5223944783210754, 'sadness': 0.01638890616595745, 'surprise': 0.026024552062153816}","{'anger': 0.024639928713440895, 'disgust': 0.07510296255350113, 'fear': 0.007015516050159931, 'joy': 0.024166125804185867, 'neutral': 0.8210234045982361, 'sadness': 0.04508110135793686, 'surprise': 0.0029709702357649803}",0.7172051333321907,0.5424450178826704,0.6024665869117655
context_330,"{'anger': 0.08440560102462769, 'disgust': 0.18809670209884644, 'fear': 0.076561339199543, 'joy': 0.0011678438168019056, 'neutral': 0.5430701971054077, 'sadness': 0.08285363018512726, 'surprise': 0.02384474128484726}","{'anger': 0.3558529317378998, 'disgust': 0.43361350893974304, 'fear': 0.03106227144598961, 'joy': 0.006723592057824135, 'neutral': 0.13992802798748016, 'sadness': 0.02947951667010784, 'surprise': 0.003340136958286166}","{'anger': 0.0681467056274414, 'disgust': 0.0007957268389873207, 'fear': 0.7172690033912659, 'joy': 0.0961097702383995, 'neutral': 0.005285833962261677, 'sadness': 0.10983484983444214, 'surprise': 0.0025580646470189095}","{'anger': 0.0781237781047821, 'disgust': 0.2621278464794159, 'fear': 0.010682113468647003, 'joy': 0.007097190245985985, 'neutral': 0.5251469016075134, 'sadness': 0.11491329222917557, 'surprise': 0.0019088499248027802}",0.5606468466493525,0.1675812793275544,0.9837624223367049
context_331,"{'anger': 0.02513633295893669, 'disgust': 0.05387694016098976, 'fear': 0.0802580937743187, 'joy': 0.0018365292344242334, 'neutral': 0.7108533978462219, 'sadness': 0.05903545394539833, 'surprise': 0.06900327652692795}","{'anger': 0.014850274659693241, 'disgust': 0.002738598268479109, 'fear': 0.002510740887373686, 'joy': 0.8285062909126282, 'neutral': 0.09212575852870941, 'sadness': 0.009029936045408249, 'surprise': 0.050238437950611115}","{'anger': 0.00772708747535944, 'disgust': 0.0066901640966534615, 'fear': 0.00273281242698431, 'joy': 0.032427478581666946, 'neutral': 0.9321655631065369, 'sadness': 0.004739406052976847, 'surprise': 0.013517532497644424}","{'anger': 0.011039011180400848, 'disgust': 0.035369496792554855, 'fear': 0.018632546067237854, 'joy': 0.2233031988143921, 'neutral': 0.6770972013473511, 'sadness': 0.03133505955338478, 'surprise': 0.003223544219508767}",0.11868229915352035,0.9846977472770687,0.9424411055567218
context_332,"{'anger': 0.0557582788169384, 'disgust': 0.09054379165172577, 'fear': 0.13474108278751373, 'joy': 0.0015792762860655785, 'neutral': 0.6342032551765442, 'sadness': 0.00881626084446907, 'surprise': 0.0743580162525177}","{'anger': 0.008386834524571896, 'disgust': 0.15265575051307678, 'fear': 0.481991708278656, 'joy': 0.022375594824552536, 'neutral': 0.28552234172821045, 'sadness': 0.03354236111044884, 'surprise': 0.01552550308406353}","{'anger': 0.009288805536925793, 'disgust': 0.008940797299146652, 'fear': 0.2235775738954544, 'joy': 0.03725482523441315, 'neutral': 0.7079326510429382, 'sadness': 0.004507080651819706, 'surprise': 0.008498302660882473}","{'anger': 0.011461037211120129, 'disgust': 0.011130251921713352, 'fear': 0.0588262714445591, 'joy': 0.007581766229122877, 'neutral': 0.8927099704742432, 'sadness': 0.012736561708152294, 'surprise': 0.005554137285798788}",0.6798819737462698,0.9786304116677985,0.9737669661983438
context_333,"{'anger': 0.004164173733443022, 'disgust': 0.0026585536543279886, 'fear': 0.9641379117965698, 'joy': 0.0015910384245216846, 'neutral': 0.012516042217612267, 'sadness': 0.005198854953050613, 'surprise': 0.009733492508530617}","{'anger': 0.006288839504122734, 'disgust': 0.002291616518050432, 'fear': 0.008712761104106903, 'joy': 0.8893736004829407, 'neutral': 0.07613725960254669, 'sadness': 0.0122725460678339, 'surprise': 0.0049234540201723576}","{'anger': 0.0028009575325995684, 'disgust': 0.0007105611730366945, 'fear': 0.9832025170326233, 'joy': 0.0012610477861016989, 'neutral': 0.0053871627897024155, 'sadness': 0.002061474369838834, 'surprise': 0.004576290026307106}","{'anger': 0.0020243737380951643, 'disgust': 0.002724631689488888, 'fear': 0.96846604347229, 'joy': 0.001288208062760532, 'neutral': 0.01862412691116333, 'sadness': 0.005606590770184994, 'surprise': 0.0012660669162869453}",0.0126751877998178,0.9999484244763593,0.9999392670893358
context_334,"{'anger': 0.031196290627121925, 'disgust': 0.2104756087064743, 'fear': 0.006210844498127699, 'joy': 0.010330959223210812, 'neutral': 0.5604560375213623, 'sadness': 0.13676755130290985, 'surprise': 0.04456274211406708}","{'anger': 0.008800821378827095, 'disgust': 0.040416471660137177, 'fear': 0.058022111654281616, 'joy': 0.017789606004953384, 'neutral': 0.850967526435852, 'sadness': 0.016131192445755005, 'surprise': 0.007872253656387329}","{'anger': 0.28413859009742737, 'disgust': 0.043227262794971466, 'fear': 0.005715630948543549, 'joy': 0.008189480751752853, 'neutral': 0.03494943678379059, 'sadness': 0.22906218469142914, 'surprise': 0.39471739530563354}","{'anger': 0.012787774205207825, 'disgust': 0.026750007644295692, 'fear': 0.09476085007190704, 'joy': 0.007215459831058979, 'neutral': 0.8174218535423279, 'sadness': 0.038250379264354706, 'surprise': 0.002813679166138172}",0.927905876506332,0.2597784141369739,0.9249760857241879
context_335,"{'anger': 0.9343213438987732, 'disgust': 0.02868173085153103, 'fear': 0.006336619611829519, 'joy': 0.0006701582460664213, 'neutral': 0.01820099912583828, 'sadness': 0.009424546733498573, 'surprise': 0.0023646096233278513}","{'anger': 0.05558069795370102, 'disgust': 0.020810162648558617, 'fear': 0.00717861857265234, 'joy': 0.007365507539361715, 'neutral': 0.9007444381713867, 'sadness': 0.0067742737010121346, 'surprise': 0.0015462341252714396}","{'anger': 0.09006708115339279, 'disgust': 0.013275145553052425, 'fear': 0.1231105625629425, 'joy': 0.013605731539428234, 'neutral': 0.7375848293304443, 'sadness': 0.015425347723066807, 'surprise': 0.006931287236511707}","{'anger': 0.583288848400116, 'disgust': 0.030331000685691833, 'fear': 0.03528966009616852, 'joy': 0.005244162864983082, 'neutral': 0.32793667912483215, 'sadness': 0.016113493591547012, 'surprise': 0.0017962200799956918}",0.08178949719827977,0.14036582768029426,0.8801695370344758
context_336,"{'anger': 0.19868634641170502, 'disgust': 0.30671757459640503, 'fear': 0.07280515134334564, 'joy': 0.0011775926686823368, 'neutral': 0.3323543071746826, 'sadness': 0.06535561382770538, 'surprise': 0.022903556004166603}","{'anger': 0.09621480107307434, 'disgust': 0.1344333440065384, 'fear': 0.014949952252209187, 'joy': 0.0053252726793289185, 'neutral': 0.7282631993293762, 'sadness': 0.018966831266880035, 'surprise': 0.0018466890323907137}","{'anger': 0.9609146118164062, 'disgust': 0.003948424942791462, 'fear': 0.007986895740032196, 'joy': 0.0009733398910611868, 'neutral': 0.010701099410653114, 'sadness': 0.012049120850861073, 'surprise': 0.003426380455493927}","{'anger': 0.023351488634943962, 'disgust': 0.01766769215464592, 'fear': 0.010043417103588581, 'joy': 0.017275728285312653, 'neutral': 0.9208837151527405, 'sadness': 0.009297128766775131, 'surprise': 0.0014809069689363241}",0.8091335037521821,0.4069021629418552,0.6834394614402893
context_337,"{'anger': 0.0892757773399353, 'disgust': 0.687142550945282, 'fear': 0.003683291608467698, 'joy': 0.0009813649812713265, 'neutral': 0.18489286303520203, 'sadness': 0.02372104860842228, 'surprise': 0.010303176939487457}","{'anger': 0.475073903799057, 'disgust': 0.12407983839511871, 'fear': 0.07599455118179321, 'joy': 0.006306732539087534, 'neutral': 0.2414402812719345, 'sadness': 0.0746476799249649, 'surprise': 0.0024570939131081104}","{'anger': 0.0483730249106884, 'disgust': 0.021540433168411255, 'fear': 0.020902054384350777, 'joy': 0.030822373926639557, 'neutral': 0.8451008796691895, 'sadness': 0.029577242210507393, 'surprise': 0.003684038994833827}","{'anger': 0.031717512756586075, 'disgust': 0.04738700017333031, 'fear': 0.010723498649895191, 'joy': 0.0037179740611463785, 'neutral': 0.8927952647209167, 'sadness': 0.011300560086965561, 'surprise': 0.0023582058493047953}",0.4359192170124062,0.2895356867941622,0.31271734088237046
context_338,"{'anger': 0.178634375333786, 'disgust': 0.11118994653224945, 'fear': 0.09037111699581146, 'joy': 0.005788894835859537, 'neutral': 0.1819625198841095, 'sadness': 0.3522792458534241, 'surprise': 0.07977386564016342}","{'anger': 0.023553216829895973, 'disgust': 0.028912588953971863, 'fear': 0.0048384214751422405, 'joy': 0.008796152658760548, 'neutral': 0.9126647114753723, 'sadness': 0.01880379021167755, 'surprise': 0.002431092783808708}","{'anger': 0.019103599712252617, 'disgust': 0.01844239979982376, 'fear': 0.02245231904089451, 'joy': 0.028331084176898003, 'neutral': 0.35701391100883484, 'sadness': 0.54939866065979, 'surprise': 0.005258017219603062}","{'anger': 0.00555780902504921, 'disgust': 0.009799890220165253, 'fear': 0.003176118480041623, 'joy': 0.035542216151952744, 'neutral': 0.1389690786600113, 'sadness': 0.8025218844413757, 'surprise': 0.004432994872331619}",0.4257233729965114,0.8732609906282337,0.8204399345609724
context_339,"{'anger': 0.09542876482009888, 'disgust': 0.10458207875490189, 'fear': 0.2553618252277374, 'joy': 0.013587445951998234, 'neutral': 0.41078948974609375, 'sadness': 0.08520254492759705, 'surprise': 0.03504787012934685}","{'anger': 0.091297946870327, 'disgust': 0.04202040284872055, 'fear': 0.012068468146026134, 'joy': 0.17889617383480072, 'neutral': 0.6059356927871704, 'sadness': 0.06356696039438248, 'surprise': 0.006214270833879709}","{'anger': 0.32327309250831604, 'disgust': 0.020066633820533752, 'fear': 0.02335427701473236, 'joy': 0.03947073966264725, 'neutral': 0.5080788731575012, 'sadness': 0.08112036436796188, 'surprise': 0.0046360082924366}","{'anger': 0.0013743306044489145, 'disgust': 0.002436322858557105, 'fear': 0.00118420145008713, 'joy': 0.0019207943696528673, 'neutral': 0.014059515669941902, 'sadness': 0.976984977722168, 'surprise': 0.002039870247244835}",0.8288686102924401,0.8167761411483767,0.17932698415391446
context_340,"{'anger': 0.014257187955081463, 'disgust': 0.005051488522440195, 'fear': 0.8959171772003174, 'joy': 0.0027569818776100874, 'neutral': 0.05589364469051361, 'sadness': 0.011688066646456718, 'surprise': 0.014435403048992157}","{'anger': 0.05383511632680893, 'disgust': 0.013970799744129181, 'fear': 0.6236317753791809, 'joy': 0.05646016076207161, 'neutral': 0.22570069134235382, 'sadness': 0.016522713005542755, 'surprise': 0.009878704324364662}","{'anger': 0.0018095230916514993, 'disgust': 0.0004914726014249027, 'fear': 0.9843326807022095, 'joy': 0.0025771085638552904, 'neutral': 0.006367905531078577, 'sadness': 0.0028765425086021423, 'surprise': 0.0015449473867192864}","{'anger': 0.021402869373559952, 'disgust': 0.00680966954678297, 'fear': 0.6416048407554626, 'joy': 0.016642604023218155, 'neutral': 0.29466402530670166, 'sadness': 0.015545968897640705, 'surprise': 0.003330063773319125}",0.9543750730053915,0.9981740953435956,0.932635725509211
context_341,"{'anger': 0.49824878573417664, 'disgust': 0.19318732619285583, 'fear': 0.11941786110401154, 'joy': 0.0018811180489137769, 'neutral': 0.07705637812614441, 'sadness': 0.08614764362573624, 'surprise': 0.02406085841357708}","{'anger': 0.1714494526386261, 'disgust': 0.14661474525928497, 'fear': 0.03399120271205902, 'joy': 0.003335187677294016, 'neutral': 0.6179431676864624, 'sadness': 0.01541222259402275, 'surprise': 0.011254003271460533}","{'anger': 0.014985551126301289, 'disgust': 0.010080204345285892, 'fear': 0.051340099424123764, 'joy': 0.2598779797554016, 'neutral': 0.5692375302314758, 'sadness': 0.07008012384176254, 'surprise': 0.024398520588874817}","{'anger': 0.0043666479177773, 'disgust': 0.006023224908858538, 'fear': 0.936322808265686, 'joy': 0.003004305763170123, 'neutral': 0.04261007532477379, 'sadness': 0.005655406974256039, 'surprise': 0.0020175063982605934}",0.4524805083068283,0.18775948527409625,0.2265982585396279
context_342,"{'anger': 0.09513441473245621, 'disgust': 0.03610486909747124, 'fear': 0.11093545705080032, 'joy': 0.004450655076652765, 'neutral': 0.4847587049007416, 'sadness': 0.01976511813700199, 'surprise': 0.24885080754756927}","{'anger': 0.024665631353855133, 'disgust': 0.021915026009082794, 'fear': 0.021386105567216873, 'joy': 0.15859802067279816, 'neutral': 0.7590763568878174, 'sadness': 0.005176396109163761, 'surprise': 0.009182458743453026}","{'anger': 0.0070677269250154495, 'disgust': 0.0068944888189435005, 'fear': 0.00391417695209384, 'joy': 0.018777577206492424, 'neutral': 0.9553414583206177, 'sadness': 0.0021689776331186295, 'surprise': 0.005835636984556913}","{'anger': 0.005971995182335377, 'disgust': 0.005079790484160185, 'fear': 0.904770016670227, 'joy': 0.008369702845811844, 'neutral': 0.07010646164417267, 'sadness': 0.0035397999454289675, 'surprise': 0.0021621861960738897}",0.8572739511767055,0.8621465712847863,0.2644255590204164
context_343,"{'anger': 0.010461716912686825, 'disgust': 0.05177437514066696, 'fear': 0.0748012587428093, 'joy': 0.0023048019502311945, 'neutral': 0.2140854150056839, 'sadness': 0.5637508630752563, 'surprise': 0.08282151818275452}","{'anger': 0.012284311465919018, 'disgust': 0.008537954650819302, 'fear': 0.0023673041723668575, 'joy': 0.0059833163395524025, 'neutral': 0.013005994260311127, 'sadness': 0.9553078413009644, 'surprise': 0.0025133017916232347}","{'anger': 0.0038497045170515776, 'disgust': 0.005589453503489494, 'fear': 0.11507081985473633, 'joy': 0.002588368020951748, 'neutral': 0.03209472447633743, 'sadness': 0.8373781442642212, 'surprise': 0.003428863128647208}","{'anger': 0.0022199698723852634, 'disgust': 0.010974005796015263, 'fear': 0.018671562895178795, 'joy': 0.0015875595854595304, 'neutral': 0.026917554438114166, 'sadness': 0.9378477334976196, 'surprise': 0.0017816859763115644}",0.9220154635390895,0.9375500241160851,0.9289064400421605
context_344,"{'anger': 0.7991803884506226, 'disgust': 0.12426447123289108, 'fear': 0.005992563907057047, 'joy': 0.00326301041059196, 'neutral': 0.01118630263954401, 'sadness': 0.05374152585864067, 'surprise': 0.002371693029999733}","{'anger': 0.13412629067897797, 'disgust': 0.11563531309366226, 'fear': 0.06539766490459442, 'joy': 0.003942651208490133, 'neutral': 0.26697027683258057, 'sadness': 0.26942554116249084, 'surprise': 0.14450229704380035}","{'anger': 0.5472053289413452, 'disgust': 0.20320962369441986, 'fear': 0.014323976822197437, 'joy': 0.010305674746632576, 'neutral': 0.19300150871276855, 'sadness': 0.029400905594229698, 'surprise': 0.0025530417915433645}","{'anger': 0.1478872448205948, 'disgust': 0.08990470319986343, 'fear': 0.014941870234906673, 'joy': 0.012395340949296951, 'neutral': 0.19934235513210297, 'sadness': 0.5335401892662048, 'surprise': 0.001988275907933712}",0.38515115360049856,0.9343932441638718,0.33219976615138613
context_345,"{'anger': 0.0029329892713576555, 'disgust': 0.0008819260983727872, 'fear': 0.991054356098175, 'joy': 0.0010606558062136173, 'neutral': 0.001895465306006372, 'sadness': 0.0013437408488243818, 'surprise': 0.0008307734970003366}","{'anger': 0.2076246440410614, 'disgust': 0.01738792657852173, 'fear': 0.6930443644523621, 'joy': 0.004734235815703869, 'neutral': 0.05933064967393875, 'sadness': 0.014867899939417839, 'surprise': 0.0030103034805506468}","{'anger': 0.2791775166988373, 'disgust': 0.007112410385161638, 'fear': 0.6730896830558777, 'joy': 0.0020738085731863976, 'neutral': 0.02365105226635933, 'sadness': 0.009144189767539501, 'surprise': 0.0057513113133609295}","{'anger': 0.0021411729976534843, 'disgust': 0.0011866178829222918, 'fear': 0.982790470123291, 'joy': 0.0017350490670651197, 'neutral': 0.0072394167073071, 'sadness': 0.0016901838826015592, 'surprise': 0.003217027522623539}",0.9552824370321921,0.9242851576156856,0.9999815024676569
context_346,"{'anger': 0.0006618528277613223, 'disgust': 0.002024503890424967, 'fear': 0.0021849654149264097, 'joy': 0.000838484731502831, 'neutral': 0.005223234184086323, 'sadness': 0.9874293208122253, 'surprise': 0.001637557172216475}","{'anger': 0.007694066036492586, 'disgust': 0.0138341523706913, 'fear': 0.0028288359753787518, 'joy': 0.6063736081123352, 'neutral': 0.17454855144023895, 'sadness': 0.1914929449558258, 'surprise': 0.0032278387807309628}","{'anger': 0.0071154567413032055, 'disgust': 0.0023827282711863518, 'fear': 0.005775710567831993, 'joy': 0.6403759121894836, 'neutral': 0.18567942082881927, 'sadness': 0.10016076266765594, 'surprise': 0.05850997939705849}","{'anger': 0.0009740360546857119, 'disgust': 0.006469710264354944, 'fear': 0.003914701286703348, 'joy': 0.0038428211119025946, 'neutral': 0.034890636801719666, 'sadness': 0.9444589614868164, 'surprise': 0.00544921075925231}",0.29255207126478877,0.15041237997292667,0.99947262622657
context_347,"{'anger': 0.004319409839808941, 'disgust': 0.061038609594106674, 'fear': 0.1271822154521942, 'joy': 0.0021437499672174454, 'neutral': 0.013641217723488808, 'sadness': 0.7861714959144592, 'surprise': 0.005503225605934858}","{'anger': 0.006418554577976465, 'disgust': 0.012661046348512173, 'fear': 0.00474725803360343, 'joy': 0.16974443197250366, 'neutral': 0.08066791296005249, 'sadness': 0.7194081544876099, 'surprise': 0.006352581549435854}","{'anger': 0.27216947078704834, 'disgust': 0.001426934963092208, 'fear': 0.4346970021724701, 'joy': 0.08644957840442657, 'neutral': 0.0030804970301687717, 'sadness': 0.2004646211862564, 'surprise': 0.0017119169933721423}","{'anger': 0.0018005520105361938, 'disgust': 0.0007767906645312905, 'fear': 0.9796437621116638, 'joy': 0.0009852322982624173, 'neutral': 0.002361155115067959, 'sadness': 0.0010036927415058017, 'surprise': 0.01342883799225092}",0.9568001149628699,0.4814315744742289,0.16040205866550217
context_348,"{'anger': 0.0039137802086770535, 'disgust': 0.012173973955214024, 'fear': 0.014149160124361515, 'joy': 0.0009198262123391032, 'neutral': 0.013990333303809166, 'sadness': 0.9528167247772217, 'surprise': 0.0020362657960504293}","{'anger': 0.02954768016934395, 'disgust': 0.012612666003406048, 'fear': 0.010878453962504864, 'joy': 0.012337524443864822, 'neutral': 0.5602099299430847, 'sadness': 0.025578705593943596, 'surprise': 0.3488350212574005}","{'anger': 0.5975706577301025, 'disgust': 0.07448147982358932, 'fear': 0.008671543560922146, 'joy': 0.007471781224012375, 'neutral': 0.24752427637577057, 'sadness': 0.0381641611456871, 'surprise': 0.0261160209774971}","{'anger': 0.007462756708264351, 'disgust': 0.017752770334482193, 'fear': 0.020436476916074753, 'joy': 0.01934901252388954, 'neutral': 0.7483753561973572, 'sadness': 0.18164698779582977, 'surprise': 0.004976675380021334}",0.05290869618715632,0.06951745566394407,0.25057966715721536
context_349,"{'anger': 0.016218217089772224, 'disgust': 0.007204113993793726, 'fear': 0.0009875106625258923, 'joy': 0.0018832553178071976, 'neutral': 0.011818785220384598, 'sadness': 0.9576162099838257, 'surprise': 0.0042719002813100815}","{'anger': 0.014408289454877377, 'disgust': 0.0037121400237083435, 'fear': 0.007053751032799482, 'joy': 0.014069171622395515, 'neutral': 0.20860770344734192, 'sadness': 0.01318295020610094, 'surprise': 0.7389660477638245}","{'anger': 0.6577631235122681, 'disgust': 0.03880264237523079, 'fear': 0.0139462286606431, 'joy': 0.002910106210038066, 'neutral': 0.19775700569152832, 'sadness': 0.07454175502061844, 'surprise': 0.014279037714004517}","{'anger': 0.004402538761496544, 'disgust': 0.008089045062661171, 'fear': 0.004676111973822117, 'joy': 0.0015852124197408557, 'neutral': 0.04955349117517471, 'sadness': 0.9299688339233398, 'surprise': 0.0017248211661353707}",0.025194332757672022,0.12780537653595958,0.9990776294809756
context_350,"{'anger': 0.0014740850310772657, 'disgust': 0.0012019852874800563, 'fear': 0.9883438348770142, 'joy': 0.0011087070452049375, 'neutral': 0.003864163998514414, 'sadness': 0.0029221486765891314, 'surprise': 0.0010850904509425163}","{'anger': 0.006922339089214802, 'disgust': 0.024126125499606133, 'fear': 0.14039599895477295, 'joy': 0.4222877621650696, 'neutral': 0.38338902592658997, 'sadness': 0.016512956470251083, 'surprise': 0.006365833804011345}","{'anger': 0.04940648749470711, 'disgust': 0.02564423531293869, 'fear': 0.10435294359922409, 'joy': 0.018195396289229393, 'neutral': 0.7826950550079346, 'sadness': 0.01662791520357132, 'surprise': 0.0030780204106122255}","{'anger': 0.0010368810035288334, 'disgust': 0.000560771906748414, 'fear': 0.9917166829109192, 'joy': 0.001054761465638876, 'neutral': 0.0024878738913685083, 'sadness': 0.0009931039530783892, 'surprise': 0.002150000538676977}",0.24220373593356448,0.13585016670342653,0.9999962218159493
context_351,"{'anger': 0.06906826794147491, 'disgust': 0.028933769091963768, 'fear': 0.09946178644895554, 'joy': 0.0020603742450475693, 'neutral': 0.023705950006842613, 'sadness': 0.7740874886512756, 'surprise': 0.002682330086827278}","{'anger': 0.16147048771381378, 'disgust': 0.0540047213435173, 'fear': 0.060804590582847595, 'joy': 0.010199333541095257, 'neutral': 0.6712130904197693, 'sadness': 0.040191084146499634, 'surprise': 0.0021167295053601265}","{'anger': 0.008795819245278835, 'disgust': 0.010148584842681885, 'fear': 0.06057491526007652, 'joy': 0.008447819389402866, 'neutral': 0.8762755990028381, 'sadness': 0.012917215935885906, 'surprise': 0.02284003421664238}","{'anger': 0.024877095595002174, 'disgust': 0.022871628403663635, 'fear': 0.015856314450502396, 'joy': 0.007679776754230261, 'neutral': 0.27554556727409363, 'sadness': 0.6490381956100464, 'surprise': 0.004131435416638851}",0.1204836961707837,0.05479558139453322,0.9260248600255061
context_352,"{'anger': 0.0014798326883465052, 'disgust': 0.0010030639823526144, 'fear': 0.9900972843170166, 'joy': 0.0008820444927550852, 'neutral': 0.0028298734687268734, 'sadness': 0.002762075513601303, 'surprise': 0.0009458955028094351}","{'anger': 0.011370707303285599, 'disgust': 0.014547689817845821, 'fear': 0.6391529440879822, 'joy': 0.0224902406334877, 'neutral': 0.22640278935432434, 'sadness': 0.08175869286060333, 'surprise': 0.004276970401406288}","{'anger': 0.004531302489340305, 'disgust': 0.003773482982069254, 'fear': 0.007826749235391617, 'joy': 0.02241896465420723, 'neutral': 0.9418506622314453, 'sadness': 0.008468066342175007, 'surprise': 0.01113076601177454}","{'anger': 0.004571145866066217, 'disgust': 0.007422759663313627, 'fear': 0.8406950831413269, 'joy': 0.005515498109161854, 'neutral': 0.09841439872980118, 'sadness': 0.018719375133514404, 'surprise': 0.024661757051944733}",0.9363177771634443,0.011231828342432304,0.9929142317805996
context_353,"{'anger': 0.007505180314183235, 'disgust': 0.002024278976023197, 'fear': 0.000824982300400734, 'joy': 0.000998335424810648, 'neutral': 0.005521002225577831, 'sadness': 0.9814119935035706, 'surprise': 0.0017142778960987926}","{'anger': 0.223942831158638, 'disgust': 0.07638674974441528, 'fear': 0.02261148951947689, 'joy': 0.012770331464707851, 'neutral': 0.4461039900779724, 'sadness': 0.009782330133020878, 'surprise': 0.20840224623680115}","{'anger': 0.004753857851028442, 'disgust': 0.0027598924934864044, 'fear': 0.0031545476522296667, 'joy': 0.0024601106997579336, 'neutral': 0.018165213987231255, 'sadness': 0.9645834565162659, 'surprise': 0.004122958518564701}","{'anger': 0.022966647520661354, 'disgust': 0.015172924846410751, 'fear': 0.00776472594588995, 'joy': 0.017501790076494217, 'neutral': 0.9291428327560425, 'sadness': 0.004814186133444309, 'surprise': 0.0026369490660727024}",0.026613651806735694,0.9999014946846271,0.01105280780710094
context_354,"{'anger': 0.007152579724788666, 'disgust': 0.0016173557378351688, 'fear': 0.9777098894119263, 'joy': 0.0015582606429234147, 'neutral': 0.005305869970470667, 'sadness': 0.0017871408490464091, 'surprise': 0.004868893884122372}","{'anger': 0.011288376525044441, 'disgust': 0.0022906537633389235, 'fear': 0.9260066151618958, 'joy': 0.015261080116033554, 'neutral': 0.035745639353990555, 'sadness': 0.0059623802080750465, 'surprise': 0.0034452578984200954}","{'anger': 0.0038999973330646753, 'disgust': 0.0021512857638299465, 'fear': 0.9577319025993347, 'joy': 0.002186704194173217, 'neutral': 0.02666778303682804, 'sadness': 0.0048853568732738495, 'surprise': 0.002476909663528204}","{'anger': 0.008199135772883892, 'disgust': 0.0031458071898669004, 'fear': 0.9547815918922424, 'joy': 0.0015704355901107192, 'neutral': 0.025996483862400055, 'sadness': 0.0030459254048764706, 'surprise': 0.0032607344910502434}",0.9993164017579566,0.9997350150931041,0.999758237966668
context_355,"{'anger': 0.036609210073947906, 'disgust': 0.029127322137355804, 'fear': 0.10764914751052856, 'joy': 0.009719652123749256, 'neutral': 0.24530507624149323, 'sadness': 0.0566713772714138, 'surprise': 0.5149182081222534}","{'anger': 0.025669163092970848, 'disgust': 0.08362060785293579, 'fear': 0.013752694241702557, 'joy': 0.12977775931358337, 'neutral': 0.4735228717327118, 'sadness': 0.24155360460281372, 'surprise': 0.03210341930389404}","{'anger': 0.017951764166355133, 'disgust': 0.1776265650987625, 'fear': 0.13669730722904205, 'joy': 0.007983691059052944, 'neutral': 0.5142148733139038, 'sadness': 0.12865419685840607, 'surprise': 0.016871631145477295}","{'anger': 0.017038140445947647, 'disgust': 0.052479080855846405, 'fear': 0.5786672234535217, 'joy': 0.03263964131474495, 'neutral': 0.2053830921649933, 'sadness': 0.1104939877986908, 'surprise': 0.0032989641185849905}",0.46936653771382253,0.48277549223593397,0.3354357953854257
context_356,"{'anger': 0.43772703409194946, 'disgust': 0.012689930386841297, 'fear': 0.0018872289219871163, 'joy': 0.001943057868629694, 'neutral': 0.007405692711472511, 'sadness': 0.5360280275344849, 'surprise': 0.002319002291187644}","{'anger': 0.016362134367227554, 'disgust': 0.02239099144935608, 'fear': 0.005957911256700754, 'joy': 0.07872007042169571, 'neutral': 0.8106113076210022, 'sadness': 0.05908908694982529, 'surprise': 0.0068684956058859825}","{'anger': 0.5276814103126526, 'disgust': 0.012475688010454178, 'fear': 0.044974151998758316, 'joy': 0.004470116924494505, 'neutral': 0.37685295939445496, 'sadness': 0.02765488065779209, 'surprise': 0.005890821572393179}","{'anger': 0.002798366127535701, 'disgust': 0.01942775584757328, 'fear': 0.015258842147886753, 'joy': 0.008953273296356201, 'neutral': 0.28995102643966675, 'sadness': 0.6553857326507568, 'surprise': 0.008224899880588055}",0.08009738359673568,0.5524691186366506,0.7150526290589746
context_357,"{'anger': 0.19269409775733948, 'disgust': 0.44971901178359985, 'fear': 0.15803863108158112, 'joy': 0.002759499941021204, 'neutral': 0.06673435121774673, 'sadness': 0.1258953958749771, 'surprise': 0.004158956930041313}","{'anger': 0.004977361299097538, 'disgust': 0.001109484350308776, 'fear': 0.005022713448852301, 'joy': 0.8816853165626526, 'neutral': 0.07185409218072891, 'sadness': 0.01963977888226509, 'surprise': 0.015711264684796333}","{'anger': 0.007444275543093681, 'disgust': 0.0018276190385222435, 'fear': 0.8943386077880859, 'joy': 0.0026466664858162403, 'neutral': 0.024088064208626747, 'sadness': 0.004308638162910938, 'surprise': 0.0653461441397667}","{'anger': 0.05515905097126961, 'disgust': 0.09027440845966339, 'fear': 0.10004233568906784, 'joy': 0.007777966093271971, 'neutral': 0.7182649970054626, 'sadness': 0.026437997817993164, 'surprise': 0.002043212531134486}",0.025451143798949083,0.3050778147186263,0.30239323682159425
context_358,"{'anger': 0.20679104328155518, 'disgust': 0.2240576446056366, 'fear': 0.03245256468653679, 'joy': 0.0075983875431120396, 'neutral': 0.29080355167388916, 'sadness': 0.19450341165065765, 'surprise': 0.043793436139822006}","{'anger': 0.15235412120819092, 'disgust': 0.02883305214345455, 'fear': 0.03766147792339325, 'joy': 0.0168455857783556, 'neutral': 0.6429502964019775, 'sadness': 0.11620356142520905, 'surprise': 0.005151928402483463}","{'anger': 0.004766177386045456, 'disgust': 0.009234433993697166, 'fear': 0.0051766023971140385, 'joy': 0.04635746404528618, 'neutral': 0.8945387601852417, 'sadness': 0.021760456264019012, 'surprise': 0.01816614158451557}","{'anger': 0.031778451055288315, 'disgust': 0.017109941691160202, 'fear': 0.01313854567706585, 'joy': 0.007660748437047005, 'neutral': 0.9209352135658264, 'sadness': 0.007466396316885948, 'surprise': 0.0019106656545773149}",0.7923139787101412,0.6416170670578323,0.650535219471461
context_359,"{'anger': 0.007684869226068258, 'disgust': 0.037500545382499695, 'fear': 0.0028785986360162497, 'joy': 0.0029984288848936558, 'neutral': 0.01899704895913601, 'sadness': 0.9283267259597778, 'surprise': 0.0016137815546244383}","{'anger': 0.11218010634183884, 'disgust': 0.16698548197746277, 'fear': 0.006498375441879034, 'joy': 0.050470273941755295, 'neutral': 0.6279435157775879, 'sadness': 0.03336704522371292, 'surprise': 0.0025551344733685255}","{'anger': 0.2513042688369751, 'disgust': 0.0803159549832344, 'fear': 0.060431987047195435, 'joy': 0.009322496131062508, 'neutral': 0.18965773284435272, 'sadness': 0.4060479998588562, 'surprise': 0.002919565187767148}","{'anger': 0.036688026040792465, 'disgust': 0.16976386308670044, 'fear': 0.02342388965189457, 'joy': 0.004274317994713783, 'neutral': 0.12693752348423004, 'sadness': 0.6375747323036194, 'surprise': 0.0013376626884564757}",0.08157984597992252,0.7925933402444767,0.9605207407724906
context_360,"{'anger': 0.0017219349974766374, 'disgust': 0.002244585892185569, 'fear': 0.01209203153848648, 'joy': 0.001286323880776763, 'neutral': 0.007733396254479885, 'sadness': 0.9730998277664185, 'surprise': 0.0018219364574179053}","{'anger': 0.01091028656810522, 'disgust': 0.0020110507030040026, 'fear': 0.9328676462173462, 'joy': 0.0036895188968628645, 'neutral': 0.03253660723567009, 'sadness': 0.01585317589342594, 'surprise': 0.0021318665239959955}","{'anger': 0.012930307537317276, 'disgust': 0.009357483126223087, 'fear': 0.007111063227057457, 'joy': 0.4130716919898987, 'neutral': 0.5406724810600281, 'sadness': 0.006797479931265116, 'surprise': 0.010059448890388012}","{'anger': 0.007075637113302946, 'disgust': 0.00198972225189209, 'fear': 0.8916674852371216, 'joy': 0.0010874528670683503, 'neutral': 0.01508758869022131, 'sadness': 0.01724611595273018, 'surprise': 0.06584585458040237}",0.02970448841996398,0.017320302704501134,0.031958899828781084
context_361,"{'anger': 0.021117474883794785, 'disgust': 0.14629998803138733, 'fear': 0.007592897396534681, 'joy': 0.42797979712486267, 'neutral': 0.22427384555339813, 'sadness': 0.1679134964942932, 'surprise': 0.004822559654712677}","{'anger': 0.04452095925807953, 'disgust': 0.02073947712779045, 'fear': 0.0016921248752623796, 'joy': 0.7693215608596802, 'neutral': 0.15425604581832886, 'sadness': 0.00426076352596283, 'surprise': 0.00520906550809741}","{'anger': 0.007120104040950537, 'disgust': 0.007403083611279726, 'fear': 0.020417219027876854, 'joy': 0.03753691539168358, 'neutral': 0.7805598974227905, 'sadness': 0.07657761126756668, 'surprise': 0.07038518786430359}","{'anger': 0.009224236011505127, 'disgust': 0.028378892689943314, 'fear': 0.001119589782319963, 'joy': 0.7437283992767334, 'neutral': 0.20535047352313995, 'sadness': 0.009263415820896626, 'surprise': 0.0029350954573601484}",0.8803377837061288,0.48978668265730163,0.9004439466739337
context_362,"{'anger': 0.06316457688808441, 'disgust': 0.008721324615180492, 'fear': 0.35635995864868164, 'joy': 0.0044882334768772125, 'neutral': 0.02187909372150898, 'sadness': 0.014924264512956142, 'surprise': 0.5304625630378723}","{'anger': 0.8574329018592834, 'disgust': 0.02784845419228077, 'fear': 0.014394368976354599, 'joy': 0.003085595555603504, 'neutral': 0.03181497007608414, 'sadness': 0.056376151740550995, 'surprise': 0.009047426283359528}","{'anger': 0.3251788020133972, 'disgust': 0.06909263134002686, 'fear': 0.11646769195795059, 'joy': 0.007099193520843983, 'neutral': 0.32785454392433167, 'sadness': 0.1230713427066803, 'surprise': 0.03123575821518898}","{'anger': 0.22631549835205078, 'disgust': 0.00290146516636014, 'fear': 0.7565612196922302, 'joy': 0.0014385913964360952, 'neutral': 0.005083100870251656, 'sadness': 0.003464344423264265, 'surprise': 0.004235850181430578}",0.11911205066549158,0.27586102679669255,0.5640888049741306
context_363,"{'anger': 0.015672218054533005, 'disgust': 0.09680503606796265, 'fear': 0.0016969117568805814, 'joy': 0.003797137876972556, 'neutral': 0.033097825944423676, 'sadness': 0.8461037874221802, 'surprise': 0.0028270739130675793}","{'anger': 0.0014799564378336072, 'disgust': 0.0018399287946522236, 'fear': 0.0008303949143737555, 'joy': 0.006831991020590067, 'neutral': 0.010524852201342583, 'sadness': 0.9746711850166321, 'surprise': 0.0038217236287891865}","{'anger': 0.012742309831082821, 'disgust': 0.017166031524538994, 'fear': 0.005785334389656782, 'joy': 0.6703739762306213, 'neutral': 0.18364711105823517, 'sadness': 0.08381510525941849, 'surprise': 0.026470107957720757}","{'anger': 0.002539243781939149, 'disgust': 0.014476098120212555, 'fear': 0.008177514187991619, 'joy': 0.011561357416212559, 'neutral': 0.1235504001379013, 'sadness': 0.8370851874351501, 'surprise': 0.002610253868624568}",0.9931981566853785,0.1363750752643449,0.9894111710931243
context_364,"{'anger': 0.36828118562698364, 'disgust': 0.11964268237352371, 'fear': 0.25008195638656616, 'joy': 0.007874774746596813, 'neutral': 0.11554644256830215, 'sadness': 0.06324213743209839, 'surprise': 0.07533075660467148}","{'anger': 0.007314610294997692, 'disgust': 0.00253427610732615, 'fear': 0.0014774121809750795, 'joy': 0.9093934297561646, 'neutral': 0.041879359632730484, 'sadness': 0.0063810572028160095, 'surprise': 0.03101995401084423}","{'anger': 0.03511239215731621, 'disgust': 0.04219992831349373, 'fear': 0.24360156059265137, 'joy': 0.0024698316119611263, 'neutral': 0.6220099925994873, 'sadness': 0.019393809139728546, 'surprise': 0.03521239757537842}","{'anger': 0.0035336127039045095, 'disgust': 0.0035357712768018246, 'fear': 0.9576205015182495, 'joy': 0.0007578938384540379, 'neutral': 0.01498066820204258, 'sadness': 0.015423692762851715, 'surprise': 0.004147928673774004}",0.040953861658255986,0.4745864394504441,0.5253245028283894
context_365,"{'anger': 0.8107625246047974, 'disgust': 0.03883637115359306, 'fear': 0.014448841102421284, 'joy': 0.0011178938439115882, 'neutral': 0.08450990170240402, 'sadness': 0.037350933998823166, 'surprise': 0.012973622418940067}","{'anger': 0.05671589821577072, 'disgust': 0.28752899169921875, 'fear': 0.45827367901802063, 'joy': 0.0042723785154521465, 'neutral': 0.14882920682430267, 'sadness': 0.04040619358420372, 'surprise': 0.0039735655300319195}","{'anger': 0.019044892862439156, 'disgust': 0.008667601272463799, 'fear': 0.1375369280576706, 'joy': 0.011919806711375713, 'neutral': 0.7741416096687317, 'sadness': 0.025600755587220192, 'surprise': 0.023088345304131508}","{'anger': 0.0492708645761013, 'disgust': 0.016628125682473183, 'fear': 0.4962669610977173, 'joy': 0.005974418483674526, 'neutral': 0.40353894233703613, 'sadness': 0.02386150136590004, 'surprise': 0.004459232557564974}",0.16862480697268245,0.13126048263618983,0.15781502678088943
context_366,"{'anger': 0.6052020192146301, 'disgust': 0.27662041783332825, 'fear': 0.026779135689139366, 'joy': 0.001315650180913508, 'neutral': 0.06358160078525543, 'sadness': 0.018598424270749092, 'surprise': 0.00790274515748024}","{'anger': 0.21973641216754913, 'disgust': 0.03513287752866745, 'fear': 0.008956342935562134, 'joy': 0.08079465478658676, 'neutral': 0.6119339466094971, 'sadness': 0.0054372940212488174, 'surprise': 0.03800849989056587}","{'anger': 0.04311182349920273, 'disgust': 0.02223099209368229, 'fear': 0.010874656960368156, 'joy': 0.09136828780174255, 'neutral': 0.8089821934700012, 'sadness': 0.019971173256635666, 'surprise': 0.0034609222784638405}","{'anger': 0.22958731651306152, 'disgust': 0.06680277734994888, 'fear': 0.031247006729245186, 'joy': 0.005057590082287788, 'neutral': 0.6480602622032166, 'sadness': 0.017518285661935806, 'surprise': 0.001726691727526486}",0.41450903135099637,0.15471777741602943,0.4315983169220782
context_367,"{'anger': 0.005570997949689627, 'disgust': 0.02000431716442108, 'fear': 0.002286799717694521, 'joy': 0.7892571091651917, 'neutral': 0.03190238028764725, 'sadness': 0.1467054784297943, 'surprise': 0.004272929858416319}","{'anger': 0.030379049479961395, 'disgust': 0.033235520124435425, 'fear': 0.0211552195250988, 'joy': 0.02111998200416565, 'neutral': 0.7680997848510742, 'sadness': 0.0955391675233841, 'surprise': 0.030471356585621834}","{'anger': 0.01030801609158516, 'disgust': 0.0044324565678834915, 'fear': 0.8449410200119019, 'joy': 0.0020837169140577316, 'neutral': 0.09139924496412277, 'sadness': 0.022761454805731773, 'surprise': 0.024074086919426918}","{'anger': 0.001505558961071074, 'disgust': 0.00226067123003304, 'fear': 0.963346004486084, 'joy': 0.0018323183758184314, 'neutral': 0.009200046770274639, 'sadness': 0.020655352622270584, 'surprise': 0.001200065016746521}",0.09005758589596424,0.014746384747023056,0.009079506243031776
context_368,"{'anger': 0.04226832464337349, 'disgust': 0.18828025460243225, 'fear': 0.03091583400964737, 'joy': 0.002465984784066677, 'neutral': 0.40152978897094727, 'sadness': 0.2964784801006317, 'surprise': 0.038061290979385376}","{'anger': 0.012296712026000023, 'disgust': 0.017571119591593742, 'fear': 0.08737871795892715, 'joy': 0.01377875730395317, 'neutral': 0.8400260806083679, 'sadness': 0.023969924077391624, 'surprise': 0.004978572484105825}","{'anger': 0.012823383323848248, 'disgust': 0.022475529462099075, 'fear': 0.06673949211835861, 'joy': 0.0019527561962604523, 'neutral': 0.03629963472485542, 'sadness': 0.8449171781539917, 'surprise': 0.01479207631200552}","{'anger': 0.02841375023126602, 'disgust': 0.057814113795757294, 'fear': 0.20319989323616028, 'joy': 0.0027819329407066107, 'neutral': 0.6505851745605469, 'sadness': 0.04672826826572418, 'surprise': 0.010476880706846714}",0.7730568993148633,0.5973448276787445,0.7967961319351082
context_369,"{'anger': 0.6017903685569763, 'disgust': 0.13891446590423584, 'fear': 0.05043422058224678, 'joy': 0.0014550936175510287, 'neutral': 0.07333871722221375, 'sadness': 0.12414389103651047, 'surprise': 0.009923207573592663}","{'anger': 0.014782968908548355, 'disgust': 0.06950663775205612, 'fear': 0.8608065247535706, 'joy': 0.0015594358555972576, 'neutral': 0.025257006287574768, 'sadness': 0.02225564233958721, 'surprise': 0.005831756163388491}","{'anger': 0.9783564209938049, 'disgust': 0.003748334711417556, 'fear': 0.001679163076914847, 'joy': 0.0005245926440693438, 'neutral': 0.01138058491051197, 'sadness': 0.0027379109524190426, 'surprise': 0.0015730365412309766}","{'anger': 0.11550597846508026, 'disgust': 0.07300369441509247, 'fear': 0.022374408319592476, 'joy': 0.004735999740660191, 'neutral': 0.7610512375831604, 'sadness': 0.021411333233118057, 'surprise': 0.001917345798574388}",0.12115943562638987,0.9485663957749083,0.2828515267895879
context_370,"{'anger': 0.0271180160343647, 'disgust': 0.13075968623161316, 'fear': 0.0017519064713269472, 'joy': 0.33378058671951294, 'neutral': 0.35391461849212646, 'sadness': 0.14741472899913788, 'surprise': 0.005260431207716465}","{'anger': 0.0832161232829094, 'disgust': 0.024476489052176476, 'fear': 0.005184031557291746, 'joy': 0.014717337675392628, 'neutral': 0.8010134100914001, 'sadness': 0.053821466863155365, 'surprise': 0.017571186646819115}","{'anger': 0.5070990324020386, 'disgust': 0.054502785205841064, 'fear': 0.29846474528312683, 'joy': 0.0057567209005355835, 'neutral': 0.0775471031665802, 'sadness': 0.038475245237350464, 'surprise': 0.018154293298721313}","{'anger': 0.13951395452022552, 'disgust': 0.06951344013214111, 'fear': 0.01596626080572605, 'joy': 0.015781158581376076, 'neutral': 0.7443071007728577, 'sadness': 0.012956617400050163, 'surprise': 0.0019615590572357178}",0.7110093698794185,0.18000684018529967,0.7088961446890585
context_371,"{'anger': 0.1368592530488968, 'disgust': 0.700205385684967, 'fear': 0.02389422617852688, 'joy': 0.002207293873652816, 'neutral': 0.025644496083259583, 'sadness': 0.08747310191392899, 'surprise': 0.02371630258858204}","{'anger': 0.01330130361020565, 'disgust': 0.014620941132307053, 'fear': 0.00546030281111598, 'joy': 0.03697590529918671, 'neutral': 0.4299173951148987, 'sadness': 0.49347469210624695, 'surprise': 0.00624948600307107}","{'anger': 0.042082641273736954, 'disgust': 0.011007421649992466, 'fear': 0.04537340998649597, 'joy': 0.01821690984070301, 'neutral': 0.7773758172988892, 'sadness': 0.09118347615003586, 'surprise': 0.014760373160243034}","{'anger': 0.0013120517833158374, 'disgust': 0.002057159785181284, 'fear': 0.9785063862800598, 'joy': 0.0015396890230476856, 'neutral': 0.011855473741889, 'sadness': 0.0032342826016247272, 'surprise': 0.0014949458418413997}",0.14104326545796386,0.07575854161643569,0.03636873280238173
context_372,"{'anger': 0.04678080230951309, 'disgust': 0.055243730545043945, 'fear': 0.3642946183681488, 'joy': 0.0027716662734746933, 'neutral': 0.03935154899954796, 'sadness': 0.4155866801738739, 'surprise': 0.07597096264362335}","{'anger': 0.019314764067530632, 'disgust': 0.005148007534444332, 'fear': 0.953624427318573, 'joy': 0.0009832287905737758, 'neutral': 0.006992512382566929, 'sadness': 0.011536287143826485, 'surprise': 0.0024006774183362722}","{'anger': 0.06933923810720444, 'disgust': 0.01564745418727398, 'fear': 0.01332018431276083, 'joy': 0.09392865002155304, 'neutral': 0.5307756066322327, 'sadness': 0.27109381556510925, 'surprise': 0.005895029287785292}","{'anger': 0.0974351167678833, 'disgust': 0.043252475559711456, 'fear': 0.19001474976539612, 'joy': 0.005711983889341354, 'neutral': 0.05301400646567345, 'sadness': 0.6094808578491211, 'surprise': 0.0010908209951594472}",0.6577868275087869,0.41792780087185943,0.9055732765614395
context_373,"{'anger': 0.006871188525110483, 'disgust': 0.002464781980961561, 'fear': 0.820385217666626, 'joy': 0.003303824458271265, 'neutral': 0.014425992965698242, 'sadness': 0.14821135997772217, 'surprise': 0.004337567836046219}","{'anger': 0.0065249972976744175, 'disgust': 0.014676932245492935, 'fear': 0.631653904914856, 'joy': 0.0038224337622523308, 'neutral': 0.10367459803819656, 'sadness': 0.2338300496339798, 'surprise': 0.00581707339733839}","{'anger': 0.01607424020767212, 'disgust': 0.0030177736189216375, 'fear': 0.516485333442688, 'joy': 0.005201778840273619, 'neutral': 0.015443596988916397, 'sadness': 0.0033542218152433634, 'surprise': 0.44042301177978516}","{'anger': 0.0065843770280480385, 'disgust': 0.02240004763007164, 'fear': 0.14632956683635712, 'joy': 0.010231115855276585, 'neutral': 0.2864595651626587, 'sadness': 0.5213939547538757, 'surprise': 0.006601353641599417}",0.9754401763707986,0.7530758441799436,0.39431565608058494
context_374,"{'anger': 0.9551358819007874, 'disgust': 0.017095686867833138, 'fear': 0.008602774702012539, 'joy': 0.00046586283133365214, 'neutral': 0.00992940366268158, 'sadness': 0.008131629787385464, 'surprise': 0.000638786528725177}","{'anger': 0.8250593543052673, 'disgust': 0.02607147768139839, 'fear': 0.026425626128911972, 'joy': 0.002002505585551262, 'neutral': 0.09729741513729095, 'sadness': 0.019805176183581352, 'surprise': 0.0033384005073457956}","{'anger': 0.018459491431713104, 'disgust': 0.044852469116449356, 'fear': 0.5043164491653442, 'joy': 0.011081574484705925, 'neutral': 0.40056994557380676, 'sadness': 0.014040758833289146, 'surprise': 0.006679224781692028}","{'anger': 0.002567120362073183, 'disgust': 0.001280526164919138, 'fear': 0.9294803738594055, 'joy': 0.0011862667743116617, 'neutral': 0.0035147015005350113, 'sadness': 0.002213006606325507, 'surprise': 0.059758130460977554}",0.9938162424274646,0.043473061606297714,0.011868453969599568
context_375,"{'anger': 0.023487450554966927, 'disgust': 0.004089714493602514, 'fear': 0.5178697109222412, 'joy': 0.0027465110179036856, 'neutral': 0.006969469133764505, 'sadness': 0.4410266876220703, 'surprise': 0.003810402937233448}","{'anger': 0.15346790850162506, 'disgust': 0.0025281463749706745, 'fear': 0.7605245113372803, 'joy': 0.009984680451452732, 'neutral': 0.019762128591537476, 'sadness': 0.04714568704366684, 'surprise': 0.006586993578821421}","{'anger': 0.017889495939016342, 'disgust': 0.012561493553221226, 'fear': 0.22419486939907074, 'joy': 0.012944390997290611, 'neutral': 0.6965516209602356, 'sadness': 0.029342681169509888, 'surprise': 0.0065154340118169785}","{'anger': 0.005099286325275898, 'disgust': 0.015160544775426388, 'fear': 0.04753081873059273, 'joy': 0.02259095199406147, 'neutral': 0.49455660581588745, 'sadness': 0.4075896143913269, 'surprise': 0.007472208701074123}",0.790538273323801,0.26950564657686416,0.475242109001595
context_376,"{'anger': 0.001579619012773037, 'disgust': 0.0035634206142276525, 'fear': 0.010535324923694134, 'joy': 0.0017016008496284485, 'neutral': 0.011758541688323021, 'sadness': 0.9693168997764587, 'surprise': 0.0015445672906935215}","{'anger': 0.03371885418891907, 'disgust': 0.004013662692159414, 'fear': 0.9071872234344482, 'joy': 0.0012633656151592731, 'neutral': 0.008162754587829113, 'sadness': 0.04429279640316963, 'surprise': 0.001361353788524866}","{'anger': 0.026172004640102386, 'disgust': 0.032859135419130325, 'fear': 0.09711799770593643, 'joy': 0.0035356672015041113, 'neutral': 0.24307139217853546, 'sadness': 0.5822934508323669, 'surprise': 0.01495035644620657}","{'anger': 0.005182349123060703, 'disgust': 0.015382062643766403, 'fear': 0.009807138703763485, 'joy': 0.0035604657605290413, 'neutral': 0.09699378907680511, 'sadness': 0.8666768074035645, 'surprise': 0.002397313481196761}",0.05975983407688812,0.9162810268306116,0.9949631534895389
context_377,"{'anger': 0.004886340349912643, 'disgust': 0.019263627007603645, 'fear': 0.0026540313847362995, 'joy': 0.0018718864303082228, 'neutral': 0.012549113482236862, 'sadness': 0.957880973815918, 'surprise': 0.0008941421983763576}","{'anger': 0.03907832130789757, 'disgust': 0.10187012702226639, 'fear': 0.031154634431004524, 'joy': 0.00426264014095068, 'neutral': 0.06360086053609848, 'sadness': 0.7205389142036438, 'surprise': 0.03949449211359024}","{'anger': 0.060773782432079315, 'disgust': 0.5281393527984619, 'fear': 0.010939591564238071, 'joy': 0.007175029255449772, 'neutral': 0.31936874985694885, 'sadness': 0.07045430690050125, 'surprise': 0.003149128518998623}","{'anger': 0.005106703378260136, 'disgust': 0.023932795971632004, 'fear': 0.005201564636081457, 'joy': 0.004537050146609545, 'neutral': 0.05267154797911644, 'sadness': 0.9066846966743469, 'surprise': 0.0018656471511349082}",0.9867256697503625,0.13709573893157778,0.9989623557190733
context_378,"{'anger': 0.007004445884376764, 'disgust': 0.02365242876112461, 'fear': 0.9171494245529175, 'joy': 0.0009811767376959324, 'neutral': 0.009574024938046932, 'sadness': 0.03949844837188721, 'surprise': 0.002140109660103917}","{'anger': 0.15665975213050842, 'disgust': 0.13106480240821838, 'fear': 0.2016911804676056, 'joy': 0.004072172567248344, 'neutral': 0.47073569893836975, 'sadness': 0.03055430017411709, 'surprise': 0.005222164560109377}","{'anger': 0.032586030662059784, 'disgust': 0.04459923505783081, 'fear': 0.7517282962799072, 'joy': 0.0014295263681560755, 'neutral': 0.13115304708480835, 'sadness': 0.02669282630085945, 'surprise': 0.011811088770627975}","{'anger': 0.002172327833250165, 'disgust': 0.0007445438532158732, 'fear': 0.9788984060287476, 'joy': 0.00134274922311306, 'neutral': 0.0071192095056176186, 'sadness': 0.0012028947239741683, 'surprise': 0.008519851602613926}",0.38430456184081185,0.9856607948210183,0.9987741161680646
context_379,"{'anger': 0.0015418640105053782, 'disgust': 0.002540301065891981, 'fear': 0.9824131727218628, 'joy': 0.0019459618488326669, 'neutral': 0.006588377524167299, 'sadness': 0.003637947840616107, 'surprise': 0.0013323307503014803}","{'anger': 0.01812802627682686, 'disgust': 0.06233830749988556, 'fear': 0.37258511781692505, 'joy': 0.005786905065178871, 'neutral': 0.5175321698188782, 'sadness': 0.019905872642993927, 'surprise': 0.003723584581166506}","{'anger': 0.001393240294419229, 'disgust': 0.0015653460286557674, 'fear': 0.9846567511558533, 'joy': 0.001254630507901311, 'neutral': 0.0041965763084590435, 'sadness': 0.004587733652442694, 'surprise': 0.0023456790950149298}","{'anger': 0.0021298020146787167, 'disgust': 0.0010393004631623626, 'fear': 0.9759042859077454, 'joy': 0.0009267751593142748, 'neutral': 0.0040483796037733555, 'sadness': 0.001330780447460711, 'surprise': 0.014620678499341011}",0.5867740094815681,0.9999952717929637,0.9998993091899173
context_380,"{'anger': 0.008315877988934517, 'disgust': 0.038054898381233215, 'fear': 0.22932614386081696, 'joy': 0.0036235519219189882, 'neutral': 0.036715637892484665, 'sadness': 0.6811632513999939, 'surprise': 0.002800632966682315}","{'anger': 0.008782463148236275, 'disgust': 0.03129253536462784, 'fear': 0.3710404336452484, 'joy': 0.0067100548185408115, 'neutral': 0.2866224944591522, 'sadness': 0.2882959246635437, 'surprise': 0.007256051525473595}","{'anger': 0.015851477161049843, 'disgust': 0.05024454742670059, 'fear': 0.42124682664871216, 'joy': 0.010884585790336132, 'neutral': 0.45793360471725464, 'sadness': 0.03864032030105591, 'surprise': 0.0051987553015351295}","{'anger': 0.0017700925236567855, 'disgust': 0.0010655816877260804, 'fear': 0.9835156798362732, 'joy': 0.0008728007669560611, 'neutral': 0.006582803558558226, 'sadness': 0.004588134586811066, 'surprise': 0.0016049222322180867}",0.737955694356734,0.3144871679015423,0.3230099480195665
context_381,"{'anger': 0.018542012199759483, 'disgust': 0.028004787862300873, 'fear': 0.6619660258293152, 'joy': 0.0017172055086120963, 'neutral': 0.01805952750146389, 'sadness': 0.20495718717575073, 'surprise': 0.06675335019826889}","{'anger': 0.12789885699748993, 'disgust': 0.05249466747045517, 'fear': 0.015062794089317322, 'joy': 0.030073391273617744, 'neutral': 0.6680260896682739, 'sadness': 0.10346725583076477, 'surprise': 0.002976916031911969}","{'anger': 0.05424729734659195, 'disgust': 0.031095698475837708, 'fear': 0.042312029749155045, 'joy': 0.10843563824892044, 'neutral': 0.7440522909164429, 'sadness': 0.013247017748653889, 'surprise': 0.006609935313463211}","{'anger': 0.008735254406929016, 'disgust': 0.04568321257829666, 'fear': 0.011706051416695118, 'joy': 0.00226777046918869, 'neutral': 0.07091833651065826, 'sadness': 0.8584221601486206, 'surprise': 0.002267124829813838}",0.09827420964445888,0.08855152432062618,0.3101758455397907
context_382,"{'anger': 0.0016319953138008714, 'disgust': 0.003088282188400626, 'fear': 0.0024248978588730097, 'joy': 0.0007610367611050606, 'neutral': 0.005192198324948549, 'sadness': 0.9851093292236328, 'surprise': 0.0017922319239005446}","{'anger': 0.10832861810922623, 'disgust': 0.017556868493556976, 'fear': 0.16241346299648285, 'joy': 0.0028459723107516766, 'neutral': 0.05778978765010834, 'sadness': 0.6451070308685303, 'surprise': 0.00595830986276269}","{'anger': 0.0011306809028610587, 'disgust': 0.000607817608397454, 'fear': 0.0010500584030523896, 'joy': 0.004599202424287796, 'neutral': 0.0018538954900577664, 'sadness': 0.9894871711730957, 'surprise': 0.0012712081661447883}","{'anger': 0.0027435680385679007, 'disgust': 0.011525066569447517, 'fear': 0.01383510697633028, 'joy': 0.007572637405246496, 'neutral': 0.07317836582660675, 'sadness': 0.8825594186782837, 'surprise': 0.008585810661315918}",0.9546490584518889,0.9999822884050782,0.9968050775992697
context_383,"{'anger': 0.022693997249007225, 'disgust': 0.025917915627360344, 'fear': 0.0038674792740494013, 'joy': 0.006509970873594284, 'neutral': 0.012919045053422451, 'sadness': 0.9235740900039673, 'surprise': 0.00451761344447732}","{'anger': 0.004010341130197048, 'disgust': 0.003409812692552805, 'fear': 0.9370272159576416, 'joy': 0.005504788365215063, 'neutral': 0.041878700256347656, 'sadness': 0.00180226715747267, 'surprise': 0.006366821937263012}","{'anger': 0.041163746267557144, 'disgust': 0.0006037603016011417, 'fear': 0.9008799195289612, 'joy': 0.002193307038396597, 'neutral': 0.001360360998660326, 'sadness': 0.004801037255674601, 'surprise': 0.04899795353412628}","{'anger': 0.008101731538772583, 'disgust': 0.002345792017877102, 'fear': 0.23041695356369019, 'joy': 0.0028983771335333586, 'neutral': 0.008420335128903389, 'sadness': 0.002496998058632016, 'surprise': 0.7453199028968811}",0.007004723550407155,0.010925762054463717,0.00961824255806265
context_384,"{'anger': 0.004900309257209301, 'disgust': 0.0015169639373198152, 'fear': 0.9410572648048401, 'joy': 0.004814792890101671, 'neutral': 0.012288996018469334, 'sadness': 0.03173235431313515, 'surprise': 0.0036893035285174847}","{'anger': 0.5237933993339539, 'disgust': 0.03893822804093361, 'fear': 0.025294672697782516, 'joy': 0.04795702174305916, 'neutral': 0.33042967319488525, 'sadness': 0.03054939955472946, 'surprise': 0.003037606831640005}","{'anger': 0.021693509072065353, 'disgust': 0.007477582432329655, 'fear': 0.26331043243408203, 'joy': 0.022991681471467018, 'neutral': 0.2871856987476349, 'sadness': 0.3683968186378479, 'surprise': 0.028944209218025208}","{'anger': 0.008749894797801971, 'disgust': 0.01996612548828125, 'fear': 0.015098455362021923, 'joy': 0.023392941802740097, 'neutral': 0.657430112361908, 'sadness': 0.26915934681892395, 'surprise': 0.006203148979693651}",0.053979055739521886,0.5198129904628594,0.046335773659911705
context_385,"{'anger': 0.14814071357250214, 'disgust': 0.1819881647825241, 'fear': 0.013975271955132484, 'joy': 0.014008143916726112, 'neutral': 0.5476424694061279, 'sadness': 0.07909223437309265, 'surprise': 0.01515305507928133}","{'anger': 0.003724061418324709, 'disgust': 0.0019526592222973704, 'fear': 0.0005941500421613455, 'joy': 0.9448771476745605, 'neutral': 0.030026715248823166, 'sadness': 0.0027073840610682964, 'surprise': 0.01611783541738987}","{'anger': 0.9758678674697876, 'disgust': 0.004872877150774002, 'fear': 0.002444672165438533, 'joy': 0.00047264352906495333, 'neutral': 0.010995025746524334, 'sadness': 0.003042948665097356, 'surprise': 0.0023039444349706173}","{'anger': 0.10192091763019562, 'disgust': 0.059922970831394196, 'fear': 0.024905424565076828, 'joy': 0.025235464796423912, 'neutral': 0.7729625105857849, 'sadness': 0.013037897646427155, 'surprise': 0.0020148034673184156}",0.05459856081339165,0.2585522538909216,0.9578403954251775
context_386,"{'anger': 0.2082674354314804, 'disgust': 0.6045442819595337, 'fear': 0.01003686711192131, 'joy': 0.003484571585431695, 'neutral': 0.06716398894786835, 'sadness': 0.0672050341963768, 'surprise': 0.03929782658815384}","{'anger': 0.010881940834224224, 'disgust': 0.016083257272839546, 'fear': 0.2156437784433365, 'joy': 0.008129308000206947, 'neutral': 0.7130163908004761, 'sadness': 0.023198969662189484, 'surprise': 0.013046280480921268}","{'anger': 0.023321345448493958, 'disgust': 0.029235152527689934, 'fear': 0.005286285653710365, 'joy': 0.036473874002695084, 'neutral': 0.8853552341461182, 'sadness': 0.010681520216166973, 'surprise': 0.009646632708609104}","{'anger': 0.0027368601877242327, 'disgust': 0.01259954459965229, 'fear': 0.010263496078550816, 'joy': 0.0041912696324288845, 'neutral': 0.04333442449569702, 'sadness': 0.9201928973197937, 'surprise': 0.0066815628670156}",0.1328035713722574,0.14493689162690715,0.1228540218349925
context_387,"{'anger': 0.013086865656077862, 'disgust': 0.02064918354153633, 'fear': 0.007581993006169796, 'joy': 0.0010295871179550886, 'neutral': 0.012953291647136211, 'sadness': 0.9431426525115967, 'surprise': 0.0015563700580969453}","{'anger': 0.016873911023139954, 'disgust': 0.04144939407706261, 'fear': 0.19490770995616913, 'joy': 0.004170525819063187, 'neutral': 0.5295488238334656, 'sadness': 0.20632940530776978, 'surprise': 0.006720259319990873}","{'anger': 0.003667734330520034, 'disgust': 0.008099658414721489, 'fear': 0.4553222358226776, 'joy': 0.008765501901507378, 'neutral': 0.15184539556503296, 'sadness': 0.3587424159049988, 'surprise': 0.013557042926549911}","{'anger': 0.0015435111708939075, 'disgust': 0.006165962666273117, 'fear': 0.016019387170672417, 'joy': 0.0024189415853470564, 'neutral': 0.026693452149629593, 'sadness': 0.9435632824897766, 'surprise': 0.003595489077270031}",0.35886072241361133,0.6081293899000546,0.9996581989908816
context_388,"{'anger': 0.033122505992650986, 'disgust': 0.08988925814628601, 'fear': 0.006011025048792362, 'joy': 0.018332863226532936, 'neutral': 0.4789506494998932, 'sadness': 0.014625255949795246, 'surprise': 0.35906845331192017}","{'anger': 0.008412536233663559, 'disgust': 0.013451620005071163, 'fear': 0.0024835083167999983, 'joy': 0.023828305304050446, 'neutral': 0.9420174360275269, 'sadness': 0.006235797423869371, 'surprise': 0.003570785280317068}","{'anger': 0.009953508153557777, 'disgust': 0.039575301110744476, 'fear': 0.035727016627788544, 'joy': 0.009807771071791649, 'neutral': 0.8820048570632935, 'sadness': 0.01973729394376278, 'surprise': 0.0031942694913595915}","{'anger': 0.002833152189850807, 'disgust': 0.00708014564588666, 'fear': 0.9475263357162476, 'joy': 0.0032943906262516975, 'neutral': 0.03286178037524223, 'sadness': 0.003428793279454112, 'surprise': 0.0029752831906080246}",0.7948371109501939,0.79835545152428,0.04058115885246327
context_389,"{'anger': 0.9084998369216919, 'disgust': 0.03401220217347145, 'fear': 0.025752346962690353, 'joy': 0.0006447036867029965, 'neutral': 0.00938901212066412, 'sadness': 0.011723686009645462, 'surprise': 0.009978098794817924}","{'anger': 0.0017223109025508165, 'disgust': 0.0014986696187406778, 'fear': 0.9812833666801453, 'joy': 0.001365615171380341, 'neutral': 0.0076277125626802444, 'sadness': 0.005516392178833485, 'surprise': 0.000985977821983397}","{'anger': 0.02203545533120632, 'disgust': 0.037046026438474655, 'fear': 0.03679608553647995, 'joy': 0.0017957205418497324, 'neutral': 0.8747692108154297, 'sadness': 0.01704319566488266, 'surprise': 0.010514301247894764}","{'anger': 0.5221095681190491, 'disgust': 0.10587678104639053, 'fear': 0.08763530850410461, 'joy': 0.0033866141457110643, 'neutral': 0.035213008522987366, 'sadness': 0.2436991184949875, 'surprise': 0.0020796603057533503}",0.030282393841566613,0.03854619281850502,0.8955070180400855
context_390,"{'anger': 0.018119655549526215, 'disgust': 0.028668753802776337, 'fear': 0.002071638125926256, 'joy': 0.0022005364298820496, 'neutral': 0.018584800884127617, 'sadness': 0.928494393825531, 'surprise': 0.0018601642223075032}","{'anger': 0.0032202890142798424, 'disgust': 0.005238395184278488, 'fear': 0.0034595064353197813, 'joy': 0.029180726036429405, 'neutral': 0.04526079446077347, 'sadness': 0.9117128849029541, 'surprise': 0.0019274060614407063}","{'anger': 0.005670775193721056, 'disgust': 0.0005390152800828218, 'fear': 0.012912153266370296, 'joy': 0.001702890731394291, 'neutral': 0.003638563212007284, 'sadness': 0.9737532734870911, 'surprise': 0.0017833501333370805}","{'anger': 0.002307638991624117, 'disgust': 0.015469004400074482, 'fear': 0.00810425728559494, 'joy': 0.0204625241458416, 'neutral': 0.27155929803848267, 'sadness': 0.6657422780990601, 'surprise': 0.016355078667402267}",0.9986811054087901,0.9992540171825927,0.9326417482032838
context_391,"{'anger': 0.2410609871149063, 'disgust': 0.2612663805484772, 'fear': 0.2776903510093689, 'joy': 0.005801544524729252, 'neutral': 0.05958988890051842, 'sadness': 0.15071642398834229, 'surprise': 0.0038744742050766945}","{'anger': 0.13440753519535065, 'disgust': 0.026602858677506447, 'fear': 0.011835786513984203, 'joy': 0.027237383648753166, 'neutral': 0.3184095621109009, 'sadness': 0.4742527902126312, 'surprise': 0.0072540841065347195}","{'anger': 0.011913714930415154, 'disgust': 0.0036146638449281454, 'fear': 0.18351580202579498, 'joy': 0.003599428338930011, 'neutral': 0.017677804455161095, 'sadness': 0.0024144721683114767, 'surprise': 0.7772641777992249}","{'anger': 0.019135570153594017, 'disgust': 0.008678463287651539, 'fear': 0.881262481212616, 'joy': 0.0035269344225525856, 'neutral': 0.07871566712856293, 'sadness': 0.006011257413774729, 'surprise': 0.0026696540880948305}",0.4726438416300416,0.15464298747389038,0.606279761343468
context_392,"{'anger': 0.02498178742825985, 'disgust': 0.012694819830358028, 'fear': 0.012709561735391617, 'joy': 0.0008802677039057016, 'neutral': 0.009160139597952366, 'sadness': 0.9368718266487122, 'surprise': 0.0027016266249120235}","{'anger': 0.019952720031142235, 'disgust': 0.004592097830027342, 'fear': 0.9481844902038574, 'joy': 0.000934587384108454, 'neutral': 0.013266080990433693, 'sadness': 0.002038017613813281, 'surprise': 0.011032040230929852}","{'anger': 0.0037883345503360033, 'disgust': 0.005851502530276775, 'fear': 0.01211854349821806, 'joy': 0.012840580195188522, 'neutral': 0.14562539756298065, 'sadness': 0.7399747967720032, 'surprise': 0.07980090379714966}","{'anger': 0.047113582491874695, 'disgust': 0.028092440217733383, 'fear': 0.3946129083633423, 'joy': 0.00950749684125185, 'neutral': 0.4861290454864502, 'sadness': 0.031835973262786865, 'surprise': 0.0027084830217063427}",0.01649697319270449,0.9774998424954964,0.06922361293301871
context_393,"{'anger': 0.23973354697227478, 'disgust': 0.406823068857193, 'fear': 0.010491428896784782, 'joy': 0.001615974004380405, 'neutral': 0.28440937399864197, 'sadness': 0.05001470074057579, 'surprise': 0.006912045646458864}","{'anger': 0.007367642130702734, 'disgust': 0.004131071735173464, 'fear': 0.8980845212936401, 'joy': 0.028521578758955002, 'neutral': 0.05333453044295311, 'sadness': 0.00570412864908576, 'surprise': 0.002856566570699215}","{'anger': 0.04709117114543915, 'disgust': 0.024768536910414696, 'fear': 0.20553383231163025, 'joy': 0.006197848357260227, 'neutral': 0.6901334524154663, 'sadness': 0.018810521811246872, 'surprise': 0.007464619819074869}","{'anger': 0.01769952103495598, 'disgust': 0.019925380125641823, 'fear': 0.01898329332470894, 'joy': 0.008249582722783089, 'neutral': 0.9188184142112732, 'sadness': 0.009683189913630486, 'surprise': 0.006640696432441473}",0.056962092565933764,0.5521012361088955,0.5390278684306504
context_394,"{'anger': 0.002285779220983386, 'disgust': 0.01590796746313572, 'fear': 0.002897658385336399, 'joy': 0.053458478301763535, 'neutral': 0.05416979640722275, 'sadness': 0.8666582703590393, 'surprise': 0.004622070584446192}","{'anger': 0.03021017275750637, 'disgust': 0.04881872236728668, 'fear': 0.2155807614326477, 'joy': 0.00821018684655428, 'neutral': 0.6634988188743591, 'sadness': 0.02211093343794346, 'surprise': 0.011570443399250507}","{'anger': 0.010820345021784306, 'disgust': 0.0010215278016403317, 'fear': 0.786645770072937, 'joy': 0.012477919459342957, 'neutral': 0.00721734156832099, 'sadness': 0.17838747799396515, 'surprise': 0.003429546719416976}","{'anger': 0.0030510120559483767, 'disgust': 0.015420169569551945, 'fear': 0.03062129206955433, 'joy': 0.03480268642306328, 'neutral': 0.4975084364414215, 'sadness': 0.3954187333583832, 'surprise': 0.02317770943045616}",0.09362278182938966,0.22504246975664155,0.6701856816540961
context_395,"{'anger': 0.005931660067290068, 'disgust': 0.0028382258024066687, 'fear': 0.9630193114280701, 'joy': 0.0014574420638382435, 'neutral': 0.00108532072044909, 'sadness': 0.023924216628074646, 'surprise': 0.0017438657814636827}","{'anger': 0.08779361099004745, 'disgust': 0.02894960157573223, 'fear': 0.06794235855340958, 'joy': 0.01790003664791584, 'neutral': 0.7767605185508728, 'sadness': 0.018309803679585457, 'surprise': 0.0023440599907189608}","{'anger': 0.0045578512363135815, 'disgust': 0.002108267042785883, 'fear': 0.8400763869285583, 'joy': 0.00292766559869051, 'neutral': 0.00957068894058466, 'sadness': 0.0026838919147849083, 'surprise': 0.13807527720928192}","{'anger': 0.013106622733175755, 'disgust': 0.03795023635029793, 'fear': 0.09351710230112076, 'joy': 0.05621024966239929, 'neutral': 0.7657313942909241, 'sadness': 0.030647465959191322, 'surprise': 0.0028370076324790716}",0.08898408368325794,0.9867695231715544,0.12306793830234564
context_396,"{'anger': 0.01139003410935402, 'disgust': 0.0034966678358614445, 'fear': 0.525986909866333, 'joy': 0.001612956402823329, 'neutral': 0.011131644248962402, 'sadness': 0.4421641230583191, 'surprise': 0.004217605572193861}","{'anger': 0.042420193552970886, 'disgust': 0.010229785926640034, 'fear': 0.017863715067505836, 'joy': 0.8010521531105042, 'neutral': 0.10956428200006485, 'sadness': 0.01518501341342926, 'surprise': 0.0036848890595138073}","{'anger': 0.0064426613971591, 'disgust': 0.003759908489882946, 'fear': 0.002744322642683983, 'joy': 0.7610762715339661, 'neutral': 0.20355874300003052, 'sadness': 0.010751443915069103, 'surprise': 0.011666670441627502}","{'anger': 0.00702055636793375, 'disgust': 0.0138923404738307, 'fear': 0.027919314801692963, 'joy': 0.029691431671380997, 'neutral': 0.745017409324646, 'sadness': 0.16942358016967773, 'surprise': 0.0070353057235479355}",0.03440579177137304,0.018141869759395357,0.18648174024898656
context_397,"{'anger': 0.3827517330646515, 'disgust': 0.08833703398704529, 'fear': 0.29412421584129333, 'joy': 0.004950528498739004, 'neutral': 0.07213196158409119, 'sadness': 0.06803593784570694, 'surprise': 0.0896686315536499}","{'anger': 0.04421987757086754, 'disgust': 0.029934942722320557, 'fear': 0.39589962363243103, 'joy': 0.013665053062140942, 'neutral': 0.38068878650665283, 'sadness': 0.12909965217113495, 'surprise': 0.006492146290838718}","{'anger': 0.002107590436935425, 'disgust': 0.0005995803512632847, 'fear': 0.989134669303894, 'joy': 0.001114108134061098, 'neutral': 0.0022695043589919806, 'sadness': 0.0038499166257679462, 'surprise': 0.0009246441768482327}","{'anger': 0.011629780754446983, 'disgust': 0.008020512759685516, 'fear': 0.8025869131088257, 'joy': 0.0033578695729374886, 'neutral': 0.14317932724952698, 'sadness': 0.02766752429306507, 'surprise': 0.0035580950789153576}",0.5996220986855004,0.5809857903214104,0.6115191807005018
context_398,"{'anger': 0.2676883041858673, 'disgust': 0.43247389793395996, 'fear': 0.013406890444457531, 'joy': 0.0015806184383109212, 'neutral': 0.022664440795779228, 'sadness': 0.24085387587547302, 'surprise': 0.021331850439310074}","{'anger': 0.16879679262638092, 'disgust': 0.06857026368379593, 'fear': 0.014335254207253456, 'joy': 0.00523762684315443, 'neutral': 0.2689017057418823, 'sadness': 0.46135973930358887, 'surprise': 0.012798686511814594}","{'anger': 0.4003124535083771, 'disgust': 0.052447397261857986, 'fear': 0.013767261989414692, 'joy': 0.055529553443193436, 'neutral': 0.4592272639274597, 'sadness': 0.01171313039958477, 'surprise': 0.007002899888902903}","{'anger': 0.0032624811865389347, 'disgust': 0.025093547999858856, 'fear': 0.014029181562364101, 'joy': 0.006374805700033903, 'neutral': 0.050044476985931396, 'sadness': 0.8993626236915588, 'surprise': 0.0018329165177419782}",0.6048601472263669,0.414327072205561,0.4520946582805565
context_399,"{'anger': 0.003828168148174882, 'disgust': 0.011739631183445454, 'fear': 0.013011768460273743, 'joy': 0.0011449885787442327, 'neutral': 0.016150278970599174, 'sadness': 0.9505094289779663, 'surprise': 0.003615658963099122}","{'anger': 0.0013578988146036863, 'disgust': 0.0042680357582867146, 'fear': 0.002417680574581027, 'joy': 0.0011040271492674947, 'neutral': 0.014927639625966549, 'sadness': 0.97284996509552, 'surprise': 0.003074832260608673}","{'anger': 0.1150938868522644, 'disgust': 0.09074428677558899, 'fear': 0.334787517786026, 'joy': 0.0017941121477633715, 'neutral': 0.14621900022029877, 'sadness': 0.30556851625442505, 'surprise': 0.005792701616883278}","{'anger': 0.00931068230420351, 'disgust': 0.02055272087454796, 'fear': 0.17630895972251892, 'joy': 0.011036482639610767, 'neutral': 0.22148221731185913, 'sadness': 0.5562165975570679, 'surprise': 0.005092305596917868}",0.9999005601650269,0.6303615797255655,0.9005717306692597
context_400,"{'anger': 0.016179030761122704, 'disgust': 0.0037379616405814886, 'fear': 0.005349977407604456, 'joy': 0.0007384130731225014, 'neutral': 0.007332223933190107, 'sadness': 0.9624989032745361, 'surprise': 0.004163478501141071}","{'anger': 0.47367730736732483, 'disgust': 0.005596392787992954, 'fear': 0.21230681240558624, 'joy': 0.002148154890164733, 'neutral': 0.015817662701010704, 'sadness': 0.03931518644094467, 'surprise': 0.25113847851753235}","{'anger': 0.007151580415666103, 'disgust': 0.0018824600847437978, 'fear': 0.012163369916379452, 'joy': 0.051151711493730545, 'neutral': 0.8979396820068359, 'sadness': 0.005353710614144802, 'surprise': 0.024357452988624573}","{'anger': 0.005703832022845745, 'disgust': 0.01543925516307354, 'fear': 0.006228800863027573, 'joy': 0.007312653120607138, 'neutral': 0.14060485363006592, 'sadness': 0.8200549483299255, 'surprise': 0.0046556005254387856}",0.08591373073763009,0.013925957817370604,0.9866901753618247
context_401,"{'anger': 0.0031469236128032207, 'disgust': 0.0035568515304476023, 'fear': 0.006779173389077187, 'joy': 0.0005680247559212148, 'neutral': 0.004407738801091909, 'sadness': 0.9793892502784729, 'surprise': 0.002152123022824526}","{'anger': 0.01549945492297411, 'disgust': 0.02091907523572445, 'fear': 0.026604436337947845, 'joy': 0.009892012923955917, 'neutral': 0.9104016423225403, 'sadness': 0.013987681828439236, 'surprise': 0.0026957832742482424}","{'anger': 0.3335613012313843, 'disgust': 0.21359695494174957, 'fear': 0.010206315666437149, 'joy': 0.00496347900480032, 'neutral': 0.2603696584701538, 'sadness': 0.17333057522773743, 'surprise': 0.003971650265157223}","{'anger': 0.01874839887022972, 'disgust': 0.011239434592425823, 'fear': 0.8612407445907593, 'joy': 0.001298922928981483, 'neutral': 0.03536510095000267, 'sadness': 0.020975381135940552, 'surprise': 0.05113201215863228}",0.020196515594712028,0.3494617409800749,0.03160684627484556
context_402,"{'anger': 0.0008616818813607097, 'disgust': 0.002879102947190404, 'fear': 0.008111061528325081, 'joy': 0.0019558535423129797, 'neutral': 0.0149871576577425, 'sadness': 0.9650282859802246, 'surprise': 0.006176892668008804}","{'anger': 0.016870710998773575, 'disgust': 0.00625385669991374, 'fear': 0.02375926449894905, 'joy': 0.036391399800777435, 'neutral': 0.18791042268276215, 'sadness': 0.7193705439567566, 'surprise': 0.009443799033761024}","{'anger': 0.008110609836876392, 'disgust': 0.005991671234369278, 'fear': 0.763361394405365, 'joy': 0.003192212199792266, 'neutral': 0.0805843323469162, 'sadness': 0.04491507261991501, 'surprise': 0.09384479373693466}","{'anger': 0.2669236361980438, 'disgust': 0.1330532431602478, 'fear': 0.02950448915362358, 'joy': 0.005222222302109003, 'neutral': 0.2889094650745392, 'sadness': 0.2729808986186981, 'surprise': 0.00340613373555243}",0.9697601089799575,0.0686789162879835,0.5590762168827037
context_403,"{'anger': 0.005584917962551117, 'disgust': 0.0038878603372722864, 'fear': 0.002298689214512706, 'joy': 0.0030788800213485956, 'neutral': 0.005564462393522263, 'sadness': 0.9777050018310547, 'surprise': 0.0018802453996613622}","{'anger': 0.011286542750895023, 'disgust': 0.006081996951252222, 'fear': 0.013534546829760075, 'joy': 0.011877228505909443, 'neutral': 0.9329193234443665, 'sadness': 0.014777383767068386, 'surprise': 0.009523043408989906}","{'anger': 0.007350541651248932, 'disgust': 0.002035051118582487, 'fear': 0.001418201602064073, 'joy': 0.0020529874600470066, 'neutral': 0.010259991511702538, 'sadness': 0.00123179133515805, 'surprise': 0.9756514430046082}","{'anger': 0.011223548091948032, 'disgust': 0.034918490797281265, 'fear': 0.01437125913798809, 'joy': 0.011109381914138794, 'neutral': 0.5110238790512085, 'sadness': 0.4121708273887634, 'surprise': 0.005182680208235979}",0.021709120316411812,0.003306415943492569,0.6313850726503031
context_404,"{'anger': 0.3186773955821991, 'disgust': 0.4767393171787262, 'fear': 0.10927382111549377, 'joy': 0.005381069611757994, 'neutral': 0.01651451736688614, 'sadness': 0.07161296159029007, 'surprise': 0.0018009352497756481}","{'anger': 0.016381826251745224, 'disgust': 0.005562584847211838, 'fear': 0.5095517039299011, 'joy': 0.026484781876206398, 'neutral': 0.3809676766395569, 'sadness': 0.04435192421078682, 'surprise': 0.016699453815817833}","{'anger': 0.0059716906398534775, 'disgust': 0.003051563398912549, 'fear': 0.8356855511665344, 'joy': 0.0245008897036314, 'neutral': 0.1068585142493248, 'sadness': 0.007756620179861784, 'surprise': 0.016175195574760437}","{'anger': 0.007309011183679104, 'disgust': 0.0028816317208111286, 'fear': 0.6434237957000732, 'joy': 0.0025093050207942724, 'neutral': 0.01064892578870058, 'sadness': 0.0030733554158359766, 'surprise': 0.3301539123058319}",0.19474126773912648,0.19586039317022008,0.1762618657667946
context_405,"{'anger': 0.5556473135948181, 'disgust': 0.37442681193351746, 'fear': 0.009985020384192467, 'joy': 0.004288224037736654, 'neutral': 0.021650545299053192, 'sadness': 0.0304431039839983, 'surprise': 0.003558980068191886}","{'anger': 0.33441951870918274, 'disgust': 0.2091454118490219, 'fear': 0.02644558995962143, 'joy': 0.05223735421895981, 'neutral': 0.34896522760391235, 'sadness': 0.023073865100741386, 'surprise': 0.005713013932108879}","{'anger': 0.001421817229129374, 'disgust': 0.0009948268998414278, 'fear': 0.981033444404602, 'joy': 0.001936067477799952, 'neutral': 0.007349506951868534, 'sadness': 0.0036461057607084513, 'surprise': 0.0036182834301143885}","{'anger': 0.0014513832284137607, 'disgust': 0.011258226819336414, 'fear': 0.007544056512415409, 'joy': 0.01183557603508234, 'neutral': 0.10867149382829666, 'sadness': 0.8474628925323486, 'surprise': 0.011776369996368885}",0.7665542076881241,0.017084301961745374,0.058124707990307334
context_406,"{'anger': 0.09790638834238052, 'disgust': 0.39629530906677246, 'fear': 0.12041046470403671, 'joy': 0.0043977475725114346, 'neutral': 0.3156321942806244, 'sadness': 0.05952436476945877, 'surprise': 0.005833502393215895}","{'anger': 0.06120418757200241, 'disgust': 0.019365763291716576, 'fear': 0.2186104953289032, 'joy': 0.013928757049143314, 'neutral': 0.565885066986084, 'sadness': 0.09493283927440643, 'surprise': 0.026072945445775986}","{'anger': 0.022824177518486977, 'disgust': 0.00034582955413497984, 'fear': 0.941696286201477, 'joy': 0.010038272477686405, 'neutral': 0.0014302120544016361, 'sadness': 0.022632772102952003, 'surprise': 0.001032414031215012}","{'anger': 0.030993454158306122, 'disgust': 0.31845882534980774, 'fear': 0.18714848160743713, 'joy': 0.002831585705280304, 'neutral': 0.429420530796051, 'sadness': 0.027648450806736946, 'surprise': 0.003498679958283901}",0.6810430898610442,0.2340599565730067,0.9541778576347698
context_407,"{'anger': 0.17631374299526215, 'disgust': 0.013605320826172829, 'fear': 0.755840003490448, 'joy': 0.002445652848109603, 'neutral': 0.02868998982012272, 'sadness': 0.01644873432815075, 'surprise': 0.006656595040112734}","{'anger': 0.34224921464920044, 'disgust': 0.0059617431834340096, 'fear': 0.6151799559593201, 'joy': 0.003598639741539955, 'neutral': 0.022048627957701683, 'sadness': 0.006073597352951765, 'surprise': 0.004888253286480904}","{'anger': 0.00673049408942461, 'disgust': 0.00993950106203556, 'fear': 0.726561427116394, 'joy': 0.005868146661669016, 'neutral': 0.23791147768497467, 'sadness': 0.005343203898519278, 'surprise': 0.007645794656127691}","{'anger': 0.4440189599990845, 'disgust': 0.1993410736322403, 'fear': 0.0293462872505188, 'joy': 0.0020270224194973707, 'neutral': 0.10348908603191376, 'sadness': 0.22002701461315155, 'surprise': 0.0017504891147837043}",0.961388139673011,0.9382423426517272,0.25932080999699403
context_408,"{'anger': 0.4313718378543854, 'disgust': 0.3582819700241089, 'fear': 0.02427610568702221, 'joy': 0.0022326770704239607, 'neutral': 0.087722547352314, 'sadness': 0.08491978049278259, 'surprise': 0.011195116676390171}","{'anger': 0.020449556410312653, 'disgust': 0.026826612651348114, 'fear': 0.007479676511138678, 'joy': 0.012414195574820042, 'neutral': 0.16386787593364716, 'sadness': 0.764894425868988, 'surprise': 0.004067626781761646}","{'anger': 0.035944633185863495, 'disgust': 0.022947782650589943, 'fear': 0.04888821765780449, 'joy': 0.00615286361426115, 'neutral': 0.8642132878303528, 'sadness': 0.018811045214533806, 'surprise': 0.0030421074479818344}","{'anger': 0.03139534965157509, 'disgust': 0.06111669912934303, 'fear': 0.06987662613391876, 'joy': 0.007047957740724087, 'neutral': 0.4736967086791992, 'sadness': 0.35385212302207947, 'surprise': 0.0030145016498863697}",0.21785491039324467,0.2055471118774006,0.31591689946604906
context_409,"{'anger': 0.08926095068454742, 'disgust': 0.5279293060302734, 'fear': 0.11056026071310043, 'joy': 0.0029608416371047497, 'neutral': 0.14003191888332367, 'sadness': 0.01431756466627121, 'surprise': 0.1149391233921051}","{'anger': 0.04110973700881004, 'disgust': 0.4864113926887512, 'fear': 0.3899814188480377, 'joy': 0.0033029867336153984, 'neutral': 0.058646466583013535, 'sadness': 0.009513060562312603, 'surprise': 0.011035011149942875}","{'anger': 0.013709494844079018, 'disgust': 0.010255781933665276, 'fear': 0.07438220083713531, 'joy': 0.0025506222154945135, 'neutral': 0.01723944954574108, 'sadness': 0.8672195076942444, 'surprise': 0.014642948284745216}","{'anger': 0.06834396719932556, 'disgust': 0.02127228118479252, 'fear': 0.5919654369354248, 'joy': 0.005027415230870247, 'neutral': 0.289424866437912, 'sadness': 0.019857795909047127, 'surprise': 0.00410821009427309}",0.8660315123974132,0.06254810900149588,0.324764386670815
context_410,"{'anger': 0.9270407557487488, 'disgust': 0.0037017585709691048, 'fear': 0.03070945478975773, 'joy': 0.0013697701506316662, 'neutral': 0.011793438345193863, 'sadness': 0.0017697301227599382, 'surprise': 0.023615168407559395}","{'anger': 0.8048754930496216, 'disgust': 0.013685276731848717, 'fear': 0.012104512192308903, 'joy': 0.0016441685147583485, 'neutral': 0.08810074627399445, 'sadness': 0.0774574875831604, 'surprise': 0.002132357796654105}","{'anger': 0.9448161721229553, 'disgust': 0.0056464350782334805, 'fear': 0.0039736139588057995, 'joy': 0.003910536877810955, 'neutral': 0.037859849631786346, 'sadness': 0.002920834580436349, 'surprise': 0.0008725200896151364}","{'anger': 0.9687241911888123, 'disgust': 0.004906554240733385, 'fear': 0.005830379668623209, 'joy': 0.0005250276881270111, 'neutral': 0.01680588535964489, 'sadness': 0.00228404114022851, 'surprise': 0.0009238632628694177}",0.9905238300422192,0.9989022288896108,0.9993212376685001
context_411,"{'anger': 0.002135962015017867, 'disgust': 0.006920338608324528, 'fear': 0.001924762618727982, 'joy': 0.008188665844500065, 'neutral': 0.025524551048874855, 'sadness': 0.9324891567230225, 'surprise': 0.02281653694808483}","{'anger': 0.026783036068081856, 'disgust': 0.08477576822042465, 'fear': 0.019962023943662643, 'joy': 0.006800727918744087, 'neutral': 0.20022433996200562, 'sadness': 0.025808200240135193, 'surprise': 0.6356459259986877}","{'anger': 0.040409576147794724, 'disgust': 0.03902776166796684, 'fear': 0.11044467985630035, 'joy': 0.02646348439157009, 'neutral': 0.7683371901512146, 'sadness': 0.011227949522435665, 'surprise': 0.004089312627911568}","{'anger': 0.0048888688907027245, 'disgust': 0.024429326876997948, 'fear': 0.013413961045444012, 'joy': 0.03132771700620651, 'neutral': 0.226514533162117, 'sadness': 0.693817138671875, 'surprise': 0.005608436651527882}",0.07070793218531846,0.0426000276005134,0.9576396898679433
context_412,"{'anger': 0.8640714883804321, 'disgust': 0.0028185539413243532, 'fear': 0.11938351392745972, 'joy': 0.001075504464097321, 'neutral': 0.004979914054274559, 'sadness': 0.00438908115029335, 'surprise': 0.00328206829726696}","{'anger': 0.0019517922773957253, 'disgust': 0.0008824116084724665, 'fear': 0.9890722036361694, 'joy': 0.0008815537439659238, 'neutral': 0.002549700206145644, 'sadness': 0.0024442633148282766, 'surprise': 0.0022179195657372475}","{'anger': 0.018563568592071533, 'disgust': 0.004492373671382666, 'fear': 0.015395591035485268, 'joy': 0.08472483605146408, 'neutral': 0.7267723679542542, 'sadness': 0.13874226808547974, 'surprise': 0.011308973655104637}","{'anger': 0.08307883888483047, 'disgust': 0.0279373936355114, 'fear': 0.024826666340231895, 'joy': 0.010648473165929317, 'neutral': 0.19551438093185425, 'sadness': 0.6554172039031982, 'surprise': 0.0025770056527107954}",0.1388507011534439,0.03422304386972519,0.13073519835715663
context_413,"{'anger': 0.0019773852545768023, 'disgust': 0.0006709792651236057, 'fear': 0.9845470786094666, 'joy': 0.0015052425442263484, 'neutral': 0.00328957405872643, 'sadness': 0.005854006391018629, 'surprise': 0.0021556667052209377}","{'anger': 0.019655302166938782, 'disgust': 0.007011797279119492, 'fear': 0.5249360203742981, 'joy': 0.01454850286245346, 'neutral': 0.1814235895872116, 'sadness': 0.021826472133398056, 'surprise': 0.23059828579425812}","{'anger': 0.012530968524515629, 'disgust': 0.0056277732364833355, 'fear': 0.6070303320884705, 'joy': 0.024945655837655067, 'neutral': 0.3292534649372101, 'sadness': 0.013909406028687954, 'surprise': 0.006702483166009188}","{'anger': 0.013491854071617126, 'disgust': 0.019518360495567322, 'fear': 0.14233888685703278, 'joy': 0.04601417854428291, 'neutral': 0.7696138620376587, 'sadness': 0.0051454342901706696, 'surprise': 0.003877391805872321}",0.8736901667538282,0.8798598811653642,0.1849253349148552
context_414,"{'anger': 0.02651778794825077, 'disgust': 0.5714935660362244, 'fear': 0.011597758159041405, 'joy': 0.00503784604370594, 'neutral': 0.2222459614276886, 'sadness': 0.15926755964756012, 'surprise': 0.0038396185263991356}","{'anger': 0.008008389733731747, 'disgust': 0.010043355636298656, 'fear': 0.022866014391183853, 'joy': 0.104365274310112, 'neutral': 0.8267448544502258, 'sadness': 0.01605798490345478, 'surprise': 0.01191409770399332}","{'anger': 0.014447909779846668, 'disgust': 0.0057794782333076, 'fear': 0.5727429986000061, 'joy': 0.004072477575391531, 'neutral': 0.03226462006568909, 'sadness': 0.002942819381132722, 'surprise': 0.3677496612071991}","{'anger': 0.005682907532900572, 'disgust': 0.007674578111618757, 'fear': 0.02723822370171547, 'joy': 0.02271983027458191, 'neutral': 0.9247686862945557, 'sadness': 0.008685070089995861, 'surprise': 0.0032306774519383907}",0.36506048822236004,0.04487844278738229,0.36096656588340825
context_415,"{'anger': 0.06474512070417404, 'disgust': 0.04363038018345833, 'fear': 0.4674169719219208, 'joy': 0.004277139436453581, 'neutral': 0.18864209949970245, 'sadness': 0.16174964606761932, 'surprise': 0.06953868269920349}","{'anger': 0.044232822954654694, 'disgust': 0.2924940586090088, 'fear': 0.030724283307790756, 'joy': 0.007885057479143143, 'neutral': 0.5885170698165894, 'sadness': 0.03285892680287361, 'surprise': 0.0032877821940928698}","{'anger': 0.016180988401174545, 'disgust': 0.00960894487798214, 'fear': 0.562130868434906, 'joy': 0.025742752477526665, 'neutral': 0.34230226278305054, 'sadness': 0.03777658939361572, 'surprise': 0.006257557310163975}","{'anger': 0.012390382587909698, 'disgust': 0.023227183148264885, 'fear': 0.532535195350647, 'joy': 0.003146404167637229, 'neutral': 0.3749510645866394, 'sadness': 0.04743032157421112, 'surprise': 0.0063194287940859795}",0.41141715387856803,0.9418375242238566,0.9345233513601168
context_416,"{'anger': 0.0038899003993719816, 'disgust': 0.004910836461931467, 'fear': 0.01134814415127039, 'joy': 0.8573404550552368, 'neutral': 0.08976477384567261, 'sadness': 0.02531575970351696, 'surprise': 0.007430138997733593}","{'anger': 0.016637491062283516, 'disgust': 0.011437872424721718, 'fear': 0.7913626432418823, 'joy': 0.014969858340919018, 'neutral': 0.10280922800302505, 'sadness': 0.061196669936180115, 'surprise': 0.001586180878803134}","{'anger': 0.013985286466777325, 'disgust': 0.021120816469192505, 'fear': 0.05952850356698036, 'joy': 0.04703916236758232, 'neutral': 0.7775867581367493, 'sadness': 0.06704699993133545, 'surprise': 0.013692541979253292}","{'anger': 0.015506498515605927, 'disgust': 0.029351353645324707, 'fear': 0.4183623790740967, 'joy': 0.005781720392405987, 'neutral': 0.496356338262558, 'sadness': 0.03060644492506981, 'surprise': 0.0040353043004870415}",0.04738192461380919,0.16660738969005395,0.09846690640262445
context_417,"{'anger': 0.01424957811832428, 'disgust': 0.08664245903491974, 'fear': 0.05878303200006485, 'joy': 0.005325906444340944, 'neutral': 0.6261516809463501, 'sadness': 0.054739810526371, 'surprise': 0.15410751104354858}","{'anger': 0.019908040761947632, 'disgust': 0.10520140826702118, 'fear': 0.003726216731593013, 'joy': 0.03595566377043724, 'neutral': 0.806477963924408, 'sadness': 0.005955460015684366, 'surprise': 0.022775311022996902}","{'anger': 0.00863709393888712, 'disgust': 0.01909652352333069, 'fear': 0.0064844428561627865, 'joy': 0.004090131726115942, 'neutral': 0.8985757231712341, 'sadness': 0.05366118624806404, 'surprise': 0.00945494044572115}","{'anger': 0.010149739682674408, 'disgust': 0.013457824476063251, 'fear': 0.0033122017048299313, 'joy': 0.013583064079284668, 'neutral': 0.9533743858337402, 'sadness': 0.0037646950222551823, 'surprise': 0.0023580582346767187}",0.9707744413497841,0.9639578040534356,0.9580378941246611
context_418,"{'anger': 0.13716836273670197, 'disgust': 0.05342717468738556, 'fear': 0.22830408811569214, 'joy': 0.00494338758289814, 'neutral': 0.059420522302389145, 'sadness': 0.01457175426185131, 'surprise': 0.5021647214889526}","{'anger': 0.04301485791802406, 'disgust': 0.023647580295801163, 'fear': 0.031270865350961685, 'joy': 0.005384125281125307, 'neutral': 0.8725978136062622, 'sadness': 0.008262109942734241, 'surprise': 0.01582265831530094}","{'anger': 0.0031997559126466513, 'disgust': 0.0020030015148222446, 'fear': 0.010179981589317322, 'joy': 0.0626012310385704, 'neutral': 0.8078165650367737, 'sadness': 0.030621903017163277, 'surprise': 0.08357752114534378}","{'anger': 0.016805313527584076, 'disgust': 0.22383026778697968, 'fear': 0.41543442010879517, 'joy': 0.0036583372857421637, 'neutral': 0.152132049202919, 'sadness': 0.18483321368694305, 'surprise': 0.0033064382150769234}",0.14781423775985258,0.1999509289897674,0.403013160771722
context_419,"{'anger': 0.0011349760461598635, 'disgust': 0.002857302548363805, 'fear': 0.0038577241357415915, 'joy': 0.0006324431742541492, 'neutral': 0.007556004449725151, 'sadness': 0.981395423412323, 'surprise': 0.0025660614483058453}","{'anger': 0.0028366667684167624, 'disgust': 0.0020445052068680525, 'fear': 0.023732561618089676, 'joy': 0.0029852851293981075, 'neutral': 0.013334684073925018, 'sadness': 0.9507873058319092, 'surprise': 0.004279069136828184}","{'anger': 0.0033526092302054167, 'disgust': 0.00898386724293232, 'fear': 0.004877805709838867, 'joy': 0.026415836066007614, 'neutral': 0.19748371839523315, 'sadness': 0.727203905582428, 'surprise': 0.031682319939136505}","{'anger': 0.01006693672388792, 'disgust': 0.02018832601606846, 'fear': 0.060018740594387054, 'joy': 0.003419815329834819, 'neutral': 0.06536655128002167, 'sadness': 0.838633120059967, 'surprise': 0.0023064520210027695}",0.999752202979917,0.9656749179670593,0.9950042753035621
context_420,"{'anger': 0.2002038061618805, 'disgust': 0.1503298580646515, 'fear': 0.09973795711994171, 'joy': 0.016344785690307617, 'neutral': 0.33305495977401733, 'sadness': 0.1923821121454239, 'surprise': 0.007946418598294258}","{'anger': 0.03210766986012459, 'disgust': 0.031241897493600845, 'fear': 0.6419870853424072, 'joy': 0.003520689904689789, 'neutral': 0.27396848797798157, 'sadness': 0.012910059653222561, 'surprise': 0.004264152608811855}","{'anger': 0.009322475641965866, 'disgust': 0.009009980596601963, 'fear': 0.0022513577714562416, 'joy': 0.03085201047360897, 'neutral': 0.9387598633766174, 'sadness': 0.0029175898525863886, 'surprise': 0.006886710878461599}","{'anger': 0.0025622581597417593, 'disgust': 0.006387901958078146, 'fear': 0.9424277544021606, 'joy': 0.0020267486106604338, 'neutral': 0.03818676620721817, 'sadness': 0.00636628782376647, 'surprise': 0.0020421792287379503}",0.5139223515298711,0.718502301017396,0.2469110803577026
context_421,"{'anger': 0.0012711136369034648, 'disgust': 0.0007081411313265562, 'fear': 0.0032126756850630045, 'joy': 0.0021288772113621235, 'neutral': 0.006253806874155998, 'sadness': 0.9793923497200012, 'surprise': 0.007033020723611116}","{'anger': 0.006337288301438093, 'disgust': 0.02006448619067669, 'fear': 0.004768996499478817, 'joy': 0.06283736228942871, 'neutral': 0.1422627717256546, 'sadness': 0.7525745630264282, 'surprise': 0.011154523119330406}","{'anger': 0.011943602934479713, 'disgust': 0.0036491267383098602, 'fear': 0.40714478492736816, 'joy': 0.0034247993025928736, 'neutral': 0.014822871424257755, 'sadness': 0.0034038492012768984, 'surprise': 0.5556110143661499}","{'anger': 0.002043061424046755, 'disgust': 0.010643578134477139, 'fear': 0.013015433214604855, 'joy': 0.013457939960062504, 'neutral': 0.1985119879245758, 'sadness': 0.7460269927978516, 'surprise': 0.016300931572914124}",0.9802781015324313,0.012841225686654578,0.9676244941397691
context_422,"{'anger': 0.026678958907723427, 'disgust': 0.012565060518682003, 'fear': 0.8195266127586365, 'joy': 0.015386895276606083, 'neutral': 0.09645325690507889, 'sadness': 0.022201139479875565, 'surprise': 0.007187972776591778}","{'anger': 0.005546620115637779, 'disgust': 0.007323193363845348, 'fear': 0.0032445737160742283, 'joy': 0.1747327595949173, 'neutral': 0.796644926071167, 'sadness': 0.005634659435600042, 'surprise': 0.006873244885355234}","{'anger': 0.006202288903295994, 'disgust': 0.005447426810860634, 'fear': 0.004577935207635164, 'joy': 0.01788601651787758, 'neutral': 0.9548519253730774, 'sadness': 0.004960894584655762, 'surprise': 0.00607351865619421}","{'anger': 0.014960458502173424, 'disgust': 0.014299418777227402, 'fear': 0.07519306242465973, 'joy': 0.006496716290712357, 'neutral': 0.8608640432357788, 'sadness': 0.022862723097205162, 'surprise': 0.005323559511452913}",0.12257024612311362,0.12231019888587502,0.20419220570430163
context_423,"{'anger': 0.4847038686275482, 'disgust': 0.31716659665107727, 'fear': 0.007841093465685844, 'joy': 0.011512547731399536, 'neutral': 0.04825017601251602, 'sadness': 0.12557634711265564, 'surprise': 0.004949453752487898}","{'anger': 0.0384698323905468, 'disgust': 0.20176856219768524, 'fear': 0.04611998051404953, 'joy': 0.08120179176330566, 'neutral': 0.41182276606559753, 'sadness': 0.2161632627248764, 'surprise': 0.004453855101019144}","{'anger': 0.03063776344060898, 'disgust': 0.027241716161370277, 'fear': 0.7064656615257263, 'joy': 0.0027151713147759438, 'neutral': 0.06736927479505539, 'sadness': 0.16035495698451996, 'surprise': 0.005215438548475504}","{'anger': 0.0033880232367664576, 'disgust': 0.01365294586867094, 'fear': 0.014642823487520218, 'joy': 0.005968885961920023, 'neutral': 0.055668462067842484, 'sadness': 0.9032054543495178, 'surprise': 0.00347340595908463}",0.4259076682372833,0.12105024469416681,0.22709963080012407
context_424,"{'anger': 0.004475294146686792, 'disgust': 0.9809713959693909, 'fear': 0.004623902961611748, 'joy': 0.0002835409832186997, 'neutral': 0.0029478997457772493, 'sadness': 0.0060944585129618645, 'surprise': 0.0006034699035808444}","{'anger': 0.03385303542017937, 'disgust': 0.013372614979743958, 'fear': 0.03977262228727341, 'joy': 0.5081714391708374, 'neutral': 0.33896851539611816, 'sadness': 0.018687745556235313, 'surprise': 0.04717400670051575}","{'anger': 0.021758833900094032, 'disgust': 0.004351843614131212, 'fear': 0.0823751762509346, 'joy': 0.04415713995695114, 'neutral': 0.8091225624084473, 'sadness': 0.015607485547661781, 'surprise': 0.022626960650086403}","{'anger': 0.01961125247180462, 'disgust': 0.027625618502497673, 'fear': 0.004496540874242783, 'joy': 0.0028750277124345303, 'neutral': 0.061763469129800797, 'sadness': 0.8810729384422302, 'surprise': 0.0025552520528435707}",0.02441732051159362,0.009069628751126713,0.037783032022410956
context_425,"{'anger': 0.0007237769896164536, 'disgust': 0.0022636784706264734, 'fear': 0.0019862730987370014, 'joy': 0.0009548511006869376, 'neutral': 0.0053864410147070885, 'sadness': 0.9866116046905518, 'surprise': 0.00207342067733407}","{'anger': 0.02361750416457653, 'disgust': 0.011919032782316208, 'fear': 0.009315071627497673, 'joy': 0.001299300347454846, 'neutral': 0.02446145750582218, 'sadness': 0.9251867532730103, 'surprise': 0.0042008706368505955}","{'anger': 0.01680285483598709, 'disgust': 0.0017890922026708722, 'fear': 0.15393252670764923, 'joy': 0.006610642187297344, 'neutral': 0.005205497145652771, 'sadness': 0.8114848732948303, 'surprise': 0.004174493718892336}","{'anger': 0.005639188922941685, 'disgust': 0.002646110253408551, 'fear': 0.38765841722488403, 'joy': 0.001997845247387886, 'neutral': 0.006617107894271612, 'sadness': 0.011941889300942421, 'surprise': 0.5834994316101074}",0.9993818268793797,0.9826364313446647,0.019975101408633344
context_426,"{'anger': 0.8023386001586914, 'disgust': 0.017456233501434326, 'fear': 0.002866144524887204, 'joy': 0.001341882161796093, 'neutral': 0.017108211293816566, 'sadness': 0.15627209842205048, 'surprise': 0.0026167691685259342}","{'anger': 0.9749473929405212, 'disgust': 0.0035382742062211037, 'fear': 0.003712359117344022, 'joy': 0.0006169271073304117, 'neutral': 0.007419781293720007, 'sadness': 0.008076398633420467, 'surprise': 0.0016888284590095282}","{'anger': 0.8881943225860596, 'disgust': 0.012892805971205235, 'fear': 0.005710684694349766, 'joy': 0.001114476122893393, 'neutral': 0.06826291978359222, 'sadness': 0.021963849663734436, 'surprise': 0.001860824297182262}","{'anger': 0.9725589752197266, 'disgust': 0.003966829273849726, 'fear': 0.0014212570386007428, 'joy': 0.00087253178935498, 'neutral': 0.009320156648755074, 'sadness': 0.010842137970030308, 'surprise': 0.0010180594399571419}",0.9828665807577064,0.984448981886335,0.9834157982290596
context_427,"{'anger': 0.0030277923215180635, 'disgust': 0.005681302864104509, 'fear': 0.021119043231010437, 'joy': 0.0014640497975051403, 'neutral': 0.008290615864098072, 'sadness': 0.9591261148452759, 'surprise': 0.0012911276426166296}","{'anger': 0.07826943695545197, 'disgust': 0.02380559779703617, 'fear': 0.5928718447685242, 'joy': 0.0029370521660894156, 'neutral': 0.21879693865776062, 'sadness': 0.06733216345310211, 'surprise': 0.015986863523721695}","{'anger': 0.009458535350859165, 'disgust': 0.007866818457841873, 'fear': 0.03200729191303253, 'joy': 0.02831638976931572, 'neutral': 0.883641242980957, 'sadness': 0.020511602982878685, 'surprise': 0.018198097124695778}","{'anger': 0.004805317614227533, 'disgust': 0.019647516310214996, 'fear': 0.03918323665857315, 'joy': 0.01611388474702835, 'neutral': 0.29603111743927, 'sadness': 0.6166932582855225, 'surprise': 0.007525668479502201}",0.1289687631692975,0.03275007966828103,0.9042999352352037
context_428,"{'anger': 0.0025344055611640215, 'disgust': 0.003542789490893483, 'fear': 0.9187719821929932, 'joy': 0.001502500963397324, 'neutral': 0.007185851223766804, 'sadness': 0.06519678235054016, 'surprise': 0.0012656757608056068}","{'anger': 0.010120727121829987, 'disgust': 0.004409942775964737, 'fear': 0.8815357685089111, 'joy': 0.0065462831407785416, 'neutral': 0.08359037339687347, 'sadness': 0.008767936378717422, 'surprise': 0.00502895237877965}","{'anger': 0.012693229131400585, 'disgust': 0.0015658305492252111, 'fear': 0.9540303945541382, 'joy': 0.006792417727410793, 'neutral': 0.0189962238073349, 'sadness': 0.0026148671749979258, 'surprise': 0.003307180944830179}","{'anger': 0.005158808082342148, 'disgust': 0.03185606002807617, 'fear': 0.6231232285499573, 'joy': 0.010917541570961475, 'neutral': 0.20061348378658295, 'sadness': 0.12103909999132156, 'surprise': 0.007291822228580713}",0.9943322368752722,0.9975342516730369,0.947799830060341
context_429,"{'anger': 0.9810264706611633, 'disgust': 0.004811545368283987, 'fear': 0.004910067655146122, 'joy': 0.0004597622901201248, 'neutral': 0.004078976809978485, 'sadness': 0.003383238799870014, 'surprise': 0.0013298988342285156}","{'anger': 0.867752730846405, 'disgust': 0.03089907579123974, 'fear': 0.025907069444656372, 'joy': 0.0013639015378430486, 'neutral': 0.06379962712526321, 'sadness': 0.007810947485268116, 'surprise': 0.002466618549078703}","{'anger': 0.005027205217629671, 'disgust': 0.0015747417928650975, 'fear': 0.8970038890838623, 'joy': 0.0033633378334343433, 'neutral': 0.009149321354925632, 'sadness': 0.0025682265404611826, 'surprise': 0.08131323754787445}","{'anger': 0.022904222831130028, 'disgust': 0.013820609077811241, 'fear': 0.07809329777956009, 'joy': 0.01668899692595005, 'neutral': 0.8295739889144897, 'sadness': 0.036502715200185776, 'surprise': 0.002416125498712063}",0.9968164377298911,0.010749638559583108,0.032287002073878024
context_430,"{'anger': 0.40219175815582275, 'disgust': 0.0507270023226738, 'fear': 0.0048975409008562565, 'joy': 0.0022991972509771585, 'neutral': 0.014151384122669697, 'sadness': 0.5220009684562683, 'surprise': 0.003732131328433752}","{'anger': 0.09385158866643906, 'disgust': 0.07652819901704788, 'fear': 0.02941777929663658, 'joy': 0.007494201883673668, 'neutral': 0.3760184645652771, 'sadness': 0.4142707884311676, 'surprise': 0.0024189238902181387}","{'anger': 0.004558112006634474, 'disgust': 0.009635081514716148, 'fear': 0.910971462726593, 'joy': 0.0018624223303049803, 'neutral': 0.019073855131864548, 'sadness': 0.04714777320623398, 'surprise': 0.00675125140696764}","{'anger': 0.8363626003265381, 'disgust': 0.02870931476354599, 'fear': 0.043902065604925156, 'joy': 0.0021754284389317036, 'neutral': 0.06130676344037056, 'sadness': 0.026465415954589844, 'surprise': 0.0010783595498651266}",0.6949602315152029,0.05253937465184033,0.6346907986316189
context_431,"{'anger': 0.16946369409561157, 'disgust': 0.1310163289308548, 'fear': 0.06372920423746109, 'joy': 0.00613759970292449, 'neutral': 0.5218576788902283, 'sadness': 0.10259340703487396, 'surprise': 0.005202000495046377}","{'anger': 0.01781301014125347, 'disgust': 0.015775175765156746, 'fear': 0.7586277723312378, 'joy': 0.00746508501470089, 'neutral': 0.1706784963607788, 'sadness': 0.009050844237208366, 'surprise': 0.02058958075940609}","{'anger': 0.0494406633079052, 'disgust': 0.012726775370538235, 'fear': 0.004638860002160072, 'joy': 0.10398391634225845, 'neutral': 0.8089615106582642, 'sadness': 0.008795102126896381, 'surprise': 0.011453211307525635}","{'anger': 0.020038167014718056, 'disgust': 0.023591626435518265, 'fear': 0.4474644958972931, 'joy': 0.005443366710096598, 'neutral': 0.4858672022819519, 'sadness': 0.014003935270011425, 'surprise': 0.0035911763552576303}",0.319750791766225,0.9205478989235566,0.7600559305520187
context_432,"{'anger': 0.47081679105758667, 'disgust': 0.41938430070877075, 'fear': 0.011414364911615849, 'joy': 0.002994934795424342, 'neutral': 0.025661850348114967, 'sadness': 0.0645604282617569, 'surprise': 0.005167264956980944}","{'anger': 0.44900673627853394, 'disgust': 0.08053765445947647, 'fear': 0.16568320989608765, 'joy': 0.0064843944273889065, 'neutral': 0.2753300666809082, 'sadness': 0.017929883673787117, 'surprise': 0.0050281137228012085}","{'anger': 0.07717789709568024, 'disgust': 0.03175324201583862, 'fear': 0.4074849486351013, 'joy': 0.005470569711178541, 'neutral': 0.3912490904331207, 'sadness': 0.07384079694747925, 'surprise': 0.013023491948843002}","{'anger': 0.022617708891630173, 'disgust': 0.03006744757294655, 'fear': 0.2549341917037964, 'joy': 0.015725772827863693, 'neutral': 0.6609225273132324, 'sadness': 0.013414684683084488, 'surprise': 0.002317626029253006}",0.7207900124735916,0.189354499743683,0.09783901553975816
context_433,"{'anger': 0.10631668567657471, 'disgust': 0.5413907170295715, 'fear': 0.011115800589323044, 'joy': 0.08574090152978897, 'neutral': 0.15098018944263458, 'sadness': 0.0849001556634903, 'surprise': 0.01955556310713291}","{'anger': 0.02045808732509613, 'disgust': 0.010961283929646015, 'fear': 0.014448212459683418, 'joy': 0.006777258589863777, 'neutral': 0.9206028580665588, 'sadness': 0.005754472687840462, 'surprise': 0.02099788561463356}","{'anger': 0.1377461552619934, 'disgust': 0.0023251823149621487, 'fear': 0.023485679179430008, 'joy': 0.018177758902311325, 'neutral': 0.06819428503513336, 'sadness': 0.7440446019172668, 'surprise': 0.006026340648531914}","{'anger': 0.020598743110895157, 'disgust': 0.336254745721817, 'fear': 0.17167918384075165, 'joy': 0.005877521820366383, 'neutral': 0.2453944832086563, 'sadness': 0.20653238892555237, 'surprise': 0.013662930577993393}",0.2759668405110811,0.20525719152754773,0.8321686644375134
context_434,"{'anger': 0.020079348236322403, 'disgust': 0.03344054892659187, 'fear': 0.042664866894483566, 'joy': 0.009492137469351292, 'neutral': 0.48452216386795044, 'sadness': 0.016684971749782562, 'surprise': 0.3931158781051636}","{'anger': 0.04222307354211807, 'disgust': 0.03330468013882637, 'fear': 0.09915681928396225, 'joy': 0.021502701565623283, 'neutral': 0.7750553488731384, 'sadness': 0.00924807321280241, 'surprise': 0.019509349018335342}","{'anger': 0.00677711283788085, 'disgust': 0.0029092899058014154, 'fear': 0.020262669771909714, 'joy': 0.0291226115077734, 'neutral': 0.814300537109375, 'sadness': 0.005916567984968424, 'surprise': 0.12071125209331512}","{'anger': 0.0010255465749651194, 'disgust': 0.0014182900777086616, 'fear': 0.9824345707893372, 'joy': 0.0017573374789208174, 'neutral': 0.009142056107521057, 'sadness': 0.002904268680140376, 'surprise': 0.0013180648675188422}",0.7931806019619138,0.8584758029794237,0.07630174003199353
context_435,"{'anger': 0.010601826012134552, 'disgust': 0.07521472126245499, 'fear': 0.06002192571759224, 'joy': 0.004832316190004349, 'neutral': 0.1568475216627121, 'sadness': 0.6640118956565857, 'surprise': 0.02846977300941944}","{'anger': 0.005945123266428709, 'disgust': 0.04132791981101036, 'fear': 0.026631414890289307, 'joy': 0.004462703131139278, 'neutral': 0.43622025847435, 'sadness': 0.47791507840156555, 'surprise': 0.007497518323361874}","{'anger': 0.005398169159889221, 'disgust': 0.0027953300159424543, 'fear': 0.3055257499217987, 'joy': 0.011816163547337055, 'neutral': 0.4124247133731842, 'sadness': 0.2011706382036209, 'surprise': 0.06086919456720352}","{'anger': 0.02106223814189434, 'disgust': 0.07747738808393478, 'fear': 0.3759680986404419, 'joy': 0.005313754081726074, 'neutral': 0.2792380750179291, 'sadness': 0.22836624085903168, 'surprise': 0.01257421262562275}",0.8729463486742249,0.5714421392484332,0.61703519739428
context_436,"{'anger': 0.07946367561817169, 'disgust': 0.10001475363969803, 'fear': 0.6663134098052979, 'joy': 0.0025635231286287308, 'neutral': 0.05696726590394974, 'sadness': 0.033794108778238297, 'surprise': 0.060883257538080215}","{'anger': 0.28369539976119995, 'disgust': 0.07154455780982971, 'fear': 0.19910047948360443, 'joy': 0.03170599788427353, 'neutral': 0.3694459795951843, 'sadness': 0.03784259408712387, 'surprise': 0.0066649760119616985}","{'anger': 0.05175319314002991, 'disgust': 0.2950855493545532, 'fear': 0.04624251648783684, 'joy': 0.012851445004343987, 'neutral': 0.5287484526634216, 'sadness': 0.012375324964523315, 'surprise': 0.05294346809387207}","{'anger': 0.07674600929021835, 'disgust': 0.027129748836159706, 'fear': 0.44234800338745117, 'joy': 0.017037663608789444, 'neutral': 0.39269840717315674, 'sadness': 0.04131801053881645, 'surprise': 0.0027221357449889183}",0.5263785548787063,0.23451841296530418,0.7992715558859921
context_437,"{'anger': 0.029902707785367966, 'disgust': 0.012220203876495361, 'fear': 0.919559121131897, 'joy': 0.001288381521590054, 'neutral': 0.02609209157526493, 'sadness': 0.00783489365130663, 'surprise': 0.003102684859186411}","{'anger': 0.41027596592903137, 'disgust': 0.021068958565592766, 'fear': 0.49016860127449036, 'joy': 0.001584931742399931, 'neutral': 0.0577247254550457, 'sadness': 0.014334370382130146, 'surprise': 0.004842549096792936}","{'anger': 0.09605508297681808, 'disgust': 0.016443908214569092, 'fear': 0.38028818368911743, 'joy': 0.0041016326285898685, 'neutral': 0.4391433596611023, 'sadness': 0.05417627468705177, 'surprise': 0.009791620075702667}","{'anger': 0.007299485150724649, 'disgust': 0.0051131402142345905, 'fear': 0.8897505402565002, 'joy': 0.003503582440316677, 'neutral': 0.07648930698633194, 'sadness': 0.014594781212508678, 'surprise': 0.0032490999437868595}",0.7862399754289274,0.6696399779293236,0.9979970879340607
context_438,"{'anger': 0.006398733239620924, 'disgust': 0.0034460045862942934, 'fear': 0.9595007300376892, 'joy': 0.0016857540467754006, 'neutral': 0.014067605137825012, 'sadness': 0.009106701239943504, 'surprise': 0.005794473458081484}","{'anger': 0.00920281931757927, 'disgust': 0.0277817752212286, 'fear': 0.014559031464159489, 'joy': 0.003828279906883836, 'neutral': 0.9341625571250916, 'sadness': 0.007494343910366297, 'surprise': 0.0029710689559578896}","{'anger': 0.07395999133586884, 'disgust': 0.0004899480263702571, 'fear': 0.9075106382369995, 'joy': 0.0044746254570782185, 'neutral': 0.0038037742488086224, 'sadness': 0.007923370227217674, 'surprise': 0.0018377247033640742}","{'anger': 0.01921214908361435, 'disgust': 0.05780902877449989, 'fear': 0.16124606132507324, 'joy': 0.014386490918695927, 'neutral': 0.6941325664520264, 'sadness': 0.04864916205406189, 'surprise': 0.004564602393656969}",0.03049536487859217,0.9971427403446068,0.24021273683515998
context_439,"{'anger': 0.5106725096702576, 'disgust': 0.01392624992877245, 'fear': 0.10292066633701324, 'joy': 0.0039728679694235325, 'neutral': 0.10849575698375702, 'sadness': 0.185903400182724, 'surprise': 0.07410848885774612}","{'anger': 0.0029461488593369722, 'disgust': 0.00918319821357727, 'fear': 0.005183568689972162, 'joy': 0.002408046741038561, 'neutral': 0.02570580132305622, 'sadness': 0.9521575570106506, 'surprise': 0.0024155944120138884}","{'anger': 0.031222263351082802, 'disgust': 0.02431410923600197, 'fear': 0.0018492868402972817, 'joy': 0.001297177281230688, 'neutral': 0.036450792104005814, 'sadness': 0.9017249345779419, 'surprise': 0.0031414139084517956}","{'anger': 0.011671820655465126, 'disgust': 0.037222862243652344, 'fear': 0.18434597551822662, 'joy': 0.005116484593600035, 'neutral': 0.5784950852394104, 'sadness': 0.1787271946668625, 'surprise': 0.004420509096235037}",0.3362474928753766,0.3665402913058917,0.3377061831258612
context_440,"{'anger': 0.04612376168370247, 'disgust': 0.0334889180958271, 'fear': 0.036869022995233536, 'joy': 0.007466027047485113, 'neutral': 0.7550977468490601, 'sadness': 0.11757716536521912, 'surprise': 0.0033773595932871103}","{'anger': 0.4561561644077301, 'disgust': 0.0352761447429657, 'fear': 0.28151068091392517, 'joy': 0.005375547334551811, 'neutral': 0.12647093832492828, 'sadness': 0.0883575826883316, 'surprise': 0.006852901540696621}","{'anger': 0.02707902155816555, 'disgust': 0.02098507434129715, 'fear': 0.5272207260131836, 'joy': 0.003356178989633918, 'neutral': 0.3326660394668579, 'sadness': 0.08243288099765778, 'surprise': 0.006260153837502003}","{'anger': 0.009959491901099682, 'disgust': 0.015463445335626602, 'fear': 0.009230127558112144, 'joy': 0.02775472402572632, 'neutral': 0.9294655919075012, 'sadness': 0.005773496814072132, 'surprise': 0.002353185322135687}",0.3230578877404051,0.5842624913650133,0.9865589773557404
context_441,"{'anger': 0.02158178761601448, 'disgust': 0.056977689266204834, 'fear': 0.014392079785466194, 'joy': 0.004823989234864712, 'neutral': 0.20844531059265137, 'sadness': 0.687036395072937, 'surprise': 0.00674275541678071}","{'anger': 0.003899539355188608, 'disgust': 0.006956757511943579, 'fear': 0.008262023329734802, 'joy': 0.009321554563939571, 'neutral': 0.08849966526031494, 'sadness': 0.8789780735969543, 'surprise': 0.004082453902810812}","{'anger': 0.02065834030508995, 'disgust': 0.03257908299565315, 'fear': 0.022974878549575806, 'joy': 0.004017851781100035, 'neutral': 0.18935956060886383, 'sadness': 0.7176701426506042, 'surprise': 0.012740164063870907}","{'anger': 0.020488057285547256, 'disgust': 0.0571325309574604, 'fear': 0.027228331193327904, 'joy': 0.020330622792243958, 'neutral': 0.5692408084869385, 'sadness': 0.3015800714492798, 'surprise': 0.003999585751444101}",0.9783316122765788,0.998618253456209,0.7067807399205094
context_442,"{'anger': 0.8686074614524841, 'disgust': 0.011009234003722668, 'fear': 0.05102738365530968, 'joy': 0.002083346014842391, 'neutral': 0.014436457306146622, 'sadness': 0.03624860942363739, 'surprise': 0.016587452962994576}","{'anger': 0.05250436067581177, 'disgust': 0.02827482484281063, 'fear': 0.3765522837638855, 'joy': 0.16051043570041656, 'neutral': 0.3414038419723511, 'sadness': 0.02991553768515587, 'surprise': 0.010838715359568596}","{'anger': 0.007060870062559843, 'disgust': 0.0024782370310276747, 'fear': 0.9417569637298584, 'joy': 0.0021884613670408726, 'neutral': 0.03841664642095566, 'sadness': 0.005353517830371857, 'surprise': 0.0027450791094452143}","{'anger': 0.03213648498058319, 'disgust': 0.025035254657268524, 'fear': 0.27575182914733887, 'joy': 0.004408833105117083, 'neutral': 0.6331430077552795, 'sadness': 0.0252913236618042, 'surprise': 0.004233214538544416}",0.15308676668960886,0.06699331423371857,0.08687703469569608
context_443,"{'anger': 0.4634687900543213, 'disgust': 0.09443599730730057, 'fear': 0.045378487557172775, 'joy': 0.002919224789366126, 'neutral': 0.03280758112668991, 'sadness': 0.3525488078594208, 'surprise': 0.008441008627414703}","{'anger': 0.017471754923462868, 'disgust': 0.027993803843855858, 'fear': 0.01086576096713543, 'joy': 0.005802778992801905, 'neutral': 0.5813472867012024, 'sadness': 0.3434581160545349, 'surprise': 0.013060499913990498}","{'anger': 0.010630385018885136, 'disgust': 0.003893542569130659, 'fear': 0.2741084694862366, 'joy': 0.15446722507476807, 'neutral': 0.5357738733291626, 'sadness': 0.009847352281212807, 'surprise': 0.011279158294200897}","{'anger': 0.017394255846738815, 'disgust': 0.06141958385705948, 'fear': 0.04870762303471565, 'joy': 0.014076367020606995, 'neutral': 0.582309365272522, 'sadness': 0.2711860239505768, 'surprise': 0.004906761460006237}",0.3780558598007231,0.10675612891543351,0.3410120199198676
context_444,"{'anger': 0.03467709198594093, 'disgust': 0.026633698493242264, 'fear': 0.040759820491075516, 'joy': 0.002712743356823921, 'neutral': 0.03210632875561714, 'sadness': 0.8596066236495972, 'surprise': 0.0035036993212997913}","{'anger': 0.006118816789239645, 'disgust': 0.0043884143233299255, 'fear': 0.0019057957688346505, 'joy': 0.007701205089688301, 'neutral': 0.9568213820457458, 'sadness': 0.003328246995806694, 'surprise': 0.019736114889383316}","{'anger': 0.03834095224738121, 'disgust': 0.03328420966863632, 'fear': 0.22443965077400208, 'joy': 0.012133698910474777, 'neutral': 0.1189875528216362, 'sadness': 0.5430388450622559, 'surprise': 0.029775118455290794}","{'anger': 0.004005273338407278, 'disgust': 0.014578470960259438, 'fear': 0.020694324746727943, 'joy': 0.04124113917350769, 'neutral': 0.5154829621315002, 'sadness': 0.39384910464286804, 'surprise': 0.010148684494197369}",0.04129171242623897,0.9279583706763075,0.6356697059986248
context_445,"{'anger': 0.019529445096850395, 'disgust': 0.021318061277270317, 'fear': 0.026795994490385056, 'joy': 0.003549921326339245, 'neutral': 0.06161374971270561, 'sadness': 0.8607388734817505, 'surprise': 0.006453913636505604}","{'anger': 0.08288060128688812, 'disgust': 0.02639905922114849, 'fear': 0.2957153022289276, 'joy': 0.006323415786027908, 'neutral': 0.4764458239078522, 'sadness': 0.05263813957571983, 'surprise': 0.05959758535027504}","{'anger': 0.17659401893615723, 'disgust': 0.01226078625768423, 'fear': 0.031219610944390297, 'joy': 0.01328369788825512, 'neutral': 0.7487327456474304, 'sadness': 0.01288602128624916, 'surprise': 0.00502306642010808}","{'anger': 0.028671694919466972, 'disgust': 0.015733754262328148, 'fear': 0.010299114510416985, 'joy': 0.007257121615111828, 'neutral': 0.9275487661361694, 'sadness': 0.00865880772471428, 'surprise': 0.0018307206919416785}",0.17206006084323566,0.0929524313837401,0.082070431722295
context_446,"{'anger': 0.0012476904084905982, 'disgust': 0.0011065093567594886, 'fear': 0.987409234046936, 'joy': 0.002604649169370532, 'neutral': 0.00374852423556149, 'sadness': 0.0030080967117100954, 'surprise': 0.0008753326255828142}","{'anger': 0.003116565989330411, 'disgust': 0.0013655486982315779, 'fear': 0.9644999504089355, 'joy': 0.001135575002990663, 'neutral': 0.003828664543107152, 'sadness': 0.003491869894787669, 'surprise': 0.022561734542250633}","{'anger': 0.008101033046841621, 'disgust': 0.002271875971928239, 'fear': 0.007104130927473307, 'joy': 0.6620863080024719, 'neutral': 0.21007628738880157, 'sadness': 0.00808288250118494, 'surprise': 0.1022774949669838}","{'anger': 0.009537465870380402, 'disgust': 0.02218463644385338, 'fear': 0.04426135495305061, 'joy': 0.09094349294900894, 'neutral': 0.8166175484657288, 'sadness': 0.01360827311873436, 'surprise': 0.0028472007252275944}",0.9997436404644378,0.013921282940545843,0.057913031834357365
context_447,"{'anger': 0.0063094389624893665, 'disgust': 0.013218450360000134, 'fear': 0.0035482440143823624, 'joy': 0.016631072387099266, 'neutral': 0.020769350230693817, 'sadness': 0.9380180239677429, 'surprise': 0.0015054388204589486}","{'anger': 0.013449512422084808, 'disgust': 0.050076473504304886, 'fear': 0.03318927064538002, 'joy': 0.0030466532334685326, 'neutral': 0.1900511384010315, 'sadness': 0.7047168016433716, 'surprise': 0.005470126401633024}","{'anger': 0.03261832892894745, 'disgust': 0.01729668863117695, 'fear': 0.01667792908847332, 'joy': 0.018469462171196938, 'neutral': 0.8882827162742615, 'sadness': 0.024124016985297203, 'surprise': 0.002530931495130062}","{'anger': 0.035339899361133575, 'disgust': 0.04544657841324806, 'fear': 0.0057681286707520485, 'joy': 0.010602617636322975, 'neutral': 0.8756905198097229, 'sadness': 0.02442920207977295, 'surprise': 0.0027229879051446915}",0.9686272388449999,0.0501570211021225,0.05112358875241485
context_448,"{'anger': 0.001278847805224359, 'disgust': 0.0010832046391442418, 'fear': 0.9833787083625793, 'joy': 0.0009599722689017653, 'neutral': 0.002558598294854164, 'sadness': 0.008552680723369122, 'surprise': 0.002187991514801979}","{'anger': 0.015823420137166977, 'disgust': 0.006323228590190411, 'fear': 0.7174928784370422, 'joy': 0.04660094901919365, 'neutral': 0.16979919373989105, 'sadness': 0.035493966192007065, 'surprise': 0.008466266095638275}","{'anger': 0.006453747395426035, 'disgust': 0.0045176222920417786, 'fear': 0.8410806059837341, 'joy': 0.009284170344471931, 'neutral': 0.11655359715223312, 'sadness': 0.01595265232026577, 'surprise': 0.006157694384455681}","{'anger': 0.0017109845066443086, 'disgust': 0.0034164434764534235, 'fear': 0.9684992432594299, 'joy': 0.0036802419926971197, 'neutral': 0.01679067499935627, 'sadness': 0.004449158441275358, 'surprise': 0.0014531762572005391}",0.9708374407437751,0.9907496308723618,0.9998757572677812
context_449,"{'anger': 0.6125487685203552, 'disgust': 0.24322135746479034, 'fear': 0.05821660906076431, 'joy': 0.001256067305803299, 'neutral': 0.05927586182951927, 'sadness': 0.020586315542459488, 'surprise': 0.004895057529211044}","{'anger': 0.03876877576112747, 'disgust': 0.023806924000382423, 'fear': 0.47896578907966614, 'joy': 0.011450168676674366, 'neutral': 0.38549256324768066, 'sadness': 0.05471690371632576, 'surprise': 0.006798869464546442}","{'anger': 0.008816295303404331, 'disgust': 0.0052495356649160385, 'fear': 0.6947962045669556, 'joy': 0.01278421189635992, 'neutral': 0.24816776812076569, 'sadness': 0.025233056396245956, 'surprise': 0.004952904302626848}","{'anger': 0.028802087530493736, 'disgust': 0.049037300050258636, 'fear': 0.29130494594573975, 'joy': 0.008312336169183254, 'neutral': 0.595872700214386, 'sadness': 0.022140691056847572, 'surprise': 0.004529875703155994}",0.19794868401422105,0.12713921015432494,0.1859772895280205
context_450,"{'anger': 0.01948024518787861, 'disgust': 0.0025014581624418497, 'fear': 0.8924393653869629, 'joy': 0.008216680958867073, 'neutral': 0.035487812012434006, 'sadness': 0.0331018790602684, 'surprise': 0.008772440254688263}","{'anger': 0.025806264951825142, 'disgust': 0.012712335214018822, 'fear': 0.04384920373558998, 'joy': 0.05355970188975334, 'neutral': 0.8520979881286621, 'sadness': 0.008350576274096966, 'surprise': 0.0036239309702068567}","{'anger': 0.09544847905635834, 'disgust': 0.005654723383486271, 'fear': 0.1241334080696106, 'joy': 0.0634356141090393, 'neutral': 0.6735996007919312, 'sadness': 0.014826378785073757, 'surprise': 0.02290176786482334}","{'anger': 0.012047089636325836, 'disgust': 0.0669175386428833, 'fear': 0.009036476723849773, 'joy': 0.1586553007364273, 'neutral': 0.7354560494422913, 'sadness': 0.014137978665530682, 'surprise': 0.0037495307624340057}",0.09238227960084755,0.22171741751208307,0.05383644486719308
context_451,"{'anger': 0.9751059412956238, 'disgust': 0.005701365415006876, 'fear': 0.006167320534586906, 'joy': 0.000628189998678863, 'neutral': 0.004858710337430239, 'sadness': 0.006939017213881016, 'surprise': 0.0005994418752379715}","{'anger': 0.20692601799964905, 'disgust': 0.03809325769543648, 'fear': 0.08504576236009598, 'joy': 0.12604966759681702, 'neutral': 0.4369611144065857, 'sadness': 0.0788797065615654, 'surprise': 0.028044456616044044}","{'anger': 0.04279967397451401, 'disgust': 0.003367610741406679, 'fear': 0.44398659467697144, 'joy': 0.011452998965978622, 'neutral': 0.10185159742832184, 'sadness': 0.01634117029607296, 'surprise': 0.3802003860473633}","{'anger': 0.5424469709396362, 'disgust': 0.027293208986520767, 'fear': 0.020658083260059357, 'joy': 0.006425315979868174, 'neutral': 0.37964099645614624, 'sadness': 0.02230883575975895, 'surprise': 0.0012265883851796389}",0.40866889946465457,0.0781031635856485,0.821161586809819
context_452,"{'anger': 0.7011585831642151, 'disgust': 0.16420231759548187, 'fear': 0.053693097084760666, 'joy': 0.0009827811736613512, 'neutral': 0.06563141942024231, 'sadness': 0.011896380223333836, 'surprise': 0.002435457194224}","{'anger': 0.00672236317768693, 'disgust': 0.019056083634495735, 'fear': 0.015076853334903717, 'joy': 0.05772896856069565, 'neutral': 0.17751039564609528, 'sadness': 0.7158068418502808, 'surprise': 0.008098461665213108}","{'anger': 0.02030322700738907, 'disgust': 0.06279122829437256, 'fear': 0.017515383660793304, 'joy': 0.011350147426128387, 'neutral': 0.42991259694099426, 'sadness': 0.4470765292644501, 'surprise': 0.011050828732550144}","{'anger': 0.013335952535271645, 'disgust': 0.048369456082582474, 'fear': 0.11635608971118927, 'joy': 0.01590123400092125, 'neutral': 0.5920267105102539, 'sadness': 0.2102784663438797, 'surprise': 0.003732096403837204}",0.053825710509547986,0.1304690615160231,0.1396344746328294
context_453,"{'anger': 0.06412781774997711, 'disgust': 0.5560564398765564, 'fear': 0.22656534612178802, 'joy': 0.0027427421882748604, 'neutral': 0.05796988308429718, 'sadness': 0.08229051530361176, 'surprise': 0.010247272439301014}","{'anger': 0.08994172513484955, 'disgust': 0.014569253660738468, 'fear': 0.09427162259817123, 'joy': 0.18546274304389954, 'neutral': 0.2751927077770233, 'sadness': 0.014079648070037365, 'surprise': 0.32648223638534546}","{'anger': 0.031409043818712234, 'disgust': 0.021373748779296875, 'fear': 0.009418199770152569, 'joy': 0.029145976528525352, 'neutral': 0.8917585611343384, 'sadness': 0.012219724245369434, 'surprise': 0.004674697760492563}","{'anger': 0.017208511009812355, 'disgust': 0.028821945190429688, 'fear': 0.004482737276703119, 'joy': 0.1268450766801834, 'neutral': 0.6230342388153076, 'sadness': 0.19070932269096375, 'surprise': 0.008898178115487099}",0.18968369073685087,0.12591666180165728,0.17296342332527725
context_454,"{'anger': 0.001498857862316072, 'disgust': 0.00784246250987053, 'fear': 0.05807046219706535, 'joy': 0.0026190862990915775, 'neutral': 0.018496457487344742, 'sadness': 0.9074432849884033, 'surprise': 0.004029459320008755}","{'anger': 0.0125548942014575, 'disgust': 0.005979849956929684, 'fear': 0.015831682831048965, 'joy': 0.6884508728981018, 'neutral': 0.12035629898309708, 'sadness': 0.1427886188030243, 'surprise': 0.014037706889212132}","{'anger': 0.0013804011978209019, 'disgust': 0.00487438915297389, 'fear': 0.008069086819887161, 'joy': 0.003618096699938178, 'neutral': 0.04766297712922096, 'sadness': 0.9298566579818726, 'surprise': 0.004538484383374453}","{'anger': 0.001587974140420556, 'disgust': 0.0024201939813792706, 'fear': 0.9633328318595886, 'joy': 0.002307394053786993, 'neutral': 0.021640753373503685, 'sadness': 0.007317206356674433, 'surprise': 0.0013934806920588017}",0.20739689234023584,0.9979948743230465,0.07189825414963358
context_455,"{'anger': 0.02457396127283573, 'disgust': 0.09073986113071442, 'fear': 0.07266128063201904, 'joy': 0.0013191840844228864, 'neutral': 0.047767892479896545, 'sadness': 0.7514883279800415, 'surprise': 0.01144954189658165}","{'anger': 0.006613677833229303, 'disgust': 0.010904325172305107, 'fear': 0.0056952983140945435, 'joy': 0.02266821824014187, 'neutral': 0.9387788772583008, 'sadness': 0.003576223971322179, 'surprise': 0.011763341724872589}","{'anger': 0.0011440383968874812, 'disgust': 0.0013122751843184233, 'fear': 0.002554180333390832, 'joy': 0.005434316582977772, 'neutral': 0.012394821271300316, 'sadness': 0.9699315428733826, 'surprise': 0.00722885224968195}","{'anger': 0.0033471251372247934, 'disgust': 0.014285110868513584, 'fear': 0.10156794637441635, 'joy': 0.0048339758068323135, 'neutral': 0.04919363185763359, 'sadness': 0.7523522973060608, 'surprise': 0.07441991567611694}",0.06879291933683163,0.9869206745004689,0.9904724627106065
context_456,"{'anger': 0.0634595975279808, 'disgust': 0.006515910848975182, 'fear': 0.14171986281871796, 'joy': 0.009086383506655693, 'neutral': 0.00930857378989458, 'sadness': 0.7678395509719849, 'surprise': 0.0020701538305729628}","{'anger': 0.04267581179738045, 'disgust': 0.10798802226781845, 'fear': 0.13355563580989838, 'joy': 0.010175200179219246, 'neutral': 0.5168930888175964, 'sadness': 0.1688510626554489, 'surprise': 0.019861171022057533}","{'anger': 0.008856648579239845, 'disgust': 0.0024690364953130484, 'fear': 0.17478717863559723, 'joy': 0.6463064551353455, 'neutral': 0.103435218334198, 'sadness': 0.011325618252158165, 'surprise': 0.052819814532995224}","{'anger': 0.020394304767251015, 'disgust': 0.024245932698249817, 'fear': 0.02742764912545681, 'joy': 0.018000559881329536, 'neutral': 0.8942575454711914, 'sadness': 0.013137816451489925, 'surprise': 0.002536072861403227}",0.3499925532534154,0.07697022973311785,0.034090724649006976
context_457,"{'anger': 0.022059215232729912, 'disgust': 0.024669434875249863, 'fear': 0.21796974539756775, 'joy': 0.0034851699601858854, 'neutral': 0.0526169091463089, 'sadness': 0.6592538952827454, 'surprise': 0.019945615902543068}","{'anger': 0.009293806739151478, 'disgust': 0.010434919036924839, 'fear': 0.0025592921301722527, 'joy': 0.15998944640159607, 'neutral': 0.8001218438148499, 'sadness': 0.007376907858997583, 'surprise': 0.010223685763776302}","{'anger': 0.3037964105606079, 'disgust': 0.01104950811713934, 'fear': 0.10992498695850372, 'joy': 0.013317160308361053, 'neutral': 0.4908507466316223, 'sadness': 0.0184926800429821, 'surprise': 0.0525684580206871}","{'anger': 0.021701408550143242, 'disgust': 0.023602008819580078, 'fear': 0.05678301304578781, 'joy': 0.009023510850965977, 'neutral': 0.8632321953773499, 'sadness': 0.021808544173836708, 'surprise': 0.0038493964821100235}",0.08563401508248791,0.17008343302613782,0.12143383121006157
context_458,"{'anger': 0.286825954914093, 'disgust': 0.23325982689857483, 'fear': 0.02991514652967453, 'joy': 0.006722159683704376, 'neutral': 0.3478752374649048, 'sadness': 0.01886872947216034, 'surprise': 0.07653291523456573}","{'anger': 0.059042174369096756, 'disgust': 0.017429713159799576, 'fear': 0.5658705234527588, 'joy': 0.008190318010747433, 'neutral': 0.30804407596588135, 'sadness': 0.0354442298412323, 'surprise': 0.005978972651064396}","{'anger': 0.002886928152292967, 'disgust': 0.0014081173576414585, 'fear': 0.9726223349571228, 'joy': 0.002110622823238373, 'neutral': 0.014682315289974213, 'sadness': 0.002401282312348485, 'surprise': 0.0038883802480995655}","{'anger': 0.07181968539953232, 'disgust': 0.01580136828124523, 'fear': 0.7727932333946228, 'joy': 0.010082459077239037, 'neutral': 0.0932716503739357, 'sadness': 0.033292073756456375, 'surprise': 0.0029396272730082273}",0.4384342756086024,0.07134726963339644,0.20053646522717583
context_459,"{'anger': 0.021403420716524124, 'disgust': 0.0058448296040296555, 'fear': 0.892629861831665, 'joy': 0.005457327701151371, 'neutral': 0.01927606202661991, 'sadness': 0.04176721349358559, 'surprise': 0.013621257618069649}","{'anger': 0.012859831564128399, 'disgust': 0.03983632102608681, 'fear': 0.6950060129165649, 'joy': 0.003074674168601632, 'neutral': 0.20320448279380798, 'sadness': 0.02743045799434185, 'surprise': 0.018588189035654068}","{'anger': 0.008886903524398804, 'disgust': 0.007826444692909718, 'fear': 0.42994964122772217, 'joy': 0.03335188701748848, 'neutral': 0.40557095408439636, 'sadness': 0.099660225212574, 'surprise': 0.014753936789929867}","{'anger': 0.009244185872375965, 'disgust': 0.012402885593473911, 'fear': 0.24129585921764374, 'joy': 0.006494211498647928, 'neutral': 0.6692435145378113, 'sadness': 0.03459843993186951, 'surprise': 0.026720914989709854}",0.9645138124772408,0.7380342268553565,0.3613993677197944
context_460,"{'anger': 0.04978020116686821, 'disgust': 0.18190954625606537, 'fear': 0.02892277017235756, 'joy': 0.013267903588712215, 'neutral': 0.10837069898843765, 'sadness': 0.6136760115623474, 'surprise': 0.004072876181453466}","{'anger': 0.077065609395504, 'disgust': 0.006976155564188957, 'fear': 0.17756523191928864, 'joy': 0.006757927592843771, 'neutral': 0.03373787924647331, 'sadness': 0.6950217485427856, 'surprise': 0.0028755185194313526}","{'anger': 0.021283922716975212, 'disgust': 0.017751021310687065, 'fear': 0.6654103994369507, 'joy': 0.012928257696330547, 'neutral': 0.25400736927986145, 'sadness': 0.02368205599486828, 'surprise': 0.004936904180794954}","{'anger': 0.1736598014831543, 'disgust': 0.04697702080011368, 'fear': 0.5968719124794006, 'joy': 0.005847286432981491, 'neutral': 0.1447216123342514, 'sadness': 0.030391907319426537, 'surprise': 0.0015304208500310779}",0.9355370088136251,0.14147826622390114,0.16489484230362284
context_461,"{'anger': 0.006319940090179443, 'disgust': 0.006121213082224131, 'fear': 0.003104041563346982, 'joy': 0.0015904178144410253, 'neutral': 0.008230369538068771, 'sadness': 0.9731913805007935, 'surprise': 0.0014425795525312424}","{'anger': 0.09471798688173294, 'disgust': 0.23078344762325287, 'fear': 0.08713536709547043, 'joy': 0.0027322557289153337, 'neutral': 0.2105722874403, 'sadness': 0.36495542526245117, 'surprise': 0.009103169664740562}","{'anger': 0.015474102459847927, 'disgust': 0.005711217410862446, 'fear': 0.01059985626488924, 'joy': 0.002447222825139761, 'neutral': 0.019844334572553635, 'sadness': 0.9404733180999756, 'surprise': 0.005449939519166946}","{'anger': 0.0011804918758571148, 'disgust': 0.006462251301854849, 'fear': 0.007019649725407362, 'joy': 0.006400708109140396, 'neutral': 0.06048852950334549, 'sadness': 0.910069465637207, 'surprise': 0.008378956466913223}",0.7419312515055951,0.9998281980127756,0.9982557478242737
context_462,"{'anger': 0.0012956986902281642, 'disgust': 0.008128378540277481, 'fear': 0.0035071049351245165, 'joy': 0.002392710419371724, 'neutral': 0.016112634912133217, 'sadness': 0.9652237296104431, 'surprise': 0.0033397553488612175}","{'anger': 0.03326786682009697, 'disgust': 0.009913724847137928, 'fear': 0.004885319620370865, 'joy': 0.03954513370990753, 'neutral': 0.8854063749313354, 'sadness': 0.003528710687533021, 'surprise': 0.02345292828977108}","{'anger': 0.005641057156026363, 'disgust': 0.003893882967531681, 'fear': 0.0037305208388715982, 'joy': 0.08055528998374939, 'neutral': 0.8857659101486206, 'sadness': 0.005923738237470388, 'surprise': 0.014489561319351196}","{'anger': 0.0017139521660283208, 'disgust': 0.007014975883066654, 'fear': 0.006460671778768301, 'joy': 0.03433695435523987, 'neutral': 0.14164331555366516, 'sadness': 0.7870601415634155, 'surprise': 0.02176997810602188}",0.02099680972976181,0.023617189287419738,0.9859182613238588
context_463,"{'anger': 0.2565890848636627, 'disgust': 0.040267977863550186, 'fear': 0.006170317064970732, 'joy': 0.0026508630253374577, 'neutral': 0.006693856790661812, 'sadness': 0.6850888133049011, 'surprise': 0.0025389669463038445}","{'anger': 0.00628820713609457, 'disgust': 0.0344512052834034, 'fear': 0.09167962521314621, 'joy': 0.004721013829112053, 'neutral': 0.12322987616062164, 'sadness': 0.7364185452461243, 'surprise': 0.0032115522772073746}","{'anger': 0.007503842003643513, 'disgust': 0.0035209632478654385, 'fear': 0.0025709434412419796, 'joy': 0.0019511887803673744, 'neutral': 0.007225836161524057, 'sadness': 0.9755833148956299, 'surprise': 0.001643938710913062}","{'anger': 0.007351182401180267, 'disgust': 0.0026687949430197477, 'fear': 0.4965269863605499, 'joy': 0.0018143114866688848, 'neutral': 0.011828980408608913, 'sadness': 0.011813575401902199, 'surprise': 0.467996209859848}",0.9222565149122178,0.9379018810395383,0.0288376448787786
context_464,"{'anger': 0.024042770266532898, 'disgust': 0.026446299627423286, 'fear': 0.01946326158940792, 'joy': 0.8249015808105469, 'neutral': 0.024582767859101295, 'sadness': 0.07789267599582672, 'surprise': 0.0026705863419920206}","{'anger': 0.016143303364515305, 'disgust': 0.014587589539587498, 'fear': 0.6056172847747803, 'joy': 0.01466810517013073, 'neutral': 0.3336750566959381, 'sadness': 0.009465125389397144, 'surprise': 0.005843456368893385}","{'anger': 0.009380562230944633, 'disgust': 0.03540169075131416, 'fear': 0.07712104916572571, 'joy': 0.002372961025685072, 'neutral': 0.3302644193172455, 'sadness': 0.5215461254119873, 'surprise': 0.023913247510790825}","{'anger': 0.019932953640818596, 'disgust': 0.04680490493774414, 'fear': 0.3239026963710785, 'joy': 0.3167373239994049, 'neutral': 0.24110840260982513, 'sadness': 0.039945926517248154, 'surprise': 0.011567817069590092}",0.058529283955120914,0.10322191579050655,0.6482764801700639
context_465,"{'anger': 0.005479799117892981, 'disgust': 0.9874138832092285, 'fear': 0.0016511272406205535, 'joy': 0.0003422890731599182, 'neutral': 0.003159056417644024, 'sadness': 0.0013192243641242385, 'surprise': 0.0006345134461298585}","{'anger': 0.010281282477080822, 'disgust': 0.007568842731416225, 'fear': 0.7718467712402344, 'joy': 0.0064995791763067245, 'neutral': 0.14805273711681366, 'sadness': 0.04871082305908203, 'surprise': 0.007040043361485004}","{'anger': 0.00887433160096407, 'disgust': 0.033413637429475784, 'fear': 0.019765812903642654, 'joy': 0.021961070597171783, 'neutral': 0.8948161602020264, 'sadness': 0.01651541143655777, 'surprise': 0.004653450101613998}","{'anger': 0.02509593591094017, 'disgust': 0.05869932100176811, 'fear': 0.17697128653526306, 'joy': 0.005661473609507084, 'neutral': 0.6521613597869873, 'sadness': 0.07794484496116638, 'surprise': 0.0034658347722142935}",0.012013731538270789,0.04060834513755096,0.08975933645474365
context_466,"{'anger': 0.0009221204090863466, 'disgust': 0.0006499849259853363, 'fear': 0.9933352470397949, 'joy': 0.0008427331340499222, 'neutral': 0.0014811423607170582, 'sadness': 0.0016208221204578876, 'surprise': 0.0011478590313345194}","{'anger': 0.0018802533159032464, 'disgust': 0.0017756946617737412, 'fear': 0.9520643949508667, 'joy': 0.006757211405783892, 'neutral': 0.019570274278521538, 'sadness': 0.015123546123504639, 'surprise': 0.0028286129236221313}","{'anger': 0.008770526386797428, 'disgust': 0.004225017968565226, 'fear': 0.7166547775268555, 'joy': 0.017463481053709984, 'neutral': 0.18839119374752045, 'sadness': 0.05463772267103195, 'surprise': 0.00985731091350317}","{'anger': 0.002294785575941205, 'disgust': 0.0011852789903059602, 'fear': 0.9778771996498108, 'joy': 0.002252147765830159, 'neutral': 0.011524587869644165, 'sadness': 0.0033144312910735607, 'surprise': 0.001551736262626946}",0.9996944210737936,0.9646332307940673,0.9999431650592603
context_467,"{'anger': 0.1928533911705017, 'disgust': 0.2560592293739319, 'fear': 0.030389374122023582, 'joy': 0.004968293942511082, 'neutral': 0.05445951595902443, 'sadness': 0.45324623584747314, 'surprise': 0.008023899979889393}","{'anger': 0.02114059589803219, 'disgust': 0.017472470179200172, 'fear': 0.03955061361193657, 'joy': 0.011379960924386978, 'neutral': 0.2930048406124115, 'sadness': 0.6115662455558777, 'surprise': 0.005885195918381214}","{'anger': 0.09914657473564148, 'disgust': 0.006409293040633202, 'fear': 0.3044147789478302, 'joy': 0.019324857741594315, 'neutral': 0.2878841161727905, 'sadness': 0.2565207779407501, 'surprise': 0.026299642398953438}","{'anger': 0.002866959199309349, 'disgust': 0.0008277290035039186, 'fear': 0.9906681180000305, 'joy': 0.0007708126213401556, 'neutral': 0.002412646310403943, 'sadness': 0.00195157655980438, 'surprise': 0.0005022510886192322}",0.7975710899075801,0.5782082688125721,0.05762185835615363
context_468,"{'anger': 0.01991196908056736, 'disgust': 0.023803800344467163, 'fear': 0.005860704462975264, 'joy': 0.0014708632370457053, 'neutral': 0.015745369717478752, 'sadness': 0.9300468564033508, 'surprise': 0.0031604571267962456}","{'anger': 0.04121122509241104, 'disgust': 0.06182100996375084, 'fear': 0.11522228270769119, 'joy': 0.02132013998925686, 'neutral': 0.6847225427627563, 'sadness': 0.0699370875954628, 'surprise': 0.005765699781477451}","{'anger': 0.009748721495270729, 'disgust': 0.058328043669462204, 'fear': 0.04328414425253868, 'joy': 0.0024046218022704124, 'neutral': 0.21505574882030487, 'sadness': 0.6558278203010559, 'surprise': 0.015350881032645702}","{'anger': 0.004743811674416065, 'disgust': 0.02297968603670597, 'fear': 0.02394837513566017, 'joy': 0.011456703767180443, 'neutral': 0.4197244644165039, 'sadness': 0.5075379014015198, 'surprise': 0.009609045460820198}",0.12064533117537457,0.952145071001652,0.7809850444715959
context_469,"{'anger': 0.009492113254964352, 'disgust': 0.04813458025455475, 'fear': 0.2860102951526642, 'joy': 0.004607603885233402, 'neutral': 0.3540128171443939, 'sadness': 0.28203874826431274, 'surprise': 0.015703897923231125}","{'anger': 0.004947705194354057, 'disgust': 0.0009882894810289145, 'fear': 0.019183440133929253, 'joy': 0.7821485996246338, 'neutral': 0.07417970895767212, 'sadness': 0.016338909044861794, 'surprise': 0.1022132858633995}","{'anger': 0.0028930320404469967, 'disgust': 0.004263823851943016, 'fear': 0.8826048374176025, 'joy': 0.011310077272355556, 'neutral': 0.08513744175434113, 'sadness': 0.008815372362732887, 'surprise': 0.004975548479706049}","{'anger': 0.0041692787781357765, 'disgust': 0.038476333022117615, 'fear': 0.5300514698028564, 'joy': 0.008519131690263748, 'neutral': 0.18269608914852142, 'sadness': 0.1277468502521515, 'surprise': 0.10834087431430817}",0.09769932872036602,0.5983159472643478,0.8112825980835409
context_470,"{'anger': 0.012132355011999607, 'disgust': 0.005277060437947512, 'fear': 0.00966074038296938, 'joy': 0.0012479263823479414, 'neutral': 0.007616081740707159, 'sadness': 0.9624765515327454, 'surprise': 0.0015891686780378222}","{'anger': 0.003100113943219185, 'disgust': 0.005642486736178398, 'fear': 0.0034766793251037598, 'joy': 0.00316842389293015, 'neutral': 0.024024764075875282, 'sadness': 0.9570590257644653, 'surprise': 0.0035284904297441244}","{'anger': 0.004241038579493761, 'disgust': 0.007555805146694183, 'fear': 0.012951032258570194, 'joy': 0.02273200824856758, 'neutral': 0.13550814986228943, 'sadness': 0.8102300763130188, 'surprise': 0.006781829055398703}","{'anger': 0.0012528822990134358, 'disgust': 0.006120332982391119, 'fear': 0.0031030478421598673, 'joy': 0.010654320009052753, 'neutral': 0.034363601356744766, 'sadness': 0.9407750368118286, 'surprise': 0.0037307487800717354}",0.9997838309381569,0.9871644078664082,0.9994515727974183
context_471,"{'anger': 0.3001600503921509, 'disgust': 0.330557256937027, 'fear': 0.05966474488377571, 'joy': 0.0021977857686579227, 'neutral': 0.19922113418579102, 'sadness': 0.08941767364740372, 'surprise': 0.018781257793307304}","{'anger': 0.0133926747366786, 'disgust': 0.031184883788228035, 'fear': 0.011719847097992897, 'joy': 0.008215285837650299, 'neutral': 0.9256117343902588, 'sadness': 0.00691593624651432, 'surprise': 0.002959607867524028}","{'anger': 0.04816046729683876, 'disgust': 0.015589282847940922, 'fear': 0.3517119288444519, 'joy': 0.02137579582631588, 'neutral': 0.5317601561546326, 'sadness': 0.026530176401138306, 'surprise': 0.004872227553278208}","{'anger': 0.17911289632320404, 'disgust': 0.09438882023096085, 'fear': 0.014638498425483704, 'joy': 0.005446860566735268, 'neutral': 0.27978020906448364, 'sadness': 0.4235975742340088, 'surprise': 0.0030350566376000643}",0.4312195480733835,0.46451034310691797,0.6553968852531837
context_472,"{'anger': 0.0059502460062503815, 'disgust': 0.003188044298440218, 'fear': 0.00266630039550364, 'joy': 0.0026832777075469494, 'neutral': 0.006607034709304571, 'sadness': 0.9663560390472412, 'surprise': 0.012549001723527908}","{'anger': 0.014259779825806618, 'disgust': 0.021800575777888298, 'fear': 0.06878399848937988, 'joy': 0.006502415984869003, 'neutral': 0.47952374815940857, 'sadness': 0.39370962977409363, 'surprise': 0.015419809147715569}","{'anger': 0.07645651698112488, 'disgust': 0.02878907322883606, 'fear': 0.005909773521125317, 'joy': 0.039250448346138, 'neutral': 0.7961341142654419, 'sadness': 0.03766987472772598, 'surprise': 0.015790143981575966}","{'anger': 0.023709921166300774, 'disgust': 0.03635726496577263, 'fear': 0.013339237309992313, 'joy': 0.005775115918368101, 'neutral': 0.9064663052558899, 'sadness': 0.012205150909721851, 'surprise': 0.0021469646599143744}",0.6359883018903676,0.054843447234556586,0.020652892153158353
context_473,"{'anger': 0.0039120945148169994, 'disgust': 0.005904174875468016, 'fear': 0.0012785554863512516, 'joy': 0.9246652126312256, 'neutral': 0.029375558719038963, 'sadness': 0.030531374737620354, 'surprise': 0.004333022516220808}","{'anger': 0.004370635375380516, 'disgust': 0.003334114095196128, 'fear': 0.006910388357937336, 'joy': 0.044748447835445404, 'neutral': 0.9192747473716736, 'sadness': 0.0037765963934361935, 'surprise': 0.0175851471722126}","{'anger': 0.017314651980996132, 'disgust': 0.005075516179203987, 'fear': 0.006172065623104572, 'joy': 0.046334944665431976, 'neutral': 0.8633184432983398, 'sadness': 0.005030382890254259, 'surprise': 0.056753914803266525}","{'anger': 0.012297773733735085, 'disgust': 0.008858843706548214, 'fear': 0.003554464317858219, 'joy': 0.37848687171936035, 'neutral': 0.5754201412200928, 'sadness': 0.0027097398415207863, 'surprise': 0.01867217756807804}",0.08052343004530971,0.08564843922554877,0.5755093174632469
context_474,"{'anger': 0.7304214835166931, 'disgust': 0.2001858651638031, 'fear': 0.002524478128179908, 'joy': 0.0013186876894906163, 'neutral': 0.021201957017183304, 'sadness': 0.04305447265505791, 'surprise': 0.0012930537341162562}","{'anger': 0.0721702054142952, 'disgust': 0.03882727399468422, 'fear': 0.0059763118624687195, 'joy': 0.02617795020341873, 'neutral': 0.836426317691803, 'sadness': 0.01845541223883629, 'surprise': 0.001966569572687149}","{'anger': 0.042763739824295044, 'disgust': 0.03596220538020134, 'fear': 0.00843487586826086, 'joy': 0.01692952588200569, 'neutral': 0.8069355487823486, 'sadness': 0.08550605177879333, 'surprise': 0.00346807180903852}","{'anger': 0.025468984618782997, 'disgust': 0.037725791335105896, 'fear': 0.013416606932878494, 'joy': 0.04172439128160477, 'neutral': 0.8689751625061035, 'sadness': 0.010911865159869194, 'surprise': 0.0017772414721548557}",0.12387858326945478,0.09599949330155089,0.06826555679693846
context_475,"{'anger': 0.0015223721275106072, 'disgust': 0.000898943399079144, 'fear': 0.9915457367897034, 'joy': 0.0006053392426110804, 'neutral': 0.002334069227799773, 'sadness': 0.002101015765219927, 'surprise': 0.0009923941688612103}","{'anger': 0.003021585987880826, 'disgust': 0.0007452605641447008, 'fear': 0.9874761700630188, 'joy': 0.0012465151958167553, 'neutral': 0.004672500770539045, 'sadness': 0.0019354477990418673, 'surprise': 0.0009024932514876127}","{'anger': 0.001798144425265491, 'disgust': 0.002298397943377495, 'fear': 0.013183186762034893, 'joy': 0.015120190568268299, 'neutral': 0.029053060337901115, 'sadness': 0.913873553276062, 'surprise': 0.024673491716384888}","{'anger': 0.00975965429097414, 'disgust': 0.006509477272629738, 'fear': 0.7247194051742554, 'joy': 0.0329999141395092, 'neutral': 0.17063312232494354, 'sadness': 0.05355694517493248, 'surprise': 0.0018215044401586056}",0.9999957707261187,0.016643120590348337,0.9705452140110321
context_476,"{'anger': 0.03956356272101402, 'disgust': 0.03265786170959473, 'fear': 0.006461402401328087, 'joy': 0.0037282402627170086, 'neutral': 0.03521930053830147, 'sadness': 0.8479255437850952, 'surprise': 0.03444413095712662}","{'anger': 0.006869270466268063, 'disgust': 0.011070127598941326, 'fear': 0.005760242231190205, 'joy': 0.005472106859087944, 'neutral': 0.08445250242948532, 'sadness': 0.8784247040748596, 'surprise': 0.007951117120683193}","{'anger': 0.005507931113243103, 'disgust': 0.0024087599013000727, 'fear': 0.015864277258515358, 'joy': 0.08857142925262451, 'neutral': 0.8163065910339355, 'sadness': 0.04471400007605553, 'surprise': 0.02662707306444645}","{'anger': 0.04739834740757942, 'disgust': 0.02334083430469036, 'fear': 0.0070536197163164616, 'joy': 0.02038378268480301, 'neutral': 0.8879342675209045, 'sadness': 0.011047299951314926, 'surprise': 0.0028418730944395065}",0.996944939516305,0.09755103340611138,0.057444390848718885
context_477,"{'anger': 0.016178946942090988, 'disgust': 0.19005240499973297, 'fear': 0.6235473155975342, 'joy': 0.006602395325899124, 'neutral': 0.05464315041899681, 'sadness': 0.0908740907907486, 'surprise': 0.018101602792739868}","{'anger': 0.18660661578178406, 'disgust': 0.3050518333911896, 'fear': 0.00810337159782648, 'joy': 0.004145042505115271, 'neutral': 0.4766312539577484, 'sadness': 0.017049245536327362, 'surprise': 0.0024125094059854746}","{'anger': 0.005742719862610102, 'disgust': 0.02122434414923191, 'fear': 0.7052297592163086, 'joy': 0.007071639411151409, 'neutral': 0.2213207632303238, 'sadness': 0.017502104863524437, 'surprise': 0.021908709779381752}","{'anger': 0.007015059236437082, 'disgust': 0.052244942635297775, 'fear': 0.7462480068206787, 'joy': 0.004584241192787886, 'neutral': 0.16957657039165497, 'sadness': 0.01637842133641243, 'surprise': 0.0039527881890535355}",0.2378335481393432,0.9364103101617421,0.9588064673822715
context_478,"{'anger': 0.000949552864767611, 'disgust': 0.0005000827368348837, 'fear': 0.9935426712036133, 'joy': 0.000686364364810288, 'neutral': 0.001669428194873035, 'sadness': 0.0012853050138801336, 'surprise': 0.0013666384620591998}","{'anger': 0.003215054515749216, 'disgust': 0.003991317469626665, 'fear': 0.9549049735069275, 'joy': 0.0031644445843994617, 'neutral': 0.02621428482234478, 'sadness': 0.005396758671849966, 'surprise': 0.003113281447440386}","{'anger': 0.0017115077935159206, 'disgust': 0.0010095997713506222, 'fear': 0.9840508103370667, 'joy': 0.001313503016717732, 'neutral': 0.008393117226660252, 'sadness': 0.0017498079687356949, 'surprise': 0.001771709299646318}","{'anger': 0.0022636782377958298, 'disgust': 0.002439341275021434, 'fear': 0.965272068977356, 'joy': 0.002831353573128581, 'neutral': 0.021569428965449333, 'sadness': 0.0037981781642884016, 'surprise': 0.0018259756034240127}",0.9996437614300013,0.9999756898296377,0.9997774233363214
context_479,"{'anger': 0.08658459037542343, 'disgust': 0.13194797933101654, 'fear': 0.14121641218662262, 'joy': 0.006083798129111528, 'neutral': 0.28743550181388855, 'sadness': 0.3394896686077118, 'surprise': 0.007242110557854176}","{'anger': 0.2634319067001343, 'disgust': 0.044193610548973083, 'fear': 0.07824955135583878, 'joy': 0.10992158949375153, 'neutral': 0.44113215804100037, 'sadness': 0.05149032175540924, 'surprise': 0.01158095896244049}","{'anger': 0.009119216352701187, 'disgust': 0.018679698929190636, 'fear': 0.043532613664865494, 'joy': 0.01696857251226902, 'neutral': 0.8462280631065369, 'sadness': 0.056919168680906296, 'surprise': 0.008552642539143562}","{'anger': 0.0013982985401526093, 'disgust': 0.002125670900568366, 'fear': 0.9753885865211487, 'joy': 0.001413043704815209, 'neutral': 0.013757623732089996, 'sadness': 0.004234200809150934, 'surprise': 0.0016826388891786337}",0.6998209522153755,0.6499185343277217,0.2986460938979132
context_480,"{'anger': 0.0058279260993003845, 'disgust': 0.0020894065964967012, 'fear': 0.001800730125978589, 'joy': 0.0014537163078784943, 'neutral': 0.0038891432341188192, 'sadness': 0.9832066297531128, 'surprise': 0.0017324514919891953}","{'anger': 0.9396682381629944, 'disgust': 0.018910681828856468, 'fear': 0.01651936210691929, 'joy': 0.0011073037749156356, 'neutral': 0.007187854032963514, 'sadness': 0.015454201959073544, 'surprise': 0.0011524134315550327}","{'anger': 0.10726112872362137, 'disgust': 0.0022098298650234938, 'fear': 0.1922939270734787, 'joy': 0.003744140500202775, 'neutral': 0.009184609167277813, 'sadness': 0.3973286747932434, 'surprise': 0.2879776954650879}","{'anger': 0.003959078807383776, 'disgust': 0.01564926654100418, 'fear': 0.6281769871711731, 'joy': 0.004366318695247173, 'neutral': 0.04088084399700165, 'sadness': 0.2957029938697815, 'surprise': 0.011264574714004993}",0.022470571477202217,0.7414453218423305,0.4269801713374699
context_481,"{'anger': 0.014874698594212532, 'disgust': 0.003309777472168207, 'fear': 0.3733880817890167, 'joy': 0.002300393069162965, 'neutral': 0.008327352814376354, 'sadness': 0.03258829936385155, 'surprise': 0.5652114152908325}","{'anger': 0.002668417990207672, 'disgust': 0.00972801260650158, 'fear': 0.011168984696269035, 'joy': 0.004687688313424587, 'neutral': 0.0641060471534729, 'sadness': 0.9056490659713745, 'surprise': 0.001991783734411001}","{'anger': 0.0032425441313534975, 'disgust': 0.011581753380596638, 'fear': 0.10124988853931427, 'joy': 0.0055241365917027, 'neutral': 0.1290988177061081, 'sadness': 0.7413368821144104, 'surprise': 0.007965958677232265}","{'anger': 0.003807823872193694, 'disgust': 0.011677473783493042, 'fear': 0.01349709928035736, 'joy': 0.037066273391246796, 'neutral': 0.25100404024124146, 'sadness': 0.6749681234359741, 'surprise': 0.007979114539921284}",0.05750630138198343,0.13128789967386167,0.06910018106752669
context_482,"{'anger': 0.024139728397130966, 'disgust': 0.01290145330131054, 'fear': 0.3848452568054199, 'joy': 0.004928830079734325, 'neutral': 0.022751156240701675, 'sadness': 0.006434426177293062, 'surprise': 0.5439991354942322}","{'anger': 0.015346004627645016, 'disgust': 0.013064035214483738, 'fear': 0.002584511414170265, 'joy': 0.09472840279340744, 'neutral': 0.8675001263618469, 'sadness': 0.0024530573282390833, 'surprise': 0.00432389322668314}","{'anger': 0.002584781963378191, 'disgust': 0.0010672388598322868, 'fear': 0.9790864586830139, 'joy': 0.0021168463863432407, 'neutral': 0.011437644250690937, 'sadness': 0.002049375092610717, 'surprise': 0.001657552202232182}","{'anger': 0.02795364335179329, 'disgust': 0.02850143238902092, 'fear': 0.017665984109044075, 'joy': 0.04179039224982262, 'neutral': 0.8753717541694641, 'sadness': 0.006619575899094343, 'surprise': 0.002097139833495021}",0.041378932558380765,0.5785512235364972,0.0497717293336698
context_483,"{'anger': 0.002281949855387211, 'disgust': 0.0007767268107272685, 'fear': 0.9906588792800903, 'joy': 0.0009318686788901687, 'neutral': 0.0017121807904914021, 'sadness': 0.0026223871391266584, 'surprise': 0.0010160290403291583}","{'anger': 0.026926422491669655, 'disgust': 0.3577858507633209, 'fear': 0.13162122666835785, 'joy': 0.010862761177122593, 'neutral': 0.27274465560913086, 'sadness': 0.19522173702716827, 'surprise': 0.00483726104721427}","{'anger': 0.013456753455102444, 'disgust': 0.011194873601198196, 'fear': 0.5683104395866394, 'joy': 0.01547971274703741, 'neutral': 0.3141576051712036, 'sadness': 0.07023804634809494, 'surprise': 0.007162649650126696}","{'anger': 0.0022964184172451496, 'disgust': 0.0014764905208721757, 'fear': 0.9712295532226562, 'joy': 0.006729967426508665, 'neutral': 0.013037452474236488, 'sadness': 0.003294643247500062, 'surprise': 0.0019354866817593575}",0.2614207728514577,0.8707001209738731,0.999912677911004
context_484,"{'anger': 0.001730858231894672, 'disgust': 0.0009632178698666394, 'fear': 0.9916395545005798, 'joy': 0.0007544178515672684, 'neutral': 0.001492448034696281, 'sadness': 0.0025673736818134785, 'surprise': 0.0008522157440893352}","{'anger': 0.01091755647212267, 'disgust': 0.014981811866164207, 'fear': 0.003760799765586853, 'joy': 0.6884685158729553, 'neutral': 0.251671701669693, 'sadness': 0.01396653801202774, 'surprise': 0.01623302511870861}","{'anger': 0.016151905059814453, 'disgust': 0.02338651567697525, 'fear': 0.2747207283973694, 'joy': 0.007576413918286562, 'neutral': 0.6418030261993408, 'sadness': 0.029324283823370934, 'surprise': 0.0070372335612773895}","{'anger': 0.010513555258512497, 'disgust': 0.0055739739909768105, 'fear': 0.8462414741516113, 'joy': 0.0038647549226880074, 'neutral': 0.11653925478458405, 'sadness': 0.01222052238881588, 'surprise': 0.00504660326987505}",0.006471020591249599,0.3943726193435031,0.9906969411944793
context_485,"{'anger': 0.007147095166146755, 'disgust': 0.002530277706682682, 'fear': 0.8434373140335083, 'joy': 0.001579614239744842, 'neutral': 0.011889257468283176, 'sadness': 0.12263696640729904, 'surprise': 0.010779612697660923}","{'anger': 0.8814754486083984, 'disgust': 0.0629509687423706, 'fear': 0.0038647986948490143, 'joy': 0.0024835329968482256, 'neutral': 0.017612846568226814, 'sadness': 0.028772838413715363, 'surprise': 0.002839495427906513}","{'anger': 0.8771645426750183, 'disgust': 0.009032518602907658, 'fear': 0.008208749815821648, 'joy': 0.002753486158326268, 'neutral': 0.08299122005701065, 'sadness': 0.014971330761909485, 'surprise': 0.004878136329352856}","{'anger': 0.004428196232765913, 'disgust': 0.0011435416527092457, 'fear': 0.9818258285522461, 'joy': 0.0009233692544512451, 'neutral': 0.007941007614135742, 'sadness': 0.002572423778474331, 'surprise': 0.0011657039867714047}",0.01789499276761508,0.02142290569059313,0.9898778029158621
context_486,"{'anger': 0.001782008446753025, 'disgust': 0.0019926191307604313, 'fear': 0.9823057055473328, 'joy': 0.0008417531498707831, 'neutral': 0.006159291137009859, 'sadness': 0.0038674497045576572, 'surprise': 0.0030511904042214155}","{'anger': 0.020469360053539276, 'disgust': 0.011570430360734463, 'fear': 0.4243655502796173, 'joy': 0.021084195002913475, 'neutral': 0.49643808603286743, 'sadness': 0.018339136615395546, 'surprise': 0.007733212783932686}","{'anger': 0.009971615858376026, 'disgust': 0.0019098615739494562, 'fear': 0.6887988448143005, 'joy': 0.005227030720561743, 'neutral': 0.015393662266433239, 'sadness': 0.004533698316663504, 'surprise': 0.2741653025150299}","{'anger': 0.0023431703448295593, 'disgust': 0.0013987559359520674, 'fear': 0.9848378896713257, 'joy': 0.0008288255776278675, 'neutral': 0.006841301452368498, 'sadness': 0.002263533417135477, 'surprise': 0.0014863722026348114}",0.6537164380894893,0.9300819460597386,0.9999968089421221
context_487,"{'anger': 0.001559305819682777, 'disgust': 0.0034024412743747234, 'fear': 0.9843854308128357, 'joy': 0.001123141497373581, 'neutral': 0.00503647793084383, 'sadness': 0.00267191999591887, 'surprise': 0.0018213832518085837}","{'anger': 0.06570225208997726, 'disgust': 0.0077419341541826725, 'fear': 0.09752023965120316, 'joy': 0.03276289999485016, 'neutral': 0.7144649028778076, 'sadness': 0.06823211163282394, 'surprise': 0.01357575599104166}","{'anger': 0.0056983232498168945, 'disgust': 0.00638533802703023, 'fear': 0.7712279558181763, 'joy': 0.005799802485853434, 'neutral': 0.19591130316257477, 'sadness': 0.008548303507268429, 'surprise': 0.006429140456020832}","{'anger': 0.0024394928477704525, 'disgust': 0.0009207287221215665, 'fear': 0.9835414290428162, 'joy': 0.0018917781999334693, 'neutral': 0.008096573874354362, 'sadness': 0.002228641649708152, 'surprise': 0.0008813224849291146}",0.1394575536417454,0.9703736535338529,0.999990707534174
context_488,"{'anger': 0.0056992643512785435, 'disgust': 0.005187232978641987, 'fear': 0.00215299054980278, 'joy': 0.0034934610594063997, 'neutral': 0.003514608833938837, 'sadness': 0.9781297445297241, 'surprise': 0.0018227307591587305}","{'anger': 0.004527198616415262, 'disgust': 0.006003913469612598, 'fear': 0.005270733498036861, 'joy': 0.04732060059905052, 'neutral': 0.07722419500350952, 'sadness': 0.8546781539916992, 'surprise': 0.004975136369466782}","{'anger': 0.010677793063223362, 'disgust': 0.018847167491912842, 'fear': 0.45695510506629944, 'joy': 0.0048050289042294025, 'neutral': 0.2101341038942337, 'sadness': 0.29187703132629395, 'surprise': 0.006703807041049004}","{'anger': 0.002227838383987546, 'disgust': 0.014227093197405338, 'fear': 0.01004789862781763, 'joy': 0.008384720422327518, 'neutral': 0.06198054552078247, 'sadness': 0.8991804122924805, 'surprise': 0.003951459191739559}",0.9949224151145899,0.5048603467401681,0.9977538820081772
context_489,"{'anger': 0.029333610087633133, 'disgust': 0.06691507995128632, 'fear': 0.041382092982530594, 'joy': 0.10987360030412674, 'neutral': 0.4914514720439911, 'sadness': 0.2107800394296646, 'surprise': 0.0502641424536705}","{'anger': 0.05041775479912758, 'disgust': 0.0464136078953743, 'fear': 0.02034801058471203, 'joy': 0.24312584102153778, 'neutral': 0.5037410855293274, 'sadness': 0.12808573246002197, 'surprise': 0.007867971435189247}","{'anger': 0.006754371337592602, 'disgust': 0.006871613673865795, 'fear': 0.4303162395954132, 'joy': 0.03530004993081093, 'neutral': 0.4609473645687103, 'sadness': 0.01124973502010107, 'surprise': 0.04856061190366745}","{'anger': 0.012880691327154636, 'disgust': 0.02484358847141266, 'fear': 0.01749073900282383, 'joy': 0.029440680518746376, 'neutral': 0.9031922221183777, 'sadness': 0.009908893145620823, 'surprise': 0.002243213588371873}",0.9574596531800263,0.7219079843883265,0.9013398873259912
context_490,"{'anger': 0.07542531192302704, 'disgust': 0.12497358024120331, 'fear': 0.0706002414226532, 'joy': 0.022326305508613586, 'neutral': 0.5223507285118103, 'sadness': 0.057392846792936325, 'surprise': 0.1269310712814331}","{'anger': 0.04194658622145653, 'disgust': 0.005416284315288067, 'fear': 0.03840446099638939, 'joy': 0.3267805576324463, 'neutral': 0.5293973684310913, 'sadness': 0.029872039332985878, 'surprise': 0.02818269282579422}","{'anger': 0.00719366455450654, 'disgust': 0.0027708786074072123, 'fear': 0.8910514712333679, 'joy': 0.006266627926379442, 'neutral': 0.07717043161392212, 'sadness': 0.00819026492536068, 'surprise': 0.007356697227805853}","{'anger': 0.0154252415522933, 'disgust': 0.04374471306800842, 'fear': 0.04778575152158737, 'joy': 0.021074479445815086, 'neutral': 0.8606049418449402, 'sadness': 0.009372278116643429, 'surprise': 0.001992515055462718}",0.8360649852478583,0.2091040014966432,0.9447835099379471
context_491,"{'anger': 0.036327511072158813, 'disgust': 0.2099955826997757, 'fear': 0.34815293550491333, 'joy': 0.002750684041529894, 'neutral': 0.1484081894159317, 'sadness': 0.23110024631023407, 'surprise': 0.02326478436589241}","{'anger': 0.004888646770268679, 'disgust': 0.015453740954399109, 'fear': 0.01554208155721426, 'joy': 0.0030605425126850605, 'neutral': 0.950962245464325, 'sadness': 0.0037068382371217012, 'surprise': 0.006385898217558861}","{'anger': 0.010970233008265495, 'disgust': 0.006051316391676664, 'fear': 0.013052091002464294, 'joy': 0.008295689709484577, 'neutral': 0.9344906806945801, 'sadness': 0.005836810451000929, 'surprise': 0.021303104236721992}","{'anger': 0.0031312245409935713, 'disgust': 0.0024924050085246563, 'fear': 0.9724957346916199, 'joy': 0.0017527699237689376, 'neutral': 0.016058089211583138, 'sadness': 0.002393450355157256, 'surprise': 0.0016762460581958294}",0.32222580767919595,0.31869793771157373,0.714275779213135
context_492,"{'anger': 0.0009786690352484584, 'disgust': 0.004639219958335161, 'fear': 0.0030861336272209883, 'joy': 0.001413539401255548, 'neutral': 0.009690376929938793, 'sadness': 0.9771997332572937, 'surprise': 0.0029922735411673784}","{'anger': 0.0006962845800444484, 'disgust': 0.0012239478528499603, 'fear': 0.9887526631355286, 'joy': 0.0010543132666498423, 'neutral': 0.003943989519029856, 'sadness': 0.0022821337915956974, 'surprise': 0.002046619076281786}","{'anger': 0.0050633009523153305, 'disgust': 0.006874947343021631, 'fear': 0.008291314356029034, 'joy': 0.0038454821333289146, 'neutral': 0.08401612192392349, 'sadness': 0.8883879780769348, 'surprise': 0.00352083845064044}","{'anger': 0.0011482365662232041, 'disgust': 0.002858050400391221, 'fear': 0.004055700730532408, 'joy': 0.0009941230528056622, 'neutral': 0.012481224723160267, 'sadness': 0.97527676820755, 'surprise': 0.0031858948059380054}",0.005519777076621657,0.9964044319789771,0.9999935723670772
context_493,"{'anger': 0.0025432431139051914, 'disgust': 0.013256125152111053, 'fear': 0.019938532263040543, 'joy': 0.0014513976639136672, 'neutral': 0.04999902844429016, 'sadness': 0.8841046094894409, 'surprise': 0.028707053512334824}","{'anger': 0.012114645913243294, 'disgust': 0.005319477524608374, 'fear': 0.0063039278611540794, 'joy': 0.49279114603996277, 'neutral': 0.4544779062271118, 'sadness': 0.008130300790071487, 'surprise': 0.020862655714154243}","{'anger': 0.004654398653656244, 'disgust': 0.004251901526004076, 'fear': 0.844845175743103, 'joy': 0.006951902527362108, 'neutral': 0.12393732368946075, 'sadness': 0.01219197828322649, 'surprise': 0.0031673144549131393}","{'anger': 0.01041141152381897, 'disgust': 0.026360509917140007, 'fear': 0.38133880496025085, 'joy': 0.00712331710383296, 'neutral': 0.30037742853164673, 'sadness': 0.2675948739051819, 'surprise': 0.006793659180402756}",0.052894696970034905,0.0449045102362835,0.5280133312768528
context_494,"{'anger': 0.01698397472500801, 'disgust': 0.012464194558560848, 'fear': 0.13148963451385498, 'joy': 0.01378907635807991, 'neutral': 0.13255243003368378, 'sadness': 0.6842633485794067, 'surprise': 0.008457356132566929}","{'anger': 0.010188586078584194, 'disgust': 0.0056698438711464405, 'fear': 0.0033241326455026865, 'joy': 0.3466261029243469, 'neutral': 0.5328902006149292, 'sadness': 0.01777253858745098, 'surprise': 0.08352858573198318}","{'anger': 0.008818965405225754, 'disgust': 0.008754124864935875, 'fear': 0.8524791598320007, 'joy': 0.004457481205463409, 'neutral': 0.10875806957483292, 'sadness': 0.010289565660059452, 'surprise': 0.006442556157708168}","{'anger': 0.03723914548754692, 'disgust': 0.03495042026042938, 'fear': 0.03412147983908653, 'joy': 0.006567785516381264, 'neutral': 0.6797482967376709, 'sadness': 0.20133492350578308, 'surprise': 0.006037961225956678}",0.19537779868247918,0.21950928334533648,0.4624020678793419
context_495,"{'anger': 0.0014844988472759724, 'disgust': 0.0002805192780215293, 'fear': 0.9897552132606506, 'joy': 0.0014729155227541924, 'neutral': 0.001300638192333281, 'sadness': 0.0027087253984063864, 'surprise': 0.002997463336214423}","{'anger': 0.00940881110727787, 'disgust': 0.01566579006612301, 'fear': 0.9116184115409851, 'joy': 0.0023053232580423355, 'neutral': 0.03947233408689499, 'sadness': 0.01826729066669941, 'surprise': 0.003261999459937215}","{'anger': 0.008617748506367207, 'disgust': 0.005712009500712156, 'fear': 0.7800864577293396, 'joy': 0.010597185231745243, 'neutral': 0.1782716065645218, 'sadness': 0.010285461321473122, 'surprise': 0.0064295995980501175}","{'anger': 0.0024950639344751835, 'disgust': 0.0016489330446347594, 'fear': 0.9723065495491028, 'joy': 0.0019703106954693794, 'neutral': 0.014869587495923042, 'sadness': 0.005043906159698963, 'surprise': 0.0016656784573569894}",0.9987890699281934,0.974967825395918,0.9998967380994304
context_496,"{'anger': 0.00968546885997057, 'disgust': 0.04686640575528145, 'fear': 0.8286622166633606, 'joy': 0.0059860157780349255, 'neutral': 0.0313851498067379, 'sadness': 0.03927610442042351, 'surprise': 0.03813865780830383}","{'anger': 0.025172224268317223, 'disgust': 0.3787516951560974, 'fear': 0.012643166817724705, 'joy': 0.003067400073632598, 'neutral': 0.5477128624916077, 'sadness': 0.021431615576148033, 'surprise': 0.011221017688512802}","{'anger': 0.014738085679709911, 'disgust': 0.03203387185931206, 'fear': 0.013127549551427364, 'joy': 0.20158791542053223, 'neutral': 0.5258021950721741, 'sadness': 0.20678828656673431, 'surprise': 0.005922191310673952}","{'anger': 0.0044330391101539135, 'disgust': 0.0021704579703509808, 'fear': 0.9532686471939087, 'joy': 0.005686025135219097, 'neutral': 0.028128521516919136, 'sadness': 0.004815243184566498, 'surprise': 0.001498045981861651}",0.08456119219026725,0.07709828621531989,0.9966072797154399
context_497,"{'anger': 0.014642911963164806, 'disgust': 0.013592156581580639, 'fear': 0.08311887085437775, 'joy': 0.008215269073843956, 'neutral': 0.0370948389172554, 'sadness': 0.010412742383778095, 'surprise': 0.8329232335090637}","{'anger': 0.0064996397122740746, 'disgust': 0.004979696124792099, 'fear': 0.9197454452514648, 'joy': 0.002636743476614356, 'neutral': 0.05177926644682884, 'sadness': 0.008098422549664974, 'surprise': 0.006260775960981846}","{'anger': 0.009388873353600502, 'disgust': 0.0030134583357721567, 'fear': 0.0018828001338988543, 'joy': 0.9188544154167175, 'neutral': 0.05007398873567581, 'sadness': 0.0055718314833939075, 'surprise': 0.011214576661586761}","{'anger': 0.014631514437496662, 'disgust': 0.01122023444622755, 'fear': 0.833286464214325, 'joy': 0.0058824000880122185, 'neutral': 0.10453465580940247, 'sadness': 0.02513832226395607, 'surprise': 0.005306448321789503}",0.10858132597298731,0.02480982795386899,0.11105650399396916
context_498,"{'anger': 0.6011110544204712, 'disgust': 0.015763578936457634, 'fear': 0.0012626107782125473, 'joy': 0.0033486599568277597, 'neutral': 0.023277772590517998, 'sadness': 0.35009169578552246, 'surprise': 0.005144655238837004}","{'anger': 0.027116987854242325, 'disgust': 0.005491786636412144, 'fear': 0.002508388366550207, 'joy': 0.005165936425328255, 'neutral': 0.01984849013388157, 'sadness': 0.937830924987793, 'surprise': 0.0020375761669129133}","{'anger': 0.02875097468495369, 'disgust': 0.01796901226043701, 'fear': 0.507454514503479, 'joy': 0.004157651215791702, 'neutral': 0.07507219165563583, 'sadness': 0.32326287031173706, 'surprise': 0.04333287477493286}","{'anger': 0.030898815020918846, 'disgust': 0.13172082602977753, 'fear': 0.023479269817471504, 'joy': 0.014416995458304882, 'neutral': 0.24410516023635864, 'sadness': 0.5522039532661438, 'surprise': 0.0031749485060572624}",0.5283360332428056,0.3146150886146437,0.50961549365904
context_499,"{'anger': 0.7567850351333618, 'disgust': 0.08822368830442429, 'fear': 0.11369768530130386, 'joy': 0.002701595425605774, 'neutral': 0.02288644015789032, 'sadness': 0.012894689105451107, 'surprise': 0.002810843987390399}","{'anger': 0.2227517068386078, 'disgust': 0.1417720764875412, 'fear': 0.13957975804805756, 'joy': 0.004133305978029966, 'neutral': 0.060511842370033264, 'sadness': 0.4286639988422394, 'surprise': 0.0025873733684420586}","{'anger': 0.0023920030798763037, 'disgust': 0.0015565358335152268, 'fear': 0.9794005751609802, 'joy': 0.0013088058913126588, 'neutral': 0.009868759661912918, 'sadness': 0.0016538657946512103, 'surprise': 0.0038195988163352013}","{'anger': 0.004313434474170208, 'disgust': 0.003460350213572383, 'fear': 0.9046008586883545, 'joy': 0.0020057496149092913, 'neutral': 0.06468335539102554, 'sadness': 0.017308508977293968, 'surprise': 0.00362785835750401}",0.5029000857301898,0.1504216005658504,0.1546626215173984
context_500,"{'anger': 0.015047287568449974, 'disgust': 0.00423306692391634, 'fear': 0.9272955656051636, 'joy': 0.0010493909940123558, 'neutral': 0.01290369313210249, 'sadness': 0.004800036549568176, 'surprise': 0.03467090427875519}","{'anger': 0.005369941238313913, 'disgust': 0.012344312854111195, 'fear': 0.0032104672864079475, 'joy': 0.0027814635541290045, 'neutral': 0.9642372131347656, 'sadness': 0.003136823885142803, 'surprise': 0.008919640444219112}","{'anger': 0.010899651795625687, 'disgust': 0.020048148930072784, 'fear': 0.5966261029243469, 'joy': 0.0026317245792597532, 'neutral': 0.3132725954055786, 'sadness': 0.043415989726781845, 'surprise': 0.013105934485793114}","{'anger': 0.006193832959979773, 'disgust': 0.008013053797185421, 'fear': 0.9297047853469849, 'joy': 0.0013968737330287695, 'neutral': 0.0451519675552845, 'sadness': 0.005908297840505838, 'surprise': 0.0036312504671514034}",0.01774009412817623,0.8899256329375782,0.9987871170827565
context_501,"{'anger': 0.051745668053627014, 'disgust': 0.001622369629330933, 'fear': 0.9241719245910645, 'joy': 0.000969087821431458, 'neutral': 0.005715222097933292, 'sadness': 0.012801588512957096, 'surprise': 0.0029741856269538403}","{'anger': 0.0010029544355347753, 'disgust': 0.0006508441874757409, 'fear': 0.9846925735473633, 'joy': 0.0019074485171586275, 'neutral': 0.005726672243326902, 'sadness': 0.0035129066091030836, 'surprise': 0.002506569493561983}","{'anger': 0.003805155400186777, 'disgust': 0.004078404977917671, 'fear': 0.16915367543697357, 'joy': 0.002266442868858576, 'neutral': 0.03662119060754776, 'sadness': 0.7764708399772644, 'surprise': 0.007604310754686594}","{'anger': 0.008862807415425777, 'disgust': 0.007925446145236492, 'fear': 0.7183281779289246, 'joy': 0.010503577999770641, 'neutral': 0.22064140439033508, 'sadness': 0.031171783804893494, 'surprise': 0.0025667992886155844}",0.9984388786748492,0.2263477251639936,0.9563594942303715
context_502,"{'anger': 0.002416446106508374, 'disgust': 0.006193539127707481, 'fear': 0.0026974037755280733, 'joy': 0.0016119744395837188, 'neutral': 0.009506473317742348, 'sadness': 0.9761751890182495, 'surprise': 0.0013989444123581052}","{'anger': 0.010594354011118412, 'disgust': 0.008642181754112244, 'fear': 0.11128740012645721, 'joy': 0.007166735827922821, 'neutral': 0.045256711542606354, 'sadness': 0.8125627636909485, 'surprise': 0.004489830695092678}","{'anger': 0.02654707431793213, 'disgust': 0.009233095683157444, 'fear': 0.667140781879425, 'joy': 0.00866080354899168, 'neutral': 0.26277902722358704, 'sadness': 0.01422105822712183, 'surprise': 0.01141814049333334}","{'anger': 0.0079902159050107, 'disgust': 0.02350851520895958, 'fear': 0.5097390413284302, 'joy': 0.01943991892039776, 'neutral': 0.301243394613266, 'sadness': 0.13397374749183655, 'surprise': 0.0041051325388252735}",0.9900123384719028,0.026156964877561695,0.2278538343121932
context_503,"{'anger': 0.03890865668654442, 'disgust': 0.013473565690219402, 'fear': 0.8104425668716431, 'joy': 0.002846549032256007, 'neutral': 0.09397535771131516, 'sadness': 0.009154760278761387, 'surprise': 0.03119851090013981}","{'anger': 0.002214779146015644, 'disgust': 0.0013350708177313209, 'fear': 0.9841745495796204, 'joy': 0.004072654526680708, 'neutral': 0.005220472346991301, 'sadness': 0.0014584638411179185, 'surprise': 0.0015239841304719448}","{'anger': 0.914992094039917, 'disgust': 0.01645250990986824, 'fear': 0.0026116056833416224, 'joy': 0.0013623957056552172, 'neutral': 0.058315861970186234, 'sadness': 0.0032215367536991835, 'surprise': 0.00304405577480793}","{'anger': 0.01631992682814598, 'disgust': 0.004090975038707256, 'fear': 0.9329028129577637, 'joy': 0.002750327344983816, 'neutral': 0.03316900134086609, 'sadness': 0.009093874134123325, 'surprise': 0.0016729837516322732}",0.9920918158036293,0.05808601157365878,0.9956261254818236
context_504,"{'anger': 0.3293667137622833, 'disgust': 0.31505686044692993, 'fear': 0.02477635256946087, 'joy': 0.002052579540759325, 'neutral': 0.30261120200157166, 'sadness': 0.013894278556108475, 'surprise': 0.012242097407579422}","{'anger': 0.10427306592464447, 'disgust': 0.1571132242679596, 'fear': 0.058705639094114304, 'joy': 0.005853665992617607, 'neutral': 0.6507225036621094, 'sadness': 0.01991908811032772, 'surprise': 0.0034128534607589245}","{'anger': 0.15026068687438965, 'disgust': 0.017713550478219986, 'fear': 0.06406226754188538, 'joy': 0.004192514810711145, 'neutral': 0.7345725297927856, 'sadness': 0.01667182147502899, 'surprise': 0.012526657432317734}","{'anger': 0.2362738847732544, 'disgust': 0.3802483081817627, 'fear': 0.026884201914072037, 'joy': 0.0029978365637362003, 'neutral': 0.32902517914772034, 'sadness': 0.022902976721525192, 'surprise': 0.0016675840597599745}",0.7578589061508867,0.6769651454283387,0.9774870830054865
context_505,"{'anger': 0.09289469569921494, 'disgust': 0.30842429399490356, 'fear': 0.021071864292025566, 'joy': 0.0008953054202720523, 'neutral': 0.448573499917984, 'sadness': 0.02990879863500595, 'surprise': 0.09823158383369446}","{'anger': 0.08488454669713974, 'disgust': 0.02941852994263172, 'fear': 0.06290233135223389, 'joy': 0.009702781215310097, 'neutral': 0.7533946633338928, 'sadness': 0.05421806499361992, 'surprise': 0.005479177925735712}","{'anger': 0.8643370270729065, 'disgust': 0.0011654413538053632, 'fear': 0.009752641431987286, 'joy': 0.004880375694483519, 'neutral': 0.010123584419488907, 'sadness': 0.0848725363612175, 'surprise': 0.024868406355381012}","{'anger': 0.05625941604375839, 'disgust': 0.09137192368507385, 'fear': 0.08631549775600433, 'joy': 0.0014025114942342043, 'neutral': 0.6974524855613708, 'sadness': 0.05817677453160286, 'surprise': 0.009021321311593056}",0.835289032574538,0.18504010909401247,0.8746402831974934
context_506,"{'anger': 0.1927306056022644, 'disgust': 0.6532973647117615, 'fear': 0.008627045899629593, 'joy': 0.0011265634093433619, 'neutral': 0.09396304935216904, 'sadness': 0.043265994638204575, 'surprise': 0.00698943343013525}","{'anger': 0.08431029319763184, 'disgust': 0.025166552513837814, 'fear': 0.044243622571229935, 'joy': 0.10561022907495499, 'neutral': 0.7144061326980591, 'sadness': 0.01739337481558323, 'surprise': 0.008869793266057968}","{'anger': 0.8968555331230164, 'disgust': 0.004912994336336851, 'fear': 0.007304188795387745, 'joy': 0.005619954317808151, 'neutral': 0.02752542495727539, 'sadness': 0.040471095591783524, 'surprise': 0.017310842871665955}","{'anger': 0.07478533685207367, 'disgust': 0.05705457180738449, 'fear': 0.015982864424586296, 'joy': 0.010026628151535988, 'neutral': 0.8117485046386719, 'sadness': 0.02894258312880993, 'surprise': 0.0014594619860872626}",0.20130627404010681,0.2917239124217803,0.22956014530973923
context_507,"{'anger': 0.003917189780622721, 'disgust': 0.008465816266834736, 'fear': 0.01792675070464611, 'joy': 0.017299572005867958, 'neutral': 0.07163874059915543, 'sadness': 0.2920069694519043, 'surprise': 0.5887449979782104}","{'anger': 0.017673296853899956, 'disgust': 0.034066349267959595, 'fear': 0.0023010915610939264, 'joy': 0.07405462116003036, 'neutral': 0.8559713363647461, 'sadness': 0.00895058736205101, 'surprise': 0.0069826445542275906}","{'anger': 0.008205683901906013, 'disgust': 0.019535647705197334, 'fear': 0.3501049876213074, 'joy': 0.03253740072250366, 'neutral': 0.5675588846206665, 'sadness': 0.014278091490268707, 'surprise': 0.007779361214488745}","{'anger': 0.013295741751790047, 'disgust': 0.030069716274738312, 'fear': 0.0012889575446024537, 'joy': 0.10132883489131927, 'neutral': 0.8437545895576477, 'sadness': 0.006089371163398027, 'surprise': 0.0041727349162101746}",0.12252859716671183,0.12768188812647507,0.11864964709640291
context_508,"{'anger': 0.06975825875997543, 'disgust': 0.40997037291526794, 'fear': 0.019481731578707695, 'joy': 0.007404535077512264, 'neutral': 0.07979666441679001, 'sadness': 0.391626238822937, 'surprise': 0.02196219004690647}","{'anger': 0.25874751806259155, 'disgust': 0.06869383156299591, 'fear': 0.14312265813350677, 'joy': 0.013402702286839485, 'neutral': 0.3777638077735901, 'sadness': 0.1199217364192009, 'surprise': 0.018347693607211113}","{'anger': 0.027810780331492424, 'disgust': 0.022359082475304604, 'fear': 0.007325421553105116, 'joy': 0.04614108428359032, 'neutral': 0.8414307236671448, 'sadness': 0.04921016842126846, 'surprise': 0.005722754169255495}","{'anger': 0.025182142853736877, 'disgust': 0.05773691087961197, 'fear': 0.008020705543458462, 'joy': 0.013508397154510021, 'neutral': 0.8630439043045044, 'sadness': 0.030751844868063927, 'surprise': 0.00175611418671906}",0.4386354251536304,0.20108322594553285,0.21318085934172903
context_509,"{'anger': 0.5447102189064026, 'disgust': 0.16596172749996185, 'fear': 0.030348345637321472, 'joy': 0.001110633835196495, 'neutral': 0.09312999993562698, 'sadness': 0.15527565777301788, 'surprise': 0.009463504888117313}","{'anger': 0.029565174132585526, 'disgust': 0.029535815119743347, 'fear': 0.016602573916316032, 'joy': 0.003272817935794592, 'neutral': 0.8820300698280334, 'sadness': 0.03423868864774704, 'surprise': 0.004754936322569847}","{'anger': 0.09582178294658661, 'disgust': 0.010841033421456814, 'fear': 0.15804104506969452, 'joy': 0.010734270326793194, 'neutral': 0.6416606903076172, 'sadness': 0.07478105276823044, 'surprise': 0.008120174519717693}","{'anger': 0.11797074228525162, 'disgust': 0.6916229128837585, 'fear': 0.03820638358592987, 'joy': 0.0017752352869138122, 'neutral': 0.135353684425354, 'sadness': 0.013101347722113132, 'surprise': 0.001969678094610572}",0.20613309480986652,0.32384766493920325,0.455020046529127
context_510,"{'anger': 0.054788168519735336, 'disgust': 0.8525766134262085, 'fear': 0.004800973925739527, 'joy': 0.003255820833146572, 'neutral': 0.06286844611167908, 'sadness': 0.015320787206292152, 'surprise': 0.006389146205037832}","{'anger': 0.3029310405254364, 'disgust': 0.2743009030818939, 'fear': 0.03905028477311134, 'joy': 0.007788099814206362, 'neutral': 0.22821369767189026, 'sadness': 0.14462479948997498, 'surprise': 0.003091170685365796}","{'anger': 0.08180449903011322, 'disgust': 0.7576804161071777, 'fear': 0.005707611329853535, 'joy': 0.002076135016977787, 'neutral': 0.053605418652296066, 'sadness': 0.09618894755840302, 'surprise': 0.0029370232950896025}","{'anger': 0.04972020909190178, 'disgust': 0.8806636333465576, 'fear': 0.011124325916171074, 'joy': 0.002875015838071704, 'neutral': 0.04745439440011978, 'sadness': 0.007551300805062056, 'surprise': 0.0006111371912993491}",0.6345771705220355,0.9933001069260173,0.9996847624267227
context_511,"{'anger': 0.6298972368240356, 'disgust': 0.1552281230688095, 'fear': 0.02533845789730549, 'joy': 0.0033598681911826134, 'neutral': 0.09727302938699722, 'sadness': 0.04775199666619301, 'surprise': 0.041151273995637894}","{'anger': 0.31280019879341125, 'disgust': 0.007396663073450327, 'fear': 0.00323754595592618, 'joy': 0.004833206068724394, 'neutral': 0.022966085001826286, 'sadness': 0.6385252475738525, 'surprise': 0.010241121053695679}","{'anger': 0.9641076326370239, 'disgust': 0.013831093907356262, 'fear': 0.004204501397907734, 'joy': 0.0007675588130950928, 'neutral': 0.006163144949823618, 'sadness': 0.008878680877387524, 'surprise': 0.002047429559752345}","{'anger': 0.04994262382388115, 'disgust': 0.0742952823638916, 'fear': 0.2453114241361618, 'joy': 0.018532415851950645, 'neutral': 0.5799309015274048, 'sadness': 0.026727188378572464, 'surprise': 0.005260176490992308}",0.4931650208674647,0.9602163789410125,0.25516392129992793
context_512,"{'anger': 0.022204425185918808, 'disgust': 0.15929223597049713, 'fear': 0.019457774236798286, 'joy': 0.0016435668803751469, 'neutral': 0.6466155648231506, 'sadness': 0.016609571874141693, 'surprise': 0.13417686522006989}","{'anger': 0.033874526619911194, 'disgust': 0.01384078897535801, 'fear': 0.16865316033363342, 'joy': 0.028505578637123108, 'neutral': 0.6718020439147949, 'sadness': 0.007955500856041908, 'surprise': 0.07536840438842773}","{'anger': 0.017026832327246666, 'disgust': 0.020281100645661354, 'fear': 0.032252416014671326, 'joy': 0.0038601106498390436, 'neutral': 0.0857355073094368, 'sadness': 0.8136122822761536, 'surprise': 0.027231695130467415}","{'anger': 0.005159786902368069, 'disgust': 0.007861446589231491, 'fear': 0.8923908472061157, 'joy': 0.0028583041857928038, 'neutral': 0.06959132105112076, 'sadness': 0.020045574754476547, 'surprise': 0.0020926822908222675}",0.9493546059169738,0.13784393086216973,0.10565892280455258
context_513,"{'anger': 0.28112050890922546, 'disgust': 0.5736785531044006, 'fear': 0.011853872798383236, 'joy': 0.0033602567855268717, 'neutral': 0.05762186646461487, 'sadness': 0.05903421342372894, 'surprise': 0.01333075575530529}","{'anger': 0.035799186676740646, 'disgust': 0.029416842386126518, 'fear': 0.14200831949710846, 'joy': 0.02591673843562603, 'neutral': 0.7342516183853149, 'sadness': 0.028460504487156868, 'surprise': 0.00414679292589426}","{'anger': 0.004665100481361151, 'disgust': 0.012614049948751926, 'fear': 0.013715483248233795, 'joy': 0.005196801852434874, 'neutral': 0.16627265512943268, 'sadness': 0.7884330749511719, 'surprise': 0.00910275336354971}","{'anger': 0.020450932905077934, 'disgust': 0.0037909874226897955, 'fear': 0.8201308250427246, 'joy': 0.002575419144704938, 'neutral': 0.0339730903506279, 'sadness': 0.01646493375301361, 'surprise': 0.10261375457048416}",0.15047492486678604,0.12508491796270538,0.04115834468890556
context_514,"{'anger': 0.013265683315694332, 'disgust': 0.06971000134944916, 'fear': 0.05445190519094467, 'joy': 0.007591698318719864, 'neutral': 0.25295424461364746, 'sadness': 0.48839080333709717, 'surprise': 0.11363564431667328}","{'anger': 0.031568869948387146, 'disgust': 0.0512845441699028, 'fear': 0.02845357544720173, 'joy': 0.37739497423171997, 'neutral': 0.3982945382595062, 'sadness': 0.10795989632606506, 'surprise': 0.005043516866862774}","{'anger': 0.002640292514115572, 'disgust': 0.001537039177492261, 'fear': 0.0026134701911360025, 'joy': 0.020020082592964172, 'neutral': 0.018372582271695137, 'sadness': 0.9528457522392273, 'surprise': 0.0019707828760147095}","{'anger': 0.009352892637252808, 'disgust': 0.026283569633960724, 'fear': 0.023649072274565697, 'joy': 0.086461640894413, 'neutral': 0.7554675340652466, 'sadness': 0.09564648568630219, 'surprise': 0.0031388315837830305}",0.5071795595309752,0.8681328100769696,0.5547090256430243
context_515,"{'anger': 0.02707110159099102, 'disgust': 0.039595119655132294, 'fear': 0.6545641422271729, 'joy': 0.014082550071179867, 'neutral': 0.07810617238283157, 'sadness': 0.1366819441318512, 'surprise': 0.04989897459745407}","{'anger': 0.004598906263709068, 'disgust': 0.005445011425763369, 'fear': 0.9046090245246887, 'joy': 0.017306579276919365, 'neutral': 0.028781671077013016, 'sadness': 0.01219974271953106, 'surprise': 0.027059093117713928}","{'anger': 0.0048812623135745525, 'disgust': 0.013984357006847858, 'fear': 0.022721106186509132, 'joy': 0.011048351414501667, 'neutral': 0.06770534813404083, 'sadness': 0.8765683770179749, 'surprise': 0.003091206308454275}","{'anger': 0.010206492617726326, 'disgust': 0.018907491117715836, 'fear': 0.11591637134552002, 'joy': 0.30029645562171936, 'neutral': 0.40682223439216614, 'sadness': 0.1426367461681366, 'surprise': 0.005214153788983822}",0.9752949268911484,0.23673259280893666,0.36394554039097715
context_516,"{'anger': 0.11606723815202713, 'disgust': 0.5445281267166138, 'fear': 0.004848976619541645, 'joy': 0.002001466229557991, 'neutral': 0.2887776494026184, 'sadness': 0.01329565979540348, 'surprise': 0.0304808858782053}","{'anger': 0.4480394721031189, 'disgust': 0.018228765577077866, 'fear': 0.4449288845062256, 'joy': 0.0026112396735697985, 'neutral': 0.05200975760817528, 'sadness': 0.004931104369461536, 'surprise': 0.029250873252749443}","{'anger': 0.003811435541138053, 'disgust': 0.0182203259319067, 'fear': 0.0038740148302167654, 'joy': 0.0016624780837446451, 'neutral': 0.03735481947660446, 'sadness': 0.9328553080558777, 'surprise': 0.002221682807430625}","{'anger': 0.062293440103530884, 'disgust': 0.15610316395759583, 'fear': 0.02733563631772995, 'joy': 0.008105676621198654, 'neutral': 0.6495655179023743, 'sadness': 0.09435590356588364, 'surprise': 0.002240645932033658}",0.20089988632227396,0.05736189640038658,0.6603640561727402
context_517,"{'anger': 0.0012320829555392265, 'disgust': 0.00128007004968822, 'fear': 0.9885687828063965, 'joy': 0.0009207440889440477, 'neutral': 0.003633128711953759, 'sadness': 0.0016256208764389157, 'surprise': 0.0027397340163588524}","{'anger': 0.010801737196743488, 'disgust': 0.1393050104379654, 'fear': 0.10162493586540222, 'joy': 0.06762084364891052, 'neutral': 0.6512185335159302, 'sadness': 0.021876351907849312, 'surprise': 0.007552681490778923}","{'anger': 0.004024454392492771, 'disgust': 0.001969602657482028, 'fear': 0.00711899995803833, 'joy': 0.34072449803352356, 'neutral': 0.6038703918457031, 'sadness': 0.010771457105875015, 'surprise': 0.03152056410908699}","{'anger': 0.0011993590742349625, 'disgust': 0.0015483141178265214, 'fear': 0.9839576482772827, 'joy': 0.001938310102559626, 'neutral': 0.006963188759982586, 'sadness': 0.0017605755710974336, 'surprise': 0.0026324850041419268}",0.1539870711314859,0.014070813851027486,0.9999936215776163
context_518,"{'anger': 0.863273024559021, 'disgust': 0.08555108308792114, 'fear': 0.0029743181075900793, 'joy': 0.0016263354336842895, 'neutral': 0.026560597121715546, 'sadness': 0.012851301580667496, 'surprise': 0.007163394708186388}","{'anger': 0.20482733845710754, 'disgust': 0.24663755297660828, 'fear': 0.006330267526209354, 'joy': 0.007308959029614925, 'neutral': 0.45639413595199585, 'sadness': 0.06334175914525986, 'surprise': 0.01515993569046259}","{'anger': 0.9175182580947876, 'disgust': 0.0029117469675838947, 'fear': 0.06226879730820656, 'joy': 0.0006726884748786688, 'neutral': 0.004725188948214054, 'sadness': 0.0068507022224366665, 'surprise': 0.005052622407674789}","{'anger': 0.24583539366722107, 'disgust': 0.006923469249159098, 'fear': 0.4627363681793213, 'joy': 0.003399349981918931, 'neutral': 0.022297626361250877, 'sadness': 0.0033512036316096783, 'surprise': 0.2554566264152527}",0.4328089526265596,0.9930237976092902,0.4278172826666857
context_519,"{'anger': 0.002691645175218582, 'disgust': 0.004584403242915869, 'fear': 0.0023960531689226627, 'joy': 0.0008074711658991873, 'neutral': 0.007391654886305332, 'sadness': 0.9794812798500061, 'surprise': 0.0026474848855286837}","{'anger': 0.0033815389033406973, 'disgust': 0.02244110219180584, 'fear': 0.009787378832697868, 'joy': 0.006090907379984856, 'neutral': 0.1284743696451187, 'sadness': 0.8174378871917725, 'surprise': 0.012386738322675228}","{'anger': 0.38494396209716797, 'disgust': 0.007396322675049305, 'fear': 0.2224321812391281, 'joy': 0.017093798145651817, 'neutral': 0.29495474696159363, 'sadness': 0.059543028473854065, 'surprise': 0.013635960407555103}","{'anger': 0.009982477873563766, 'disgust': 0.001797126024030149, 'fear': 0.8658803105354309, 'joy': 0.0009731079335324466, 'neutral': 0.0075247748754918575, 'sadness': 0.03235452622175217, 'surprise': 0.08148767799139023}",0.9886307477893984,0.11808767296568179,0.039963952763726884
context_520,"{'anger': 0.005309366621077061, 'disgust': 0.002827960764989257, 'fear': 0.0011412438470870256, 'joy': 0.9449345469474792, 'neutral': 0.029046466574072838, 'sadness': 0.009594809263944626, 'surprise': 0.007145580369979143}","{'anger': 0.027205519378185272, 'disgust': 0.02849772945046425, 'fear': 0.013960129581391811, 'joy': 0.038698822259902954, 'neutral': 0.8347167372703552, 'sadness': 0.05004861205816269, 'surprise': 0.006872393190860748}","{'anger': 0.013252799399197102, 'disgust': 0.03068024106323719, 'fear': 0.0081653306260705, 'joy': 0.006785273551940918, 'neutral': 0.06769054383039474, 'sadness': 0.8662497997283936, 'surprise': 0.007175948470830917}","{'anger': 0.09842725098133087, 'disgust': 0.2340632975101471, 'fear': 0.0037264798302203417, 'joy': 0.2210984081029892, 'neutral': 0.39506083726882935, 'sadness': 0.04436339810490608, 'surprise': 0.0032602823339402676}",0.07770999224930775,0.020562859223617558,0.4507642768544604
context_521,"{'anger': 0.7380935549736023, 'disgust': 0.1043553501367569, 'fear': 0.005158468149602413, 'joy': 0.0013870296534150839, 'neutral': 0.10527916997671127, 'sadness': 0.024151558056473732, 'surprise': 0.021574875339865685}","{'anger': 0.059316135942935944, 'disgust': 0.04324321821331978, 'fear': 0.07296732068061829, 'joy': 0.016162404790520668, 'neutral': 0.6680740714073181, 'sadness': 0.12780240178108215, 'surprise': 0.012434467673301697}","{'anger': 0.009732687845826149, 'disgust': 0.012549897655844688, 'fear': 0.004328632261604071, 'joy': 0.015422695316374302, 'neutral': 0.6156412959098816, 'sadness': 0.3135095238685608, 'surprise': 0.028815269470214844}","{'anger': 0.016996802762150764, 'disgust': 0.02528630755841732, 'fear': 0.10690493881702423, 'joy': 0.006639124825596809, 'neutral': 0.8294859528541565, 'sadness': 0.012041844427585602, 'surprise': 0.0026451186276972294}",0.2359472267409527,0.1564155163483687,0.16396824947328092
context_522,"{'anger': 0.4236597418785095, 'disgust': 0.4186215400695801, 'fear': 0.043402768671512604, 'joy': 0.001225880580022931, 'neutral': 0.04600091651082039, 'sadness': 0.06138690561056137, 'surprise': 0.005702237132936716}","{'anger': 0.2873377501964569, 'disgust': 0.051428500562906265, 'fear': 0.5465565323829651, 'joy': 0.0029437029734253883, 'neutral': 0.0874403566122055, 'sadness': 0.02177550084888935, 'surprise': 0.0025177299976348877}","{'anger': 0.05805881693959236, 'disgust': 0.017742281779646873, 'fear': 0.6715465784072876, 'joy': 0.004753271117806435, 'neutral': 0.11049023270606995, 'sadness': 0.13202781975269318, 'surprise': 0.005381026770919561}","{'anger': 0.06654099375009537, 'disgust': 0.030020905658602715, 'fear': 0.6625427603721619, 'joy': 0.0037126289680600166, 'neutral': 0.1906236708164215, 'sadness': 0.044341880828142166, 'surprise': 0.002217154251411557}",0.45717891397375365,0.17753810400077463,0.19370052186565667
context_523,"{'anger': 0.21389158070087433, 'disgust': 0.16395625472068787, 'fear': 0.03165349364280701, 'joy': 0.011370467953383923, 'neutral': 0.18383918702602386, 'sadness': 0.3811933994293213, 'surprise': 0.014095596969127655}","{'anger': 0.20885948836803436, 'disgust': 0.031717024743556976, 'fear': 0.005130005069077015, 'joy': 0.005284641869366169, 'neutral': 0.7298393845558167, 'sadness': 0.0083314822986722, 'surprise': 0.010838027112185955}","{'anger': 0.053925495594739914, 'disgust': 0.01494762022048235, 'fear': 0.00567826721817255, 'joy': 0.025717945769429207, 'neutral': 0.12065666913986206, 'sadness': 0.7348455190658569, 'surprise': 0.04422852396965027}","{'anger': 0.012859918177127838, 'disgust': 0.015798980370163918, 'fear': 0.9003989100456238, 'joy': 0.004020593129098415, 'neutral': 0.059928640723228455, 'sadness': 0.004934567026793957, 'surprise': 0.0020583709701895714}",0.49070576001479993,0.8428259400909249,0.10309744053200687
context_524,"{'anger': 0.07052187621593475, 'disgust': 0.031792014837265015, 'fear': 0.06762102991342545, 'joy': 0.005948100704699755, 'neutral': 0.30322638154029846, 'sadness': 0.4199078381061554, 'surprise': 0.10098285228013992}","{'anger': 0.015055880881845951, 'disgust': 0.009586766362190247, 'fear': 0.709876298904419, 'joy': 0.002404278377071023, 'neutral': 0.052484266459941864, 'sadness': 0.012159674428403378, 'surprise': 0.19843289256095886}","{'anger': 0.017106086015701294, 'disgust': 0.011052782647311687, 'fear': 0.0033165733329951763, 'joy': 0.012363458052277565, 'neutral': 0.9139890670776367, 'sadness': 0.03016161173582077, 'surprise': 0.012010383419692516}","{'anger': 0.00933433324098587, 'disgust': 0.013186268508434296, 'fear': 0.8350761532783508, 'joy': 0.005553530063480139, 'neutral': 0.08765498548746109, 'sadness': 0.04803096130490303, 'surprise': 0.001163818291388452}",0.22754800628694893,0.5954298318645644,0.23093431525270958
context_525,"{'anger': 0.03956524655222893, 'disgust': 0.15748395025730133, 'fear': 0.5563496947288513, 'joy': 0.001297249924391508, 'neutral': 0.15378302335739136, 'sadness': 0.06769357621669769, 'surprise': 0.02382727526128292}","{'anger': 0.005647398065775633, 'disgust': 0.007994275540113449, 'fear': 0.801184892654419, 'joy': 0.0027945719193667173, 'neutral': 0.05350217968225479, 'sadness': 0.05306161567568779, 'surprise': 0.07581499218940735}","{'anger': 0.009431642480194569, 'disgust': 0.038786545395851135, 'fear': 0.0852414071559906, 'joy': 0.004789476748555899, 'neutral': 0.13316422700881958, 'sadness': 0.718095600605011, 'surprise': 0.0104911420494318}","{'anger': 0.005413023754954338, 'disgust': 0.040836334228515625, 'fear': 0.0563381053507328, 'joy': 0.006751229986548424, 'neutral': 0.22083637118339539, 'sadness': 0.6623961925506592, 'surprise': 0.00742875412106514}",0.9440580266929044,0.27712184862145395,0.27600975768472025
context_526,"{'anger': 0.004454152192920446, 'disgust': 0.019441213458776474, 'fear': 0.021143881604075432, 'joy': 0.003588360734283924, 'neutral': 0.06140071898698807, 'sadness': 0.8670582175254822, 'surprise': 0.022913431748747826}","{'anger': 0.03966251388192177, 'disgust': 0.03127916157245636, 'fear': 0.007324100937694311, 'joy': 0.002819853601977229, 'neutral': 0.0879872590303421, 'sadness': 0.814701497554779, 'surprise': 0.016225652769207954}","{'anger': 0.007187029346823692, 'disgust': 0.006709272041916847, 'fear': 0.00660123024135828, 'joy': 0.002631586277857423, 'neutral': 0.043211471289396286, 'sadness': 0.9265720844268799, 'surprise': 0.0070874374359846115}","{'anger': 0.000884600100107491, 'disgust': 0.0035154661163687706, 'fear': 0.001109040924347937, 'joy': 0.0020066993311047554, 'neutral': 0.011189098469913006, 'sadness': 0.9796105623245239, 'surprise': 0.0016845496138557792}",0.9981247729909488,0.9992687484038506,0.9974865401322024
context_527,"{'anger': 0.5137820839881897, 'disgust': 0.0866757184267044, 'fear': 0.27595019340515137, 'joy': 0.005503837950527668, 'neutral': 0.05824289470911026, 'sadness': 0.052105970680713654, 'surprise': 0.007739336229860783}","{'anger': 0.09557880461215973, 'disgust': 0.07008448243141174, 'fear': 0.014292130246758461, 'joy': 0.004590409342199564, 'neutral': 0.7608180046081543, 'sadness': 0.02026643045246601, 'surprise': 0.03436974808573723}","{'anger': 0.05412132665514946, 'disgust': 0.03613503277301788, 'fear': 0.01200139056891203, 'joy': 0.25562500953674316, 'neutral': 0.602105438709259, 'sadness': 0.03669728711247444, 'surprise': 0.003314470872282982}","{'anger': 0.07669786363840103, 'disgust': 0.05973001942038536, 'fear': 0.010317427106201649, 'joy': 0.014070534147322178, 'neutral': 0.7977489829063416, 'sadness': 0.040268588811159134, 'surprise': 0.001166588976047933}",0.22842737902291665,0.18551023901577168,0.20068399549019722
context_528,"{'anger': 0.008271676488220692, 'disgust': 0.023241931572556496, 'fear': 0.3154797852039337, 'joy': 0.0024638455361127853, 'neutral': 0.10710173100233078, 'sadness': 0.5297535061836243, 'surprise': 0.013687554746866226}","{'anger': 0.06145487725734711, 'disgust': 0.07948542386293411, 'fear': 0.2098463475704193, 'joy': 0.008149612694978714, 'neutral': 0.6015808582305908, 'sadness': 0.03241854906082153, 'surprise': 0.0070643192157149315}","{'anger': 0.008613219484686852, 'disgust': 0.003836660645902157, 'fear': 0.4729721248149872, 'joy': 0.012208478525280952, 'neutral': 0.11998431384563446, 'sadness': 0.3148680031299591, 'surprise': 0.06751718372106552}","{'anger': 0.0055211447179317474, 'disgust': 0.014116738922894001, 'fear': 0.8252657055854797, 'joy': 0.0022051529958844185, 'neutral': 0.11774024367332458, 'sadness': 0.0302842166274786, 'surprise': 0.004866769537329674}",0.37139969431396347,0.9006701461769896,0.55380492229998
context_529,"{'anger': 0.8898403644561768, 'disgust': 0.016039540991187096, 'fear': 0.02731955237686634, 'joy': 0.0014030567836016417, 'neutral': 0.049025822430849075, 'sadness': 0.012341950088739395, 'surprise': 0.004029708914458752}","{'anger': 0.08800140023231506, 'disgust': 0.04596559703350067, 'fear': 0.38603639602661133, 'joy': 0.0038094399496912956, 'neutral': 0.45432865619659424, 'sadness': 0.018818166106939316, 'surprise': 0.0030402233824133873}","{'anger': 0.005967354401946068, 'disgust': 0.000868262373842299, 'fear': 0.9838969707489014, 'joy': 0.0007291107322089374, 'neutral': 0.0046314760111272335, 'sadness': 0.0029394258745014668, 'surprise': 0.0009674634784460068}","{'anger': 0.008139630779623985, 'disgust': 0.002762415213510394, 'fear': 0.9715652465820312, 'joy': 0.0009620082564651966, 'neutral': 0.0120755759999156, 'sadness': 0.003655244130641222, 'surprise': 0.0008397813653573394}",0.20788536686269987,0.037004159859927,0.039778448791979226
context_530,"{'anger': 0.46019044518470764, 'disgust': 0.320607990026474, 'fear': 0.013728819787502289, 'joy': 0.001734290737658739, 'neutral': 0.09465792030096054, 'sadness': 0.10154861211776733, 'surprise': 0.007531885057687759}","{'anger': 0.008303012698888779, 'disgust': 0.01146259531378746, 'fear': 0.0014913822524249554, 'joy': 0.6580042243003845, 'neutral': 0.10104870796203613, 'sadness': 0.20519320666790009, 'surprise': 0.014496867544949055}","{'anger': 0.8856706023216248, 'disgust': 0.003509346628561616, 'fear': 0.003474157303571701, 'joy': 0.0010977910133078694, 'neutral': 0.006597317289561033, 'sadness': 0.09475094825029373, 'surprise': 0.004899865947663784}","{'anger': 0.06934415549039841, 'disgust': 0.029985422268509865, 'fear': 0.06478878855705261, 'joy': 0.022750068455934525, 'neutral': 0.7558800578117371, 'sadness': 0.0557999312877655, 'surprise': 0.0014515856746584177}",0.09723674439637509,0.813865979486184,0.27074452131947657
context_531,"{'anger': 0.21359632909297943, 'disgust': 0.6984920501708984, 'fear': 0.03329892456531525, 'joy': 0.0005943600554019213, 'neutral': 0.041251763701438904, 'sadness': 0.007298690732568502, 'surprise': 0.005467900540679693}","{'anger': 0.07109564542770386, 'disgust': 0.24308976531028748, 'fear': 0.017098724842071533, 'joy': 0.003104026662185788, 'neutral': 0.6472698450088501, 'sadness': 0.014535521157085896, 'surprise': 0.0038064748514443636}","{'anger': 0.004955917596817017, 'disgust': 0.011012723669409752, 'fear': 0.8152180910110474, 'joy': 0.017010152339935303, 'neutral': 0.1390821635723114, 'sadness': 0.006896979175508022, 'surprise': 0.005823939573019743}","{'anger': 0.1640772968530655, 'disgust': 0.4547320306301117, 'fear': 0.0630343109369278, 'joy': 0.0030146660283207893, 'neutral': 0.2954046428203583, 'sadness': 0.017821524292230606, 'surprise': 0.0019155021291226149}",0.41697506994834854,0.06886449082034829,0.8788499919999412
context_532,"{'anger': 0.06040802597999573, 'disgust': 0.1442524939775467, 'fear': 0.33501020073890686, 'joy': 0.012554170563817024, 'neutral': 0.3988158106803894, 'sadness': 0.017893699929118156, 'surprise': 0.031065620481967926}","{'anger': 0.004754948429763317, 'disgust': 0.012939597479999065, 'fear': 0.004031302873045206, 'joy': 0.03487849980592728, 'neutral': 0.9354808330535889, 'sadness': 0.004969703499227762, 'surprise': 0.002945144195109606}","{'anger': 0.1338895857334137, 'disgust': 0.06884267926216125, 'fear': 0.24934610724449158, 'joy': 0.003833785653114319, 'neutral': 0.17907944321632385, 'sadness': 0.35836923122406006, 'surprise': 0.006639136467128992}","{'anger': 0.016165724024176598, 'disgust': 0.036324385553598404, 'fear': 0.4512917697429657, 'joy': 0.007134424522519112, 'neutral': 0.47034043073654175, 'sadness': 0.01168152317404747, 'surprise': 0.007061720360070467}",0.7390424155239228,0.6651995682060154,0.9702240415786141
context_533,"{'anger': 0.09803147614002228, 'disgust': 0.7751832008361816, 'fear': 0.06952134519815445, 'joy': 0.001599144539795816, 'neutral': 0.02976038306951523, 'sadness': 0.020117467269301414, 'surprise': 0.005786898545920849}","{'anger': 0.012376322411000729, 'disgust': 0.008742311038076878, 'fear': 0.039272431284189224, 'joy': 0.574120819568634, 'neutral': 0.3203173875808716, 'sadness': 0.029810115694999695, 'surprise': 0.015360686928033829}","{'anger': 0.0053913770243525505, 'disgust': 0.0005928365862928331, 'fear': 0.9845845103263855, 'joy': 0.0010329565266147256, 'neutral': 0.0038270934019237757, 'sadness': 0.0018494246760383248, 'surprise': 0.002721778815612197}","{'anger': 0.028154544532299042, 'disgust': 0.6847178936004639, 'fear': 0.011836528778076172, 'joy': 0.005991725716739893, 'neutral': 0.25202319025993347, 'sadness': 0.015412955544888973, 'surprise': 0.0018630443373695016}",0.042200430145701295,0.09002290678643987,0.9452204536024887
context_534,"{'anger': 0.789191484451294, 'disgust': 0.136529803276062, 'fear': 0.004412462934851646, 'joy': 0.0009761048713698983, 'neutral': 0.021169789135456085, 'sadness': 0.04329279810190201, 'surprise': 0.004427534528076649}","{'anger': 0.15301191806793213, 'disgust': 0.36725762486457825, 'fear': 0.0026464988477528095, 'joy': 0.02107332833111286, 'neutral': 0.4304219186306, 'sadness': 0.021371783688664436, 'surprise': 0.0042170085944235325}","{'anger': 0.016546711325645447, 'disgust': 0.06155015155673027, 'fear': 0.0032085166312754154, 'joy': 0.1464255452156067, 'neutral': 0.5896333456039429, 'sadness': 0.1784270852804184, 'surprise': 0.004208636004477739}","{'anger': 0.32200542092323303, 'disgust': 0.10879618674516678, 'fear': 0.0051635075360536575, 'joy': 0.011301654390990734, 'neutral': 0.5350702404975891, 'sadness': 0.016063116490840912, 'surprise': 0.0015998354647308588}",0.3843064277988091,0.08194268318181053,0.552260482517305
context_535,"{'anger': 0.02120831049978733, 'disgust': 0.7918981313705444, 'fear': 0.03015962801873684, 'joy': 0.0022279282566159964, 'neutral': 0.06953693181276321, 'sadness': 0.03868132457137108, 'surprise': 0.04628777876496315}","{'anger': 0.149342879652977, 'disgust': 0.7541013956069946, 'fear': 0.01955839805305004, 'joy': 0.0017920891987159848, 'neutral': 0.03464353829622269, 'sadness': 0.021534843370318413, 'surprise': 0.019026942551136017}","{'anger': 0.01603979617357254, 'disgust': 0.0008912571356631815, 'fear': 0.0038771049585193396, 'joy': 0.005608622450381517, 'neutral': 0.0010288130724802613, 'sadness': 0.9718100428581238, 'surprise': 0.0007443508366122842}","{'anger': 0.0034913579002022743, 'disgust': 0.13970836997032166, 'fear': 0.011813458986580372, 'joy': 0.015321416780352592, 'neutral': 0.39998137950897217, 'sadness': 0.4174024164676666, 'surprise': 0.012281506322324276}",0.9841868915071263,0.05011164052295336,0.32762007224801604
context_536,"{'anger': 0.2179286628961563, 'disgust': 0.5630732774734497, 'fear': 0.025447051972150803, 'joy': 0.002395626623183489, 'neutral': 0.15101054310798645, 'sadness': 0.03564366698265076, 'surprise': 0.00450110761448741}","{'anger': 0.35329532623291016, 'disgust': 0.1685325801372528, 'fear': 0.02182648330926895, 'joy': 0.018814925104379654, 'neutral': 0.33635419607162476, 'sadness': 0.09589077532291412, 'surprise': 0.00528571056202054}","{'anger': 0.12417492270469666, 'disgust': 0.09532798081636429, 'fear': 0.02981041930615902, 'joy': 0.007912791334092617, 'neutral': 0.5815370082855225, 'sadness': 0.1568465679883957, 'surprise': 0.0043902406468987465}","{'anger': 0.002979833632707596, 'disgust': 0.004627946298569441, 'fear': 0.0014613228850066662, 'joy': 0.001641303999349475, 'neutral': 0.00630367174744606, 'sadness': 0.9823741912841797, 'surprise': 0.0006117948796600103}",0.6911701190683237,0.4499846817827313,0.06406044648789178
context_537,"{'anger': 0.0010930182179436088, 'disgust': 0.0021147646475583315, 'fear': 0.9798429608345032, 'joy': 0.0006725917919538915, 'neutral': 0.002789724851027131, 'sadness': 0.012190986424684525, 'surprise': 0.001296109869144857}","{'anger': 0.007019917014986277, 'disgust': 0.0028624588157981634, 'fear': 0.4422593414783478, 'joy': 0.003049422986805439, 'neutral': 0.012613937258720398, 'sadness': 0.0024980762973427773, 'surprise': 0.5296968817710876}","{'anger': 0.0032083753030747175, 'disgust': 0.0017626335611566901, 'fear': 0.9766044020652771, 'joy': 0.000940655474551022, 'neutral': 0.005762018263339996, 'sadness': 0.0015210320707410574, 'surprise': 0.010200834833085537}","{'anger': 0.002703565638512373, 'disgust': 0.0015711664455011487, 'fear': 0.9660683274269104, 'joy': 0.0010113195748999715, 'neutral': 0.008196487091481686, 'sadness': 0.004771164618432522, 'surprise': 0.015677839517593384}",0.6418315199622568,0.9998920596595567,0.9998432973658392
context_538,"{'anger': 0.10990545153617859, 'disgust': 0.6591472625732422, 'fear': 0.032924313098192215, 'joy': 0.001425021211616695, 'neutral': 0.15415488183498383, 'sadness': 0.012467961758375168, 'surprise': 0.029975099489092827}","{'anger': 0.02871328964829445, 'disgust': 0.06280068308115005, 'fear': 0.0018541340250521898, 'joy': 0.010200717486441135, 'neutral': 0.8768430352210999, 'sadness': 0.00955983716994524, 'surprise': 0.010028372518718243}","{'anger': 0.005310988985002041, 'disgust': 0.006351933814585209, 'fear': 0.9588034749031067, 'joy': 0.0017192454542964697, 'neutral': 0.016497353091835976, 'sadness': 0.010018907487392426, 'surprise': 0.0012980591272935271}","{'anger': 0.07083196192979813, 'disgust': 0.21204501390457153, 'fear': 0.051061734557151794, 'joy': 0.001988096395507455, 'neutral': 0.6338616609573364, 'sadness': 0.027099568396806717, 'surprise': 0.0031120125204324722}",0.2980316749020788,0.05923543482022475,0.5334882773199371
context_539,"{'anger': 0.8584892749786377, 'disgust': 0.050402410328388214, 'fear': 0.005100049078464508, 'joy': 0.0013170106103643775, 'neutral': 0.043588221073150635, 'sadness': 0.030185770243406296, 'surprise': 0.010917339473962784}","{'anger': 0.012944160029292107, 'disgust': 0.007439641747623682, 'fear': 0.06360025703907013, 'joy': 0.017736157402396202, 'neutral': 0.6295612454414368, 'sadness': 0.04381144791841507, 'surprise': 0.22490713000297546}","{'anger': 0.018344320356845856, 'disgust': 0.011558897793293, 'fear': 0.3496769666671753, 'joy': 0.0046899388544261456, 'neutral': 0.18509337306022644, 'sadness': 0.016834529116749763, 'surprise': 0.41380202770233154}","{'anger': 0.47199389338493347, 'disgust': 0.18240515887737274, 'fear': 0.012569026090204716, 'joy': 0.0019881019834429026, 'neutral': 0.07930166274309158, 'sadness': 0.24963416159152985, 'surprise': 0.002107921987771988}",0.07420151858941515,0.06319877131404283,0.8663720509704134
context_540,"{'anger': 0.12589968740940094, 'disgust': 0.07936299592256546, 'fear': 0.006067135836929083, 'joy': 0.004120565950870514, 'neutral': 0.7541504502296448, 'sadness': 0.0200877096503973, 'surprise': 0.010311435908079147}","{'anger': 0.0032859796192497015, 'disgust': 0.0025197649374604225, 'fear': 0.9195894598960876, 'joy': 0.0015010565984994173, 'neutral': 0.015556856989860535, 'sadness': 0.054726436734199524, 'surprise': 0.0028204130940139294}","{'anger': 0.0209633968770504, 'disgust': 0.006251692771911621, 'fear': 0.5176693201065063, 'joy': 0.00290189147926867, 'neutral': 0.03932376950979233, 'sadness': 0.004483251366764307, 'surprise': 0.40840667486190796}","{'anger': 0.015247239731252193, 'disgust': 0.02615770511329174, 'fear': 0.006505876779556274, 'joy': 0.012151314876973629, 'neutral': 0.9215599298477173, 'sadness': 0.016605345532298088, 'surprise': 0.0017725802026689053}",0.026898355294238674,0.07917712445272418,0.986067576552964
context_541,"{'anger': 0.002077748067677021, 'disgust': 0.003938338719308376, 'fear': 0.0026568477042019367, 'joy': 0.026638034731149673, 'neutral': 0.03235401213169098, 'sadness': 0.9296772480010986, 'surprise': 0.002657715929672122}","{'anger': 0.010896957479417324, 'disgust': 0.028121599927544594, 'fear': 0.03938454017043114, 'joy': 0.5855951905250549, 'neutral': 0.3103027641773224, 'sadness': 0.01906990446150303, 'surprise': 0.006629094015806913}","{'anger': 0.004832500591874123, 'disgust': 0.008336600847542286, 'fear': 0.19662882387638092, 'joy': 0.00290059857070446, 'neutral': 0.06282323598861694, 'sadness': 0.7132406830787659, 'surprise': 0.011237557046115398}","{'anger': 0.012482620775699615, 'disgust': 0.06715063750743866, 'fear': 0.1402493566274643, 'joy': 0.1084359809756279, 'neutral': 0.486881285905838, 'sadness': 0.17775806784629822, 'surprise': 0.007042034529149532}",0.07049951344098648,0.9633023155343083,0.35925335438813844
context_542,"{'anger': 0.022635934874415398, 'disgust': 0.18603648245334625, 'fear': 0.014966478571295738, 'joy': 0.007610812317579985, 'neutral': 0.6946026682853699, 'sadness': 0.006933415308594704, 'surprise': 0.067214235663414}","{'anger': 0.008379604667425156, 'disgust': 0.021433105692267418, 'fear': 0.0009611218119971454, 'joy': 0.008652538061141968, 'neutral': 0.9500299692153931, 'sadness': 0.0022002803161740303, 'surprise': 0.008343389257788658}","{'anger': 0.050425346940755844, 'disgust': 0.18809774518013, 'fear': 0.01570507511496544, 'joy': 0.004514485597610474, 'neutral': 0.7176766991615295, 'sadness': 0.007387117948383093, 'surprise': 0.016193537041544914}","{'anger': 0.009477507323026657, 'disgust': 0.06102525442838669, 'fear': 0.771408200263977, 'joy': 0.003321718890219927, 'neutral': 0.14159327745437622, 'sadness': 0.009652363136410713, 'surprise': 0.0035217006225138903}",0.9676604926983475,0.9967718070567843,0.2141604151856733
context_543,"{'anger': 0.24889127910137177, 'disgust': 0.4374823570251465, 'fear': 0.10444650053977966, 'joy': 0.002329701790586114, 'neutral': 0.14080561697483063, 'sadness': 0.053698185831308365, 'surprise': 0.012346330098807812}","{'anger': 0.1477862000465393, 'disgust': 0.015089537017047405, 'fear': 0.74225914478302, 'joy': 0.003600184340029955, 'neutral': 0.05976129323244095, 'sadness': 0.028406817466020584, 'surprise': 0.0030968531500548124}","{'anger': 0.24749065935611725, 'disgust': 0.09392335265874863, 'fear': 0.4775370657444, 'joy': 0.004863531794399023, 'neutral': 0.11081526428461075, 'sadness': 0.06182212382555008, 'surprise': 0.0035480433143675327}","{'anger': 0.14115937054157257, 'disgust': 0.055741313844919205, 'fear': 0.7573383450508118, 'joy': 0.0013858870370313525, 'neutral': 0.025143206119537354, 'sadness': 0.01694723218679428, 'surprise': 0.0022846234496682882}",0.3214828520780548,0.5710930505364673,0.3454956527671573
context_544,"{'anger': 0.3155246376991272, 'disgust': 0.5738024711608887, 'fear': 0.005633178167045116, 'joy': 0.0008114615920931101, 'neutral': 0.013663157820701599, 'sadness': 0.08530734479427338, 'surprise': 0.0052577718161046505}","{'anger': 0.2510164976119995, 'disgust': 0.013377515599131584, 'fear': 0.4534422755241394, 'joy': 0.003765539266169071, 'neutral': 0.013577229343354702, 'sadness': 0.24713891744613647, 'surprise': 0.017681991681456566}","{'anger': 0.8068615794181824, 'disgust': 0.01518068928271532, 'fear': 0.004353517200797796, 'joy': 0.004014559090137482, 'neutral': 0.1596464216709137, 'sadness': 0.005688484758138657, 'surprise': 0.004254729487001896}","{'anger': 0.6495825052261353, 'disgust': 0.2560492157936096, 'fear': 0.008741728961467743, 'joy': 0.002018905943259597, 'neutral': 0.05830742046236992, 'sadness': 0.024694327265024185, 'surprise': 0.0006058508297428489}",0.29181507158342146,0.4895025710752611,0.7661493561918655
context_545,"{'anger': 0.010465959087014198, 'disgust': 0.015387105755507946, 'fear': 0.6677634716033936, 'joy': 0.005745771341025829, 'neutral': 0.2514629065990448, 'sadness': 0.04136640951037407, 'surprise': 0.007808292284607887}","{'anger': 0.018797285854816437, 'disgust': 0.00919706653803587, 'fear': 0.04198151454329491, 'joy': 0.013638646341860294, 'neutral': 0.8854091763496399, 'sadness': 0.016967739909887314, 'surprise': 0.014008551836013794}","{'anger': 0.006047310773283243, 'disgust': 0.011199400760233402, 'fear': 0.023412635549902916, 'joy': 0.0032180564012378454, 'neutral': 0.9437742233276367, 'sadness': 0.006772888824343681, 'surprise': 0.00557549437507987}","{'anger': 0.013792410492897034, 'disgust': 0.010492867790162563, 'fear': 0.6839560866355896, 'joy': 0.004207763820886612, 'neutral': 0.2632424235343933, 'sadness': 0.01905839890241623, 'surprise': 0.005249967332929373}",0.39716533906798435,0.3755280992704859,0.9994206678376609
context_546,"{'anger': 0.09172478318214417, 'disgust': 0.1953425407409668, 'fear': 0.05135541409254074, 'joy': 0.0016252266941592097, 'neutral': 0.38832664489746094, 'sadness': 0.2125130146741867, 'surprise': 0.05911235138773918}","{'anger': 0.00400189682841301, 'disgust': 0.009224108420312405, 'fear': 0.023915132507681847, 'joy': 0.002868644893169403, 'neutral': 0.034359175711870193, 'sadness': 0.9191508293151855, 'surprise': 0.006480294745415449}","{'anger': 0.015048087574541569, 'disgust': 0.018802335485816002, 'fear': 0.10088615119457245, 'joy': 0.0024113047402352095, 'neutral': 0.8300724029541016, 'sadness': 0.023639732971787453, 'surprise': 0.009140031412243843}","{'anger': 0.04566791653633118, 'disgust': 0.031789835542440414, 'fear': 0.09888030588626862, 'joy': 0.003068758174777031, 'neutral': 0.7971322536468506, 'sadness': 0.01992754638195038, 'surprise': 0.003533395938575268}",0.46301109334470447,0.8102314493738408,0.8203251876938521
context_547,"{'anger': 0.052574630826711655, 'disgust': 0.46385088562965393, 'fear': 0.35747990012168884, 'joy': 0.00200609746389091, 'neutral': 0.049370426684617996, 'sadness': 0.06920155882835388, 'surprise': 0.005516477394849062}","{'anger': 0.013629360124468803, 'disgust': 0.02212081477046013, 'fear': 0.002964433515444398, 'joy': 0.015482607297599316, 'neutral': 0.9307429194450378, 'sadness': 0.011999940499663353, 'surprise': 0.003060015384107828}","{'anger': 0.015241336077451706, 'disgust': 0.011504661291837692, 'fear': 0.014237716794013977, 'joy': 0.3069812059402466, 'neutral': 0.6269747614860535, 'sadness': 0.021276824176311493, 'surprise': 0.0037835759576410055}","{'anger': 0.011427154764533043, 'disgust': 0.05580341815948486, 'fear': 0.010455894283950329, 'joy': 0.00675499252974987, 'neutral': 0.8830499649047852, 'sadness': 0.029603885486721992, 'surprise': 0.0029046519193798304}",0.10638922476453694,0.10667568786417059,0.14427210980839034
context_548,"{'anger': 0.015436934307217598, 'disgust': 0.2253512591123581, 'fear': 0.2540612518787384, 'joy': 0.0032575270161032677, 'neutral': 0.0776633769273758, 'sadness': 0.41863492131233215, 'surprise': 0.005594724789261818}","{'anger': 0.02019486203789711, 'disgust': 0.01116787176579237, 'fear': 0.10411946475505829, 'joy': 0.2580817639827728, 'neutral': 0.5813769102096558, 'sadness': 0.011550207622349262, 'surprise': 0.013508976437151432}","{'anger': 0.010287811979651451, 'disgust': 0.015644539147615433, 'fear': 0.18400675058364868, 'joy': 0.1640133112668991, 'neutral': 0.4633118808269501, 'sadness': 0.15644268691539764, 'surprise': 0.006293047219514847}","{'anger': 0.010197244584560394, 'disgust': 0.034638237208127975, 'fear': 0.061970654875040054, 'joy': 0.010545335710048676, 'neutral': 0.8501847386360168, 'sadness': 0.028831154108047485, 'surprise': 0.0036326665431261063}",0.22807973039857665,0.5106679691913232,0.21895912822424624
context_549,"{'anger': 0.2862131595611572, 'disgust': 0.05231715366244316, 'fear': 0.01930083893239498, 'joy': 0.0020508163142949343, 'neutral': 0.5206392407417297, 'sadness': 0.09308955073356628, 'surprise': 0.02638925239443779}","{'anger': 0.1339946985244751, 'disgust': 0.036170002073049545, 'fear': 0.06479264050722122, 'joy': 0.0149238808080554, 'neutral': 0.6761634945869446, 'sadness': 0.06728094071149826, 'surprise': 0.00667436933144927}","{'anger': 0.04009276255965233, 'disgust': 0.01318349875509739, 'fear': 0.19094839692115784, 'joy': 0.008414654061198235, 'neutral': 0.7013790607452393, 'sadness': 0.0398264154791832, 'surprise': 0.006155192386358976}","{'anger': 0.36458078026771545, 'disgust': 0.03996366634964943, 'fear': 0.05330868810415268, 'joy': 0.0036419127136468887, 'neutral': 0.48825308680534363, 'sadness': 0.04742825776338577, 'surprise': 0.002823576098307967}",0.9496610260986573,0.8730296991241568,0.9851538761387568
context_550,"{'anger': 0.08496928960084915, 'disgust': 0.4142884910106659, 'fear': 0.24635617434978485, 'joy': 0.0013279177946969867, 'neutral': 0.025388643145561218, 'sadness': 0.22456231713294983, 'surprise': 0.003107090713456273}","{'anger': 0.14314515888690948, 'disgust': 0.03358802571892738, 'fear': 0.6128571033477783, 'joy': 0.010965823195874691, 'neutral': 0.12526707351207733, 'sadness': 0.0653642788529396, 'surprise': 0.008812543004751205}","{'anger': 0.13756786286830902, 'disgust': 0.07142025232315063, 'fear': 0.6741319298744202, 'joy': 0.0017449427396059036, 'neutral': 0.05438034608960152, 'sadness': 0.0549471341073513, 'surprise': 0.005807457957416773}","{'anger': 0.010463416576385498, 'disgust': 0.025776512920856476, 'fear': 0.01900392957031727, 'joy': 0.01420685462653637, 'neutral': 0.8546428680419922, 'sadness': 0.07107054442167282, 'surprise': 0.004835895728319883}",0.5597726209106473,0.5892007913482885,0.11656574341416837
context_551,"{'anger': 0.007186339236795902, 'disgust': 0.011840341612696648, 'fear': 0.87889564037323, 'joy': 0.00206890981644392, 'neutral': 0.06104935333132744, 'sadness': 0.01736563816666603, 'surprise': 0.021593676880002022}","{'anger': 0.007910268381237984, 'disgust': 0.006118559744209051, 'fear': 0.7668171525001526, 'joy': 0.004538235254585743, 'neutral': 0.19341252744197845, 'sadness': 0.013567752204835415, 'surprise': 0.007635468151420355}","{'anger': 0.0053079500794410706, 'disgust': 0.0008915658108890057, 'fear': 0.9660588502883911, 'joy': 0.001937036169692874, 'neutral': 0.00859918724745512, 'sadness': 0.0020957281813025475, 'surprise': 0.015109655447304249}","{'anger': 0.00567546347156167, 'disgust': 0.004432207439094782, 'fear': 0.870475172996521, 'joy': 0.010877997614443302, 'neutral': 0.09785684198141098, 'sadness': 0.008015687577426434, 'surprise': 0.002666601911187172}",0.9841257923365789,0.9979001019423146,0.9987205896468152
context_552,"{'anger': 0.17330366373062134, 'disgust': 0.7340855598449707, 'fear': 0.018625570461153984, 'joy': 0.0009395501110702753, 'neutral': 0.04268496856093407, 'sadness': 0.024018971249461174, 'surprise': 0.006341664120554924}","{'anger': 0.008869048207998276, 'disgust': 0.002478637732565403, 'fear': 0.004660312552005053, 'joy': 0.7298855781555176, 'neutral': 0.1252419352531433, 'sadness': 0.08359401673078537, 'surprise': 0.04527037963271141}","{'anger': 0.021460676565766335, 'disgust': 0.0076647596433758736, 'fear': 0.19840219616889954, 'joy': 0.010641084052622318, 'neutral': 0.4654674530029297, 'sadness': 0.26193153858184814, 'surprise': 0.03443237394094467}","{'anger': 0.1358090341091156, 'disgust': 0.07150114327669144, 'fear': 0.3243407607078552, 'joy': 0.006074788048863411, 'neutral': 0.40642404556274414, 'sadness': 0.053443603217601776, 'surprise': 0.002406577579677105}",0.02084707770193195,0.09126954491900985,0.24449279744194607
context_553,"{'anger': 0.0011429192963987589, 'disgust': 0.003277061739936471, 'fear': 0.0021381450351327658, 'joy': 0.0014332425780594349, 'neutral': 0.013794688507914543, 'sadness': 0.9755920767784119, 'surprise': 0.002621881663799286}","{'anger': 0.019307369366288185, 'disgust': 0.03197047859430313, 'fear': 0.2001408189535141, 'joy': 0.0029048461001366377, 'neutral': 0.1322077214717865, 'sadness': 0.6054285764694214, 'surprise': 0.00804016925394535}","{'anger': 0.017909089103341103, 'disgust': 0.005504251457750797, 'fear': 0.21751970052719116, 'joy': 0.17590726912021637, 'neutral': 0.33903950452804565, 'sadness': 0.20798152685165405, 'surprise': 0.0361386314034462}","{'anger': 0.24793347716331482, 'disgust': 0.04581547528505325, 'fear': 0.042183417826890945, 'joy': 0.0051237973384559155, 'neutral': 0.5384200215339661, 'sadness': 0.11733321845531464, 'surprise': 0.0031905591022223234}",0.9317594251343131,0.4377747377840343,0.2065617503856002
context_554,"{'anger': 0.004372315015643835, 'disgust': 0.012894037179648876, 'fear': 0.06533098965883255, 'joy': 0.002341529354453087, 'neutral': 0.04604664444923401, 'sadness': 0.8634567856788635, 'surprise': 0.005557680502533913}","{'anger': 0.010062087327241898, 'disgust': 0.004549860022962093, 'fear': 0.0011279318714514375, 'joy': 0.05277005955576897, 'neutral': 0.04401450604200363, 'sadness': 0.8846631646156311, 'surprise': 0.002812412101775408}","{'anger': 0.011663020588457584, 'disgust': 0.007017284166067839, 'fear': 0.5015203952789307, 'joy': 0.011100323870778084, 'neutral': 0.42212149500846863, 'sadness': 0.03961388021707535, 'surprise': 0.006963638123124838}","{'anger': 0.003798549994826317, 'disgust': 0.015827080234885216, 'fear': 0.026363756507635117, 'joy': 0.017716608941555023, 'neutral': 0.20033816993236542, 'sadness': 0.7330249547958374, 'surprise': 0.0029309378005564213}",0.9955670474120902,0.15200849570485686,0.9763242970461101
context_555,"{'anger': 0.011966265738010406, 'disgust': 0.8147221207618713, 'fear': 0.14641480147838593, 'joy': 0.000841003842651844, 'neutral': 0.015733005478978157, 'sadness': 0.005081425420939922, 'surprise': 0.005241380073130131}","{'anger': 0.02408912219107151, 'disgust': 0.006422777194529772, 'fear': 0.0028783611487597227, 'joy': 0.032360076904296875, 'neutral': 0.9245403409004211, 'sadness': 0.0033831552136689425, 'surprise': 0.006326216738671064}","{'anger': 0.006053499411791563, 'disgust': 0.002840254222974181, 'fear': 0.7897537350654602, 'joy': 0.014151256531476974, 'neutral': 0.1595107614994049, 'sadness': 0.019168764352798462, 'surprise': 0.00852158386260271}","{'anger': 0.007572298403829336, 'disgust': 0.06302428245544434, 'fear': 0.14669668674468994, 'joy': 0.007391883060336113, 'neutral': 0.20205456018447876, 'sadness': 0.5601719617843628, 'surprise': 0.013088362291455269}",0.02683670693716167,0.18079464464558592,0.15472104195408087
context_556,"{'anger': 0.0135459890589118, 'disgust': 0.17086000740528107, 'fear': 0.016036536544561386, 'joy': 0.008702096529304981, 'neutral': 0.3247181177139282, 'sadness': 0.4598299562931061, 'surprise': 0.006307295989245176}","{'anger': 0.8787730932235718, 'disgust': 0.021906068548560143, 'fear': 0.03162474185228348, 'joy': 0.0022023816127330065, 'neutral': 0.038004472851753235, 'sadness': 0.024144984781742096, 'surprise': 0.0033442035783082247}","{'anger': 0.044353075325489044, 'disgust': 0.10126641392707825, 'fear': 0.011025515384972095, 'joy': 0.0066807568073272705, 'neutral': 0.07599160075187683, 'sadness': 0.7519067525863647, 'surprise': 0.008775786496698856}","{'anger': 0.031023437157273293, 'disgust': 0.031561918556690216, 'fear': 0.39238035678863525, 'joy': 0.00945202074944973, 'neutral': 0.43795761466026306, 'sadness': 0.09312161058187485, 'surprise': 0.004502946510910988}",0.076437156700635,0.8640292852247099,0.5611037435918431
context_557,"{'anger': 0.3759521245956421, 'disgust': 0.1024758443236351, 'fear': 0.015653517097234726, 'joy': 0.0025649007875472307, 'neutral': 0.2173091471195221, 'sadness': 0.23198918998241425, 'surprise': 0.05405524745583534}","{'anger': 0.002073002280667424, 'disgust': 0.0016450951807200909, 'fear': 0.9738035798072815, 'joy': 0.0021904688328504562, 'neutral': 0.01451188512146473, 'sadness': 0.00379374367184937, 'surprise': 0.0019822451286017895}","{'anger': 0.38156741857528687, 'disgust': 0.035140179097652435, 'fear': 0.018022269010543823, 'joy': 0.005504834000021219, 'neutral': 0.3925895690917969, 'sadness': 0.160450279712677, 'surprise': 0.006725475657731295}","{'anger': 0.008931322023272514, 'disgust': 0.005646903533488512, 'fear': 0.9241899847984314, 'joy': 0.0022076487075537443, 'neutral': 0.04763590171933174, 'sadness': 0.00849481113255024, 'surprise': 0.002893514931201935}",0.041267635959488014,0.9337999031358355,0.06595235598167193
context_558,"{'anger': 0.0017120812553912401, 'disgust': 0.0016388732474297285, 'fear': 0.9859007000923157, 'joy': 0.0005122192669659853, 'neutral': 0.0038485550321638584, 'sadness': 0.004117161966860294, 'surprise': 0.0022703898139297962}","{'anger': 0.0031414234545081854, 'disgust': 0.0025430272798985243, 'fear': 0.9402241110801697, 'joy': 0.0021447923500090837, 'neutral': 0.03817834332585335, 'sadness': 0.004623235668987036, 'surprise': 0.009145159274339676}","{'anger': 0.015610159374773502, 'disgust': 0.003032232401892543, 'fear': 0.7859198451042175, 'joy': 0.016961095854640007, 'neutral': 0.1589137464761734, 'sadness': 0.011189298704266548, 'surprise': 0.00837360043078661}","{'anger': 0.010234099812805653, 'disgust': 0.017043298110365868, 'fear': 0.3398417830467224, 'joy': 0.00477052666246891, 'neutral': 0.5835551023483276, 'sadness': 0.03769474849104881, 'surprise': 0.006860488094389439}",0.9992962962434258,0.9804881255847826,0.5058918005966163
context_559,"{'anger': 0.01850918121635914, 'disgust': 0.0044603715650737286, 'fear': 0.9051051735877991, 'joy': 0.0023707738146185875, 'neutral': 0.04376602917909622, 'sadness': 0.02152237482368946, 'surprise': 0.004266050644218922}","{'anger': 0.15683957934379578, 'disgust': 0.11005415767431259, 'fear': 0.2767675817012787, 'joy': 0.007447388954460621, 'neutral': 0.27794697880744934, 'sadness': 0.1499331295490265, 'surprise': 0.02101116254925728}","{'anger': 0.03013826534152031, 'disgust': 0.004588589537888765, 'fear': 0.8581886887550354, 'joy': 0.006345798261463642, 'neutral': 0.06516161561012268, 'sadness': 0.027246249839663506, 'surprise': 0.008330805227160454}","{'anger': 0.04084104672074318, 'disgust': 0.024005426093935966, 'fear': 0.2492750585079193, 'joy': 0.014359508641064167, 'neutral': 0.6214396953582764, 'sadness': 0.04652046039700508, 'surprise': 0.0035588666796684265}",0.6430122635570207,0.9994624972600995,0.41747035748918015
context_560,"{'anger': 0.007223677821457386, 'disgust': 0.007197008468210697, 'fear': 0.007325831335037947, 'joy': 0.026177043095231056, 'neutral': 0.14616899192333221, 'sadness': 0.8017067909240723, 'surprise': 0.004200594965368509}","{'anger': 0.0033593536354601383, 'disgust': 0.003052055137231946, 'fear': 0.002289623487740755, 'joy': 0.0045576440170407295, 'neutral': 0.9706847667694092, 'sadness': 0.004772983957082033, 'surprise': 0.011283556930720806}","{'anger': 0.007542395032942295, 'disgust': 0.0027811548206955194, 'fear': 0.09226350486278534, 'joy': 0.023641856387257576, 'neutral': 0.8356062769889832, 'sadness': 0.0223543643951416, 'surprise': 0.01581038348376751}","{'anger': 0.020556362345814705, 'disgust': 0.006583173293620348, 'fear': 0.09689681977033615, 'joy': 0.1868963986635208, 'neutral': 0.6145193576812744, 'sadness': 0.05397012457251549, 'surprise': 0.02057783491909504}",0.18435456857107924,0.20620311883522313,0.2611941531564983
context_561,"{'anger': 0.004847000818699598, 'disgust': 0.01823543757200241, 'fear': 0.01618804596364498, 'joy': 0.0025314083322882652, 'neutral': 0.136929452419281, 'sadness': 0.7858049273490906, 'surprise': 0.03546376898884773}","{'anger': 0.03043545037508011, 'disgust': 0.012318724766373634, 'fear': 0.03330015018582344, 'joy': 0.006062531843781471, 'neutral': 0.03473370522260666, 'sadness': 0.8798956871032715, 'surprise': 0.00325378286652267}","{'anger': 0.004611660726368427, 'disgust': 0.00316623505204916, 'fear': 0.9205891489982605, 'joy': 0.001998710446059704, 'neutral': 0.05301181226968765, 'sadness': 0.013790583238005638, 'surprise': 0.002831799443811178}","{'anger': 0.00162152957636863, 'disgust': 0.005979761481285095, 'fear': 0.01106952503323555, 'joy': 0.0009845495223999023, 'neutral': 0.02312992326915264, 'sadness': 0.9522282481193542, 'surprise': 0.0049864319153130054}",0.9897531481401143,0.04504316579989065,0.9880966219224284
context_562,"{'anger': 0.05932725965976715, 'disgust': 0.037448085844516754, 'fear': 0.6351345181465149, 'joy': 0.0021869747433811426, 'neutral': 0.15431757271289825, 'sadness': 0.09362304210662842, 'surprise': 0.017962593585252762}","{'anger': 0.008174469694495201, 'disgust': 0.01274360902607441, 'fear': 0.007953927852213383, 'joy': 0.002764324424788356, 'neutral': 0.9552722573280334, 'sadness': 0.007816878147423267, 'surprise': 0.005274500697851181}","{'anger': 0.17546725273132324, 'disgust': 0.06993246078491211, 'fear': 0.019916584715247154, 'joy': 0.0039496393874287605, 'neutral': 0.614157497882843, 'sadness': 0.11137405037879944, 'surprise': 0.005202465690672398}","{'anger': 0.022749759256839752, 'disgust': 0.010728023014962673, 'fear': 0.03546665236353874, 'joy': 0.00781337171792984, 'neutral': 0.9139859676361084, 'sadness': 0.006000213790684938, 'surprise': 0.003256023395806551}",0.24305759777062141,0.30222288083443627,0.27303134993199285
context_563,"{'anger': 0.015486175194382668, 'disgust': 0.06017326936125755, 'fear': 0.026329005137085915, 'joy': 0.0026227098423987627, 'neutral': 0.07292655855417252, 'sadness': 0.8103134036064148, 'surprise': 0.012148923240602016}","{'anger': 0.3421516418457031, 'disgust': 0.056369706988334656, 'fear': 0.3100200891494751, 'joy': 0.002396868309006095, 'neutral': 0.2527746558189392, 'sadness': 0.022530315443873405, 'surprise': 0.0137567687779665}","{'anger': 0.00806800089776516, 'disgust': 0.013879453763365746, 'fear': 0.004817496985197067, 'joy': 0.002268230775371194, 'neutral': 0.061179183423519135, 'sadness': 0.9055591225624084, 'surprise': 0.004228571429848671}","{'anger': 0.04595300555229187, 'disgust': 0.04999474063515663, 'fear': 0.11316508799791336, 'joy': 0.0018931234953925014, 'neutral': 0.07988341897726059, 'sadness': 0.706355631351471, 'surprise': 0.002754984190687537}",0.12412237678614613,0.997574675677228,0.990868309371462
context_564,"{'anger': 0.30581989884376526, 'disgust': 0.4688756763935089, 'fear': 0.12809965014457703, 'joy': 0.0010808685328811407, 'neutral': 0.06446585804224014, 'sadness': 0.022864975035190582, 'surprise': 0.008793022483587265}","{'anger': 0.008728494867682457, 'disgust': 0.005349296610802412, 'fear': 0.9031864404678345, 'joy': 0.001992771402001381, 'neutral': 0.06719741970300674, 'sadness': 0.0052955313585698605, 'surprise': 0.008250015787780285}","{'anger': 0.016315117478370667, 'disgust': 0.048914406448602676, 'fear': 0.0036547796335071325, 'joy': 0.1214977353811264, 'neutral': 0.7367693781852722, 'sadness': 0.0694495365023613, 'surprise': 0.0033989741932600737}","{'anger': 0.020414482802152634, 'disgust': 0.05316653102636337, 'fear': 0.2186664640903473, 'joy': 0.011305729858577251, 'neutral': 0.38569894433021545, 'sadness': 0.30761152505874634, 'surprise': 0.0031362678855657578}",0.23936238807844534,0.17856280682053316,0.29026120132982747
context_565,"{'anger': 0.34269121289253235, 'disgust': 0.3947608470916748, 'fear': 0.027602115646004677, 'joy': 0.0036398996599018574, 'neutral': 0.1487252116203308, 'sadness': 0.08111850917339325, 'surprise': 0.0014621801674365997}","{'anger': 0.05886821076273918, 'disgust': 0.040447626262903214, 'fear': 0.03329668566584587, 'joy': 0.010793481953442097, 'neutral': 0.8310425877571106, 'sadness': 0.017033463343977928, 'surprise': 0.008517962880432606}","{'anger': 0.0027580149471759796, 'disgust': 0.0011036657961085439, 'fear': 0.9814720153808594, 'joy': 0.0012694650795310736, 'neutral': 0.008014285005629063, 'sadness': 0.003081018105149269, 'surprise': 0.0023015516344457865}","{'anger': 0.8566192984580994, 'disgust': 0.023275047540664673, 'fear': 0.0026832905132323503, 'joy': 0.001668445416726172, 'neutral': 0.03676745295524597, 'sadness': 0.07771426439285278, 'surprise': 0.0012721862876787782}",0.352775506812707,0.055404029300474944,0.6638775969119316
context_566,"{'anger': 0.6974624395370483, 'disgust': 0.1272519826889038, 'fear': 0.021147361025214195, 'joy': 0.004076835699379444, 'neutral': 0.050778165459632874, 'sadness': 0.09541173279285431, 'surprise': 0.0038715586997568607}","{'anger': 0.013978229835629463, 'disgust': 0.049896322190761566, 'fear': 0.2750490605831146, 'joy': 0.00768287805840373, 'neutral': 0.5359814167022705, 'sadness': 0.1081971824169159, 'surprise': 0.009214917197823524}","{'anger': 0.08846582472324371, 'disgust': 0.01898762211203575, 'fear': 0.007075279485434294, 'joy': 0.003380697453394532, 'neutral': 0.8671724796295166, 'sadness': 0.005156056955456734, 'surprise': 0.009762059897184372}","{'anger': 0.03942312300205231, 'disgust': 0.021759115159511566, 'fear': 0.015120751224458218, 'joy': 0.02647622860968113, 'neutral': 0.8850032687187195, 'sadness': 0.010242911987006664, 'surprise': 0.001974583137780428}",0.13502531917844374,0.17397002490866786,0.12042224036254945
context_567,"{'anger': 0.6527131795883179, 'disgust': 0.1115211695432663, 'fear': 0.011712182313203812, 'joy': 0.011858104728162289, 'neutral': 0.029598044231534004, 'sadness': 0.17647092044353485, 'surprise': 0.006126312538981438}","{'anger': 0.013633166439831257, 'disgust': 0.01712503656744957, 'fear': 0.0012823209399357438, 'joy': 0.1115385964512825, 'neutral': 0.7731191515922546, 'sadness': 0.02504432387650013, 'surprise': 0.05825743079185486}","{'anger': 0.013105602003633976, 'disgust': 0.027127793058753014, 'fear': 0.030982768163084984, 'joy': 0.018633896484971046, 'neutral': 0.284885436296463, 'sadness': 0.6224967837333679, 'surprise': 0.0027676918543875217}","{'anger': 0.0035874811001122, 'disgust': 0.004623956512659788, 'fear': 0.9465195536613464, 'joy': 0.0025692323688417673, 'neutral': 0.033540863543748856, 'sadness': 0.008007056079804897, 'surprise': 0.001151803764514625}",0.07399537968315517,0.27708704841272436,0.02521355351401311
context_568,"{'anger': 0.27580156922340393, 'disgust': 0.007934381254017353, 'fear': 0.005605530459433794, 'joy': 0.01310703344643116, 'neutral': 0.07224124670028687, 'sadness': 0.34857451915740967, 'surprise': 0.27673569321632385}","{'anger': 0.028983645141124725, 'disgust': 0.009713533334434032, 'fear': 0.01230795681476593, 'joy': 0.018863681703805923, 'neutral': 0.9075032472610474, 'sadness': 0.018636226654052734, 'surprise': 0.003991676028817892}","{'anger': 0.18832974135875702, 'disgust': 0.02432895638048649, 'fear': 0.04895209148526192, 'joy': 0.005930064711719751, 'neutral': 0.6897817254066467, 'sadness': 0.03511868044734001, 'surprise': 0.007558764424175024}","{'anger': 0.6201920509338379, 'disgust': 0.02333127148449421, 'fear': 0.2294643521308899, 'joy': 0.0037530690897256136, 'neutral': 0.09274474531412125, 'sadness': 0.024643657729029655, 'surprise': 0.0058708409778773785}",0.16974065750504286,0.30721389416777223,0.5358927985451253
context_569,"{'anger': 0.05651726946234703, 'disgust': 0.5182157158851624, 'fear': 0.0069386824034154415, 'joy': 0.0018601720221340656, 'neutral': 0.39101365208625793, 'sadness': 0.017873074859380722, 'surprise': 0.007581403013318777}","{'anger': 0.08681672811508179, 'disgust': 0.04972166195511818, 'fear': 0.0770702138543129, 'joy': 0.03727629408240318, 'neutral': 0.3483797013759613, 'sadness': 0.3788996934890747, 'surprise': 0.021835731342434883}","{'anger': 0.013874461874365807, 'disgust': 0.021106090396642685, 'fear': 0.003434898564592004, 'joy': 0.00672258622944355, 'neutral': 0.9428985118865967, 'sadness': 0.009225924499332905, 'surprise': 0.0027374927885830402}","{'anger': 0.010364058427512646, 'disgust': 0.019332922995090485, 'fear': 0.008617357350885868, 'joy': 0.003949865233153105, 'neutral': 0.932476282119751, 'sadness': 0.022789163514971733, 'surprise': 0.0024702977389097214}",0.5031644422176681,0.6188985885379091,0.6176087968263132
context_570,"{'anger': 0.19612817466259003, 'disgust': 0.12199952453374863, 'fear': 0.05322417989373207, 'joy': 0.004113961011171341, 'neutral': 0.13121464848518372, 'sadness': 0.48735320568084717, 'surprise': 0.005966342985630035}","{'anger': 0.5056688189506531, 'disgust': 0.07693517953157425, 'fear': 0.25434133410453796, 'joy': 0.0024958024732768536, 'neutral': 0.13114121556282043, 'sadness': 0.025110742077231407, 'surprise': 0.004306981805711985}","{'anger': 0.05963804945349693, 'disgust': 0.06013103574514389, 'fear': 0.17844365537166595, 'joy': 0.006112644914537668, 'neutral': 0.5623343586921692, 'sadness': 0.1163819283246994, 'surprise': 0.016958393156528473}","{'anger': 0.017748350277543068, 'disgust': 0.021593019366264343, 'fear': 0.007633225526660681, 'joy': 0.010631191544234753, 'neutral': 0.933201789855957, 'sadness': 0.007645378354936838, 'surprise': 0.0015470136422663927}",0.463345447918626,0.46979545195524874,0.25494759946844714
context_571,"{'anger': 0.3994390070438385, 'disgust': 0.24073825776576996, 'fear': 0.004178996197879314, 'joy': 0.007524698041379452, 'neutral': 0.28459107875823975, 'sadness': 0.05592997744679451, 'surprise': 0.007598073221743107}","{'anger': 0.011619328521192074, 'disgust': 0.003920119721442461, 'fear': 0.5451399087905884, 'joy': 0.0037585909012705088, 'neutral': 0.011059261858463287, 'sadness': 0.21715933084487915, 'surprise': 0.2073434591293335}","{'anger': 0.009816550649702549, 'disgust': 0.0052986908704042435, 'fear': 0.0013363934122025967, 'joy': 0.7185043096542358, 'neutral': 0.22012701630592346, 'sadness': 0.036750439554452896, 'surprise': 0.008166713640093803}","{'anger': 0.025903278961777687, 'disgust': 0.05396882817149162, 'fear': 0.09093961119651794, 'joy': 0.0020598326809704304, 'neutral': 0.794530987739563, 'sadness': 0.021652355790138245, 'surprise': 0.01094516646116972}",0.07239667837564245,0.18233915942083634,0.5698292837486049
context_572,"{'anger': 0.016156062483787537, 'disgust': 0.08966517448425293, 'fear': 0.005016586277633905, 'joy': 0.23403413593769073, 'neutral': 0.4957635700702667, 'sadness': 0.1372925490140915, 'surprise': 0.0220719575881958}","{'anger': 0.08279188722372055, 'disgust': 0.07390731573104858, 'fear': 0.030862202867865562, 'joy': 0.09518994390964508, 'neutral': 0.6639957427978516, 'sadness': 0.04676499217748642, 'surprise': 0.006487868260592222}","{'anger': 0.009761456400156021, 'disgust': 0.00837619323283434, 'fear': 0.1016882061958313, 'joy': 0.003963159397244453, 'neutral': 0.5399439930915833, 'sadness': 0.2768327295780182, 'surprise': 0.059434179216623306}","{'anger': 0.0011454038321971893, 'disgust': 0.0015231926226988435, 'fear': 0.981101930141449, 'joy': 0.0013369726948440075, 'neutral': 0.00992845743894577, 'sadness': 0.0033560816664248705, 'surprise': 0.0016080773202702403}",0.9367799242614142,0.8733890508810144,0.019227922037197254
context_573,"{'anger': 0.42931419610977173, 'disgust': 0.4121415317058563, 'fear': 0.003513211850076914, 'joy': 0.010904170572757721, 'neutral': 0.1216014102101326, 'sadness': 0.01987599767744541, 'surprise': 0.0026493885088711977}","{'anger': 0.13721629977226257, 'disgust': 0.06046001985669136, 'fear': 0.131590336561203, 'joy': 0.007779126986861229, 'neutral': 0.479999840259552, 'sadness': 0.0890783816576004, 'surprise': 0.0938759371638298}","{'anger': 0.09863977134227753, 'disgust': 0.03759628161787987, 'fear': 0.013974832370877266, 'joy': 0.0070782992988824844, 'neutral': 0.8236805200576782, 'sadness': 0.017333321273326874, 'surprise': 0.0016969166463240981}","{'anger': 0.05841449648141861, 'disgust': 0.14717723429203033, 'fear': 0.09235367178916931, 'joy': 0.004740895703434944, 'neutral': 0.642914891242981, 'sadness': 0.04872627556324005, 'surprise': 0.005672501865774393}",0.4445345779094647,0.3138331780040007,0.4056042436082855
context_574,"{'anger': 0.05847122147679329, 'disgust': 0.04612703621387482, 'fear': 0.015484842471778393, 'joy': 0.0034284896682947874, 'neutral': 0.07873421162366867, 'sadness': 0.05434945970773697, 'surprise': 0.7434048056602478}","{'anger': 0.0735553428530693, 'disgust': 0.3599257469177246, 'fear': 0.07057027518749237, 'joy': 0.004994455259293318, 'neutral': 0.42543965578079224, 'sadness': 0.051444023847579956, 'surprise': 0.014070543460547924}","{'anger': 0.11625246703624725, 'disgust': 0.030886633321642876, 'fear': 0.06429991126060486, 'joy': 0.004958254285156727, 'neutral': 0.7430863976478577, 'sadness': 0.021086113527417183, 'surprise': 0.01943030394613743}","{'anger': 0.011799118481576443, 'disgust': 0.05741838738322258, 'fear': 0.011638324707746506, 'joy': 0.014825284481048584, 'neutral': 0.888221800327301, 'sadness': 0.01459489669650793, 'surprise': 0.001502338913269341}",0.160401539259443,0.14629586791138616,0.11240949212610574
context_575,"{'anger': 0.08786232769489288, 'disgust': 0.06495201587677002, 'fear': 0.0035630876664072275, 'joy': 0.005603589117527008, 'neutral': 0.09510592371225357, 'sadness': 0.7393472194671631, 'surprise': 0.0035658020060509443}","{'anger': 0.4489419162273407, 'disgust': 0.016272997483611107, 'fear': 0.06070641055703163, 'joy': 0.003009064355865121, 'neutral': 0.06804024428129196, 'sadness': 0.39783772826194763, 'surprise': 0.005191695876419544}","{'anger': 0.010828199796378613, 'disgust': 0.016790252178907394, 'fear': 0.04035204276442528, 'joy': 0.01864529959857464, 'neutral': 0.37674859166145325, 'sadness': 0.5213866233825684, 'surprise': 0.01524894405156374}","{'anger': 0.011436572298407555, 'disgust': 0.00906215887516737, 'fear': 0.217606782913208, 'joy': 0.0012243642704561353, 'neutral': 0.025080334395170212, 'sadness': 0.692280650138855, 'surprise': 0.04330917447805405}",0.7464250200762337,0.8714014971980817,0.9426939383771905
context_576,"{'anger': 0.9176310896873474, 'disgust': 0.03408842161297798, 'fear': 0.003839768934994936, 'joy': 0.0012151843402534723, 'neutral': 0.029544033110141754, 'sadness': 0.01036354061216116, 'surprise': 0.0033179987221956253}","{'anger': 0.037153977900743484, 'disgust': 0.22204764187335968, 'fear': 0.2545979917049408, 'joy': 0.0033955674152821302, 'neutral': 0.44216328859329224, 'sadness': 0.029591694474220276, 'surprise': 0.011049805209040642}","{'anger': 0.1578136384487152, 'disgust': 0.15568338334560394, 'fear': 0.007215371821075678, 'joy': 0.01816515624523163, 'neutral': 0.6426298022270203, 'sadness': 0.014808186329901218, 'surprise': 0.0036844429560005665}","{'anger': 0.931958019733429, 'disgust': 0.01485742162913084, 'fear': 0.0015285632107406855, 'joy': 0.0010632396442815661, 'neutral': 0.046196576207876205, 'sadness': 0.002802009228616953, 'surprise': 0.0015941114397719502}",0.10921061203972338,0.27091009070299077,0.9995859259647921
context_577,"{'anger': 0.24426168203353882, 'disgust': 0.25795722007751465, 'fear': 0.002840621629729867, 'joy': 0.04610888659954071, 'neutral': 0.43583205342292786, 'sadness': 0.008225878700613976, 'surprise': 0.004773769993335009}","{'anger': 0.09931973367929459, 'disgust': 0.027100753039121628, 'fear': 0.006568468175828457, 'joy': 0.049261461943387985, 'neutral': 0.7970068454742432, 'sadness': 0.013131320476531982, 'surprise': 0.007611436769366264}","{'anger': 0.031708065420389175, 'disgust': 0.05790264531970024, 'fear': 0.18255293369293213, 'joy': 0.006202261429280043, 'neutral': 0.22066394984722137, 'sadness': 0.493325412273407, 'surprise': 0.007644664961844683}","{'anger': 0.005741720087826252, 'disgust': 0.0892871841788292, 'fear': 0.7273958325386047, 'joy': 0.00582309952005744, 'neutral': 0.14138422906398773, 'sadness': 0.025055579841136932, 'surprise': 0.005312380380928516}",0.8385784843070897,0.38188193365285295,0.21029433745129256
context_578,"{'anger': 0.02985474281013012, 'disgust': 0.6122156977653503, 'fear': 0.1034361869096756, 'joy': 0.0015293420292437077, 'neutral': 0.031211936846375465, 'sadness': 0.21215014159679413, 'surprise': 0.009601990692317486}","{'anger': 0.021460214629769325, 'disgust': 0.042298149317502975, 'fear': 0.07839827239513397, 'joy': 0.029525382444262505, 'neutral': 0.797681987285614, 'sadness': 0.023909904062747955, 'surprise': 0.006726039573550224}","{'anger': 0.032864492386579514, 'disgust': 0.03312213718891144, 'fear': 0.048109572380781174, 'joy': 0.027803611010313034, 'neutral': 0.7306565046310425, 'sadness': 0.12426923215389252, 'surprise': 0.0031744730658829212}","{'anger': 0.005096181761473417, 'disgust': 0.04356268048286438, 'fear': 0.03324931487441063, 'joy': 0.004295665305107832, 'neutral': 0.11667094379663467, 'sadness': 0.7902626395225525, 'surprise': 0.006862614303827286}",0.12243737053738601,0.15411857788186767,0.3828858248704088
context_579,"{'anger': 0.0009720620000734925, 'disgust': 0.002924290020018816, 'fear': 0.0007758934516459703, 'joy': 0.0020930194295942783, 'neutral': 0.0069710747338831425, 'sadness': 0.980795681476593, 'surprise': 0.005467971321195364}","{'anger': 0.0009126955992542207, 'disgust': 0.002239597262814641, 'fear': 0.00086214643670246, 'joy': 0.002926740562543273, 'neutral': 0.009597931988537312, 'sadness': 0.9791567325592041, 'surprise': 0.0043042320758104324}","{'anger': 0.009827307425439358, 'disgust': 0.0028719285037368536, 'fear': 0.004031122662127018, 'joy': 0.5965638756752014, 'neutral': 0.1471565216779709, 'sadness': 0.2250620275735855, 'surprise': 0.014487138018012047}","{'anger': 0.0010249196784570813, 'disgust': 0.003334969049319625, 'fear': 0.0006833481602370739, 'joy': 0.0021636788733303547, 'neutral': 0.009653150103986263, 'sadness': 0.9798827767372131, 'surprise': 0.003257105592638254}",0.9999950625569646,0.34748752052013776,0.9999936054350022
context_580,"{'anger': 0.4857700765132904, 'disgust': 0.37014511227607727, 'fear': 0.012994816526770592, 'joy': 0.0008735870942473412, 'neutral': 0.08232656866312027, 'sadness': 0.04199013113975525, 'surprise': 0.005899669602513313}","{'anger': 0.025580115616321564, 'disgust': 0.053720857948064804, 'fear': 0.013174510560929775, 'joy': 0.029361167922616005, 'neutral': 0.536046028137207, 'sadness': 0.33564990758895874, 'surprise': 0.006467446684837341}","{'anger': 0.0016645427094772458, 'disgust': 0.0018281476804986596, 'fear': 0.0005117033142596483, 'joy': 0.00825180858373642, 'neutral': 0.01722860150039196, 'sadness': 0.9670053720474243, 'surprise': 0.0035098260268568993}","{'anger': 0.3175393044948578, 'disgust': 0.08565029501914978, 'fear': 0.004269652999937534, 'joy': 0.003631508443504572, 'neutral': 0.07284066081047058, 'sadness': 0.5142292976379395, 'surprise': 0.0018392886267974973}",0.23096328905306795,0.07286581074288145,0.5623943065766132
context_581,"{'anger': 0.046993665397167206, 'disgust': 0.43901339173316956, 'fear': 0.08219139277935028, 'joy': 0.004300864413380623, 'neutral': 0.14609768986701965, 'sadness': 0.021145332604646683, 'surprise': 0.2602576017379761}","{'anger': 0.03113391436636448, 'disgust': 0.03276239335536957, 'fear': 0.5322282314300537, 'joy': 0.0024828168097883463, 'neutral': 0.26434534788131714, 'sadness': 0.015505940653383732, 'surprise': 0.12154137343168259}","{'anger': 0.08143451809883118, 'disgust': 0.01996554806828499, 'fear': 0.16284622251987457, 'joy': 0.012503192760050297, 'neutral': 0.6885635256767273, 'sadness': 0.020191429182887077, 'surprise': 0.014495611190795898}","{'anger': 0.02045716904103756, 'disgust': 0.07406940311193466, 'fear': 0.289456844329834, 'joy': 0.004506865981966257, 'neutral': 0.5794004797935486, 'sadness': 0.027091167867183685, 'surprise': 0.005018095951527357}",0.39646192307074846,0.3399787218776946,0.40821637742855543
context_582,"{'anger': 0.19908101856708527, 'disgust': 0.042682621628046036, 'fear': 0.08177050948143005, 'joy': 0.023101354017853737, 'neutral': 0.39743319153785706, 'sadness': 0.02167924866080284, 'surprise': 0.23425205051898956}","{'anger': 0.0037070303224027157, 'disgust': 0.002455801470205188, 'fear': 0.9532293677330017, 'joy': 0.0021386733278632164, 'neutral': 0.025608723983168602, 'sadness': 0.010625332593917847, 'surprise': 0.0022350838407874107}","{'anger': 0.018221650272607803, 'disgust': 0.009652241133153439, 'fear': 0.10109608620405197, 'joy': 0.03630421683192253, 'neutral': 0.6145533919334412, 'sadness': 0.17496995627880096, 'surprise': 0.04520251974463463}","{'anger': 0.011842875741422176, 'disgust': 0.06946812570095062, 'fear': 0.010860329493880272, 'joy': 0.0033015457447618246, 'neutral': 0.8733813762664795, 'sadness': 0.028033504262566566, 'surprise': 0.0031121820211410522}",0.18391420619545062,0.8170827622028741,0.7904994045803221
context_583,"{'anger': 0.16459248960018158, 'disgust': 0.25830593705177307, 'fear': 0.029959939420223236, 'joy': 0.002180393785238266, 'neutral': 0.06367067992687225, 'sadness': 0.4246322810649872, 'surprise': 0.05665825679898262}","{'anger': 0.5046466588973999, 'disgust': 0.20042645931243896, 'fear': 0.01531163603067398, 'joy': 0.004071930889040232, 'neutral': 0.24257250130176544, 'sadness': 0.02838730439543724, 'surprise': 0.004583454690873623}","{'anger': 0.09412951022386551, 'disgust': 0.12047383934259415, 'fear': 0.6391386389732361, 'joy': 0.002172658685594797, 'neutral': 0.09297563135623932, 'sadness': 0.04784552752971649, 'surprise': 0.0032641764264553785}","{'anger': 0.2593556046485901, 'disgust': 0.23282040655612946, 'fear': 0.023002661764621735, 'joy': 0.002408269327133894, 'neutral': 0.11260075867176056, 'sadness': 0.36821338534355164, 'surprise': 0.0015988595550879836}",0.5152623793479241,0.2607389653810769,0.9671342972563195
context_584,"{'anger': 0.3991958796977997, 'disgust': 0.39507147669792175, 'fear': 0.0072656963020563126, 'joy': 0.003175729885697365, 'neutral': 0.11544683575630188, 'sadness': 0.07445678859949112, 'surprise': 0.005387612618505955}","{'anger': 0.27714619040489197, 'disgust': 0.21512648463249207, 'fear': 0.0703483447432518, 'joy': 0.0013929287670180202, 'neutral': 0.1885215789079666, 'sadness': 0.23030348122119904, 'surprise': 0.017161017283797264}","{'anger': 0.16287584602832794, 'disgust': 0.23385396599769592, 'fear': 0.03877119719982147, 'joy': 0.004701944068074226, 'neutral': 0.2603100538253784, 'sadness': 0.2938959002494812, 'surprise': 0.005591025575995445}","{'anger': 0.048087432980537415, 'disgust': 0.042104851454496384, 'fear': 0.004872524179518223, 'joy': 0.0022598786745220423, 'neutral': 0.04529329016804695, 'sadness': 0.8553822636604309, 'surprise': 0.001999750267714262}",0.8730878089404747,0.7449208725583519,0.21098497347769785
context_585,"{'anger': 0.0037296158261597157, 'disgust': 0.00586050795391202, 'fear': 0.007659523747861385, 'joy': 0.0010973146418109536, 'neutral': 0.022081980481743813, 'sadness': 0.9482120275497437, 'surprise': 0.011359021067619324}","{'anger': 0.07952680438756943, 'disgust': 0.007147033233195543, 'fear': 0.029224267229437828, 'joy': 0.40118837356567383, 'neutral': 0.1016959622502327, 'sadness': 0.008201111108064651, 'surprise': 0.37301644682884216}","{'anger': 0.06121641770005226, 'disgust': 0.0037647767458111048, 'fear': 0.7315261960029602, 'joy': 0.012922652065753937, 'neutral': 0.10334215313196182, 'sadness': 0.0785132423043251, 'surprise': 0.008714582771062851}","{'anger': 0.03191981092095375, 'disgust': 0.051237598061561584, 'fear': 0.007053149864077568, 'joy': 0.016653381288051605, 'neutral': 0.8842043876647949, 'sadness': 0.007379445247352123, 'surprise': 0.0015521843452006578}",0.02854249398875852,0.11691608595502789,0.03214559195619038
context_586,"{'anger': 0.035218216478824615, 'disgust': 0.04255896806716919, 'fear': 0.07030544430017471, 'joy': 0.005007055122405291, 'neutral': 0.13639748096466064, 'sadness': 0.03070247545838356, 'surprise': 0.6798103451728821}","{'anger': 0.061419498175382614, 'disgust': 0.04928505793213844, 'fear': 0.3681241273880005, 'joy': 0.011484460905194283, 'neutral': 0.18391723930835724, 'sadness': 0.3171447515487671, 'surprise': 0.008624871261417866}","{'anger': 0.013071997091174126, 'disgust': 0.011927831918001175, 'fear': 0.01637413538992405, 'joy': 0.00545466598123312, 'neutral': 0.9216305017471313, 'sadness': 0.014942108653485775, 'surprise': 0.016598764806985855}","{'anger': 0.008169963024556637, 'disgust': 0.014738976024091244, 'fear': 0.18118532001972198, 'joy': 0.006129297893494368, 'neutral': 0.7559660077095032, 'sadness': 0.023835889995098114, 'surprise': 0.009974594227969646}",0.1926970246984796,0.21630571936078324,0.2283210987391412
context_587,"{'anger': 0.4071640968322754, 'disgust': 0.34748396277427673, 'fear': 0.004580490756779909, 'joy': 0.001703666988760233, 'neutral': 0.20865045487880707, 'sadness': 0.027457479387521744, 'surprise': 0.0029598630499094725}","{'anger': 0.018963221460580826, 'disgust': 0.04493138939142227, 'fear': 0.08094371855258942, 'joy': 0.0023312228731811047, 'neutral': 0.8201500773429871, 'sadness': 0.019031528383493423, 'surprise': 0.01364890392869711}","{'anger': 0.01966378465294838, 'disgust': 0.02694542706012726, 'fear': 0.2033003866672516, 'joy': 0.00388643448241055, 'neutral': 0.624371349811554, 'sadness': 0.10735444724559784, 'surprise': 0.014478168450295925}","{'anger': 0.025458741933107376, 'disgust': 0.021398205310106277, 'fear': 0.08706584572792053, 'joy': 0.008343011140823364, 'neutral': 0.8376328349113464, 'sadness': 0.016843369230628014, 'surprise': 0.00325793563388288}",0.41130869459492525,0.39545745086211226,0.39896712632225917
context_588,"{'anger': 0.00499222194775939, 'disgust': 0.002668016357347369, 'fear': 0.01303353812545538, 'joy': 0.0015900275902822614, 'neutral': 0.005853036884218454, 'sadness': 0.005399724934250116, 'surprise': 0.9664634466171265}","{'anger': 0.015108962543308735, 'disgust': 0.006735276430845261, 'fear': 0.055813923478126526, 'joy': 0.1226394772529602, 'neutral': 0.7796522378921509, 'sadness': 0.010480711236596107, 'surprise': 0.009569511748850346}","{'anger': 0.6683810353279114, 'disgust': 0.13121569156646729, 'fear': 0.010905277915298939, 'joy': 0.00497234845533967, 'neutral': 0.15589503943920135, 'sadness': 0.0240743700414896, 'surprise': 0.004556252621114254}","{'anger': 0.005973653867840767, 'disgust': 0.0019507742254063487, 'fear': 0.024122415110468864, 'joy': 0.0015775741776451468, 'neutral': 0.004306982271373272, 'sadness': 0.0009531385148875415, 'surprise': 0.9611154794692993}",0.019454764415601455,0.013733299117304698,0.9999200174244619
context_589,"{'anger': 0.005310945212841034, 'disgust': 0.003562449011951685, 'fear': 0.2628641128540039, 'joy': 0.0015964022604748607, 'neutral': 0.008534180000424385, 'sadness': 0.71516352891922, 'surprise': 0.0029683676548302174}","{'anger': 0.004793636966496706, 'disgust': 0.007392111234366894, 'fear': 0.0034933267161250114, 'joy': 0.0022464205976575613, 'neutral': 0.036443501710891724, 'sadness': 0.9426363110542297, 'surprise': 0.0029947119764983654}","{'anger': 0.015604048036038876, 'disgust': 0.0034886852372437716, 'fear': 0.003248864319175482, 'joy': 0.0017486015567556024, 'neutral': 0.005137247499078512, 'sadness': 0.968271017074585, 'surprise': 0.002501577138900757}","{'anger': 0.008387398906052113, 'disgust': 0.004622200503945351, 'fear': 0.8643049597740173, 'joy': 0.001174803008325398, 'neutral': 0.010008295997977257, 'sadness': 0.11011712998151779, 'surprise': 0.0013851673575118184}",0.9395485680192981,0.9397130728065815,0.460970905210341
context_590,"{'anger': 0.01002595666795969, 'disgust': 0.005653968546539545, 'fear': 0.001432296121492982, 'joy': 0.013609855435788631, 'neutral': 0.011556384153664112, 'sadness': 0.9504134058952332, 'surprise': 0.0073081557638943195}","{'anger': 0.018412280827760696, 'disgust': 0.017325904220342636, 'fear': 0.007680290378630161, 'joy': 0.04683548957109451, 'neutral': 0.7406285405158997, 'sadness': 0.14203399419784546, 'surprise': 0.027083391323685646}","{'anger': 0.009981613606214523, 'disgust': 0.0030232183635234833, 'fear': 0.005624815821647644, 'joy': 0.09625578671693802, 'neutral': 0.7343167662620544, 'sadness': 0.11583493649959564, 'surprise': 0.03496285155415535}","{'anger': 0.026682298630475998, 'disgust': 0.027736710384488106, 'fear': 0.022067667916417122, 'joy': 0.01148628257215023, 'neutral': 0.8950659036636353, 'sadness': 0.015284087508916855, 'surprise': 0.00167697889264673}",0.2011628706781523,0.1685614521860741,0.029917408720369854
context_591,"{'anger': 0.042795971035957336, 'disgust': 0.08941636234521866, 'fear': 0.014149662107229233, 'joy': 0.004566939547657967, 'neutral': 0.0760873556137085, 'sadness': 0.7607437372207642, 'surprise': 0.012239896692335606}","{'anger': 0.0025008146185427904, 'disgust': 0.004992877133190632, 'fear': 0.017614522948861122, 'joy': 0.010537661612033844, 'neutral': 0.027689216658473015, 'sadness': 0.9328563213348389, 'surprise': 0.003808591514825821}","{'anger': 0.02141854166984558, 'disgust': 0.00422457791864872, 'fear': 0.006156295537948608, 'joy': 0.008143509738147259, 'neutral': 0.07062722742557526, 'sadness': 0.8797134757041931, 'surprise': 0.009716395288705826}","{'anger': 0.07412391155958176, 'disgust': 0.1583966761827469, 'fear': 0.004720437340438366, 'joy': 0.010318047367036343, 'neutral': 0.18254238367080688, 'sadness': 0.567886471748352, 'surprise': 0.0020121249835938215}",0.9899422430309714,0.9930283452995821,0.9664680847313847
context_592,"{'anger': 0.026425151154398918, 'disgust': 0.04259852319955826, 'fear': 0.004665104206651449, 'joy': 0.05016743764281273, 'neutral': 0.42776060104370117, 'sadness': 0.36494913697242737, 'surprise': 0.08343401551246643}","{'anger': 0.026674550026655197, 'disgust': 0.007428030017763376, 'fear': 0.03762419521808624, 'joy': 0.006245618686079979, 'neutral': 0.8917228579521179, 'sadness': 0.020338261500000954, 'surprise': 0.009966516867280006}","{'anger': 0.021018901839852333, 'disgust': 0.03455884009599686, 'fear': 0.012669297866523266, 'joy': 0.006138083525002003, 'neutral': 0.8962714672088623, 'sadness': 0.026001406833529472, 'surprise': 0.0033419234678149223}","{'anger': 0.0066050877794623375, 'disgust': 0.013901490718126297, 'fear': 0.0014825877733528614, 'joy': 0.007155471481382847, 'neutral': 0.9579262137413025, 'sadness': 0.009261952713131905, 'surprise': 0.003667169949039817}",0.7644984470762439,0.7691798460339493,0.7553185991369953
context_593,"{'anger': 0.008484838530421257, 'disgust': 0.0191024336963892, 'fear': 0.001045266049914062, 'joy': 0.0026735684368759394, 'neutral': 0.02483723871409893, 'sadness': 0.9411244988441467, 'surprise': 0.002732157474383712}","{'anger': 0.436876118183136, 'disgust': 0.2834610044956207, 'fear': 0.06070847064256668, 'joy': 0.00787180196493864, 'neutral': 0.09564976394176483, 'sadness': 0.11282584071159363, 'surprise': 0.0026070463936775923}","{'anger': 0.007810302544385195, 'disgust': 0.007867766544222832, 'fear': 0.008563981391489506, 'joy': 0.023777207359671593, 'neutral': 0.03178973123431206, 'sadness': 0.916744589805603, 'surprise': 0.0034464122727513313}","{'anger': 0.02272103913128376, 'disgust': 0.04796253889799118, 'fear': 0.03207350894808769, 'joy': 0.0032395042944699526, 'neutral': 0.7988404631614685, 'sadness': 0.0917704850435257, 'surprise': 0.0033924500457942486}",0.2295457753387572,0.9995967550403939,0.14137326002768846
context_594,"{'anger': 0.6057117581367493, 'disgust': 0.1134340763092041, 'fear': 0.06518369168043137, 'joy': 0.004168895538896322, 'neutral': 0.10117892175912857, 'sadness': 0.09681857377290726, 'surprise': 0.013504091650247574}","{'anger': 0.13201196491718292, 'disgust': 0.0568106584250927, 'fear': 0.04085635021328926, 'joy': 0.050237394869327545, 'neutral': 0.6827099919319153, 'sadness': 0.03417006507515907, 'surprise': 0.003203578758984804}","{'anger': 0.006941112224012613, 'disgust': 0.005165723618119955, 'fear': 0.00992071907967329, 'joy': 0.024689525365829468, 'neutral': 0.7219776511192322, 'sadness': 0.037012696266174316, 'surprise': 0.19429254531860352}","{'anger': 0.6920989155769348, 'disgust': 0.0488164946436882, 'fear': 0.011594797484576702, 'joy': 0.0029925373382866383, 'neutral': 0.22888155281543732, 'sadness': 0.014303728006780148, 'surprise': 0.0013120215153321624}",0.36274331418034744,0.17813287658372123,0.9691218563175787
context_595,"{'anger': 0.19214817881584167, 'disgust': 0.05474015325307846, 'fear': 0.03419863060116768, 'joy': 0.0025060928892344236, 'neutral': 0.03319893032312393, 'sadness': 0.6797665357589722, 'surprise': 0.003441428067162633}","{'anger': 0.11675777286291122, 'disgust': 0.04179174825549126, 'fear': 0.25947728753089905, 'joy': 0.0042625973001122475, 'neutral': 0.17527125775814056, 'sadness': 0.3955056071281433, 'surprise': 0.006933627650141716}","{'anger': 0.03950206935405731, 'disgust': 0.02767925150692463, 'fear': 0.3075172007083893, 'joy': 0.0056587946601212025, 'neutral': 0.15692317485809326, 'sadness': 0.439816415309906, 'surprise': 0.022903038188815117}","{'anger': 0.003131565637886524, 'disgust': 0.008016823790967464, 'fear': 0.004095816984772682, 'joy': 0.1226152628660202, 'neutral': 0.11614781618118286, 'sadness': 0.7362094521522522, 'surprise': 0.00978330709040165}",0.8356391439202933,0.8120042890281975,0.9428724795069153
context_596,"{'anger': 0.00239962968043983, 'disgust': 0.001257686410099268, 'fear': 0.01027995627373457, 'joy': 0.002176910173147917, 'neutral': 0.008071624673902988, 'sadness': 0.9693540930747986, 'surprise': 0.0064601050689816475}","{'anger': 0.011365057900547981, 'disgust': 0.059485577046871185, 'fear': 0.05148041993379593, 'joy': 0.006647643633186817, 'neutral': 0.413418173789978, 'sadness': 0.42560461163520813, 'surprise': 0.03199854493141174}","{'anger': 0.00612718565389514, 'disgust': 0.01766432262957096, 'fear': 0.06313935667276382, 'joy': 0.0021506159100681543, 'neutral': 0.08384260535240173, 'sadness': 0.818267285823822, 'surprise': 0.008808610960841179}","{'anger': 0.0023563578724861145, 'disgust': 0.014356430619955063, 'fear': 0.014717388898134232, 'joy': 0.0020241746678948402, 'neutral': 0.06450576335191727, 'sadness': 0.8956905603408813, 'surprise': 0.006349404342472553}",0.7170165315057254,0.9932210548816731,0.9978564053476394
context_597,"{'anger': 0.03212025761604309, 'disgust': 0.9313937425613403, 'fear': 0.021165641024708748, 'joy': 0.0005060657858848572, 'neutral': 0.004517370369285345, 'sadness': 0.008953304030001163, 'surprise': 0.001343611627817154}","{'anger': 0.04581908881664276, 'disgust': 0.06778822839260101, 'fear': 0.02532687596976757, 'joy': 0.05531257763504982, 'neutral': 0.7646750807762146, 'sadness': 0.0348784476518631, 'surprise': 0.006199682597070932}","{'anger': 0.4177442491054535, 'disgust': 0.1760106235742569, 'fear': 0.007853228598833084, 'joy': 0.005113913211971521, 'neutral': 0.1433340162038803, 'sadness': 0.24260741472244263, 'surprise': 0.00733651127666235}","{'anger': 0.005178458988666534, 'disgust': 0.03204289451241493, 'fear': 0.009099592454731464, 'joy': 0.0353325791656971, 'neutral': 0.40050020813941956, 'sadness': 0.5120483636856079, 'surprise': 0.005797903519123793}",0.09577079976785297,0.362361457022633,0.06025911943091078
context_598,"{'anger': 0.10851802676916122, 'disgust': 0.01814480684697628, 'fear': 0.5990211367607117, 'joy': 0.003801100654527545, 'neutral': 0.026919201016426086, 'sadness': 0.23539316654205322, 'surprise': 0.008202499710023403}","{'anger': 0.0034542332869023085, 'disgust': 0.0016169444425031543, 'fear': 0.9756529927253723, 'joy': 0.0011092126369476318, 'neutral': 0.008183080703020096, 'sadness': 0.0065008425153791904, 'surprise': 0.0034825887996703386}","{'anger': 0.014458028599619865, 'disgust': 0.006747146137058735, 'fear': 0.03273003548383713, 'joy': 0.06928224116563797, 'neutral': 0.7537771463394165, 'sadness': 0.09470536559820175, 'surprise': 0.028299981728196144}","{'anger': 0.0526505745947361, 'disgust': 0.03541998192667961, 'fear': 0.030396267771720886, 'joy': 0.010673907585442066, 'neutral': 0.8388639688491821, 'sadness': 0.030073098838329315, 'surprise': 0.001922236173413694}",0.9199074989451667,0.12888618488524184,0.09858998503279182
context_599,"{'anger': 0.5980868339538574, 'disgust': 0.20546580851078033, 'fear': 0.07405310869216919, 'joy': 0.0016447481466457248, 'neutral': 0.05480597913265228, 'sadness': 0.05057490989565849, 'surprise': 0.015368645079433918}","{'anger': 0.04652155935764313, 'disgust': 0.024860801175236702, 'fear': 0.6605552434921265, 'joy': 0.003225535387173295, 'neutral': 0.2428000271320343, 'sadness': 0.012262246571481228, 'surprise': 0.009774591773748398}","{'anger': 0.37758052349090576, 'disgust': 0.05433645471930504, 'fear': 0.03398028016090393, 'joy': 0.0036044602748006582, 'neutral': 0.5105564594268799, 'sadness': 0.01632140576839447, 'surprise': 0.0036204075440764427}","{'anger': 0.032350171357393265, 'disgust': 0.03181556984782219, 'fear': 0.0094765555113554, 'joy': 0.0155709907412529, 'neutral': 0.9003539085388184, 'sadness': 0.008808002807199955, 'surprise': 0.0016248672036454082}",0.21191954455849837,0.6555047338593559,0.1321740703345906
context_600,"{'anger': 0.4985494613647461, 'disgust': 0.04036981612443924, 'fear': 0.37510740756988525, 'joy': 0.0018986919894814491, 'neutral': 0.06170249730348587, 'sadness': 0.013144932687282562, 'surprise': 0.009227251634001732}","{'anger': 0.003663211828097701, 'disgust': 0.0018500520382076502, 'fear': 0.9651033878326416, 'joy': 0.0015539604937657714, 'neutral': 0.020079966634511948, 'sadness': 0.006251328159123659, 'surprise': 0.001498096389696002}","{'anger': 0.04480516165494919, 'disgust': 0.009893830865621567, 'fear': 0.6762399673461914, 'joy': 0.01114122848957777, 'neutral': 0.22823934257030487, 'sadness': 0.02695765346288681, 'surprise': 0.0027228088583797216}","{'anger': 0.006486851722002029, 'disgust': 0.0350232869386673, 'fear': 0.8080870509147644, 'joy': 0.0048544444143772125, 'neutral': 0.12801407277584076, 'sadness': 0.015187039040029049, 'surprise': 0.002347297966480255}",0.6020626596962672,0.6466332293550223,0.6136705295284194
context_601,"{'anger': 0.42591944336891174, 'disgust': 0.31325939297676086, 'fear': 0.1912960261106491, 'joy': 0.001430635224096477, 'neutral': 0.04532676190137863, 'sadness': 0.016520468518137932, 'surprise': 0.006247212179005146}","{'anger': 0.01649489253759384, 'disgust': 0.016001084819436073, 'fear': 0.0035200100392103195, 'joy': 0.8440278768539429, 'neutral': 0.10450704395771027, 'sadness': 0.013548503629863262, 'surprise': 0.0019005745416507125}","{'anger': 0.012349565513432026, 'disgust': 0.0020511900074779987, 'fear': 0.9459765553474426, 'joy': 0.0025018404703587294, 'neutral': 0.02225157432258129, 'sadness': 0.013327925466001034, 'surprise': 0.0015413787914440036}","{'anger': 0.05399344861507416, 'disgust': 0.046458642929792404, 'fear': 0.34427788853645325, 'joy': 0.005554625298827887, 'neutral': 0.5151153206825256, 'sadness': 0.03266293928027153, 'surprise': 0.0019371050875633955}",0.039339783296382436,0.3521788599326575,0.3612224497961918
context_602,"{'anger': 0.8423763513565063, 'disgust': 0.11191978305578232, 'fear': 0.006157243624329567, 'joy': 0.0007458156906068325, 'neutral': 0.010647298768162727, 'sadness': 0.02633524499833584, 'surprise': 0.001818261225707829}","{'anger': 0.4149419665336609, 'disgust': 0.1292242407798767, 'fear': 0.07364693284034729, 'joy': 0.005823555402457714, 'neutral': 0.2985526919364929, 'sadness': 0.07521277666091919, 'surprise': 0.002597849117591977}","{'anger': 0.8176406025886536, 'disgust': 0.120572529733181, 'fear': 0.008779028430581093, 'joy': 0.001378311193548143, 'neutral': 0.024918170645833015, 'sadness': 0.02498452179133892, 'surprise': 0.0017268237425014377}","{'anger': 0.34252220392227173, 'disgust': 0.07540404796600342, 'fear': 0.04649217426776886, 'joy': 0.011231009848415852, 'neutral': 0.48513147234916687, 'sadness': 0.03789615258574486, 'surprise': 0.0013229682808741927}",0.8084435799769697,0.9997364109393795,0.5930554274405443
context_603,"{'anger': 0.1513533592224121, 'disgust': 0.7332727313041687, 'fear': 0.005557348486036062, 'joy': 0.0011129832128062844, 'neutral': 0.042600516229867935, 'sadness': 0.06371264904737473, 'surprise': 0.0023904158733785152}","{'anger': 0.01876780018210411, 'disgust': 0.015137617476284504, 'fear': 0.004793544299900532, 'joy': 0.003826325526461005, 'neutral': 0.9357456564903259, 'sadness': 0.006233139429241419, 'surprise': 0.01549591775983572}","{'anger': 0.011619657278060913, 'disgust': 0.008636378683149815, 'fear': 0.005802657920867205, 'joy': 0.5405469536781311, 'neutral': 0.29711732268333435, 'sadness': 0.11527492105960846, 'surprise': 0.021002110093832016}","{'anger': 0.0351267084479332, 'disgust': 0.01712457649409771, 'fear': 0.0007604950806125998, 'joy': 0.0023880398366600275, 'neutral': 0.02466321922838688, 'sadness': 0.916955828666687, 'surprise': 0.0029812194406986237}",0.07701356940610216,0.06087742857459977,0.11194622488645789
context_604,"{'anger': 0.7022408843040466, 'disgust': 0.16184423863887787, 'fear': 0.012388575822114944, 'joy': 0.002141631906852126, 'neutral': 0.09869832545518875, 'sadness': 0.019971510395407677, 'surprise': 0.0027148646768182516}","{'anger': 0.3452396094799042, 'disgust': 0.37343740463256836, 'fear': 0.05397212132811546, 'joy': 0.009464933536946774, 'neutral': 0.19446226954460144, 'sadness': 0.02142002061009407, 'surprise': 0.0020037502981722355}","{'anger': 0.24914203584194183, 'disgust': 0.10801614075899124, 'fear': 0.13525275886058807, 'joy': 0.007079182658344507, 'neutral': 0.4748104512691498, 'sadness': 0.01597304455935955, 'surprise': 0.009726323187351227}","{'anger': 0.7744773626327515, 'disgust': 0.021194860339164734, 'fear': 0.1036808118224144, 'joy': 0.004929783288389444, 'neutral': 0.08836573362350464, 'sadness': 0.00601232098415494, 'surprise': 0.0013391730608418584}",0.8108982450206781,0.5881744046792984,0.9736488827382802
context_605,"{'anger': 0.0600489117205143, 'disgust': 0.042244624346494675, 'fear': 0.030784979462623596, 'joy': 0.006208233069628477, 'neutral': 0.05990730598568916, 'sadness': 0.7767288684844971, 'surprise': 0.02407703548669815}","{'anger': 0.008986919187009335, 'disgust': 0.059134773910045624, 'fear': 0.009296195581555367, 'joy': 0.005793186370283365, 'neutral': 0.17074279487133026, 'sadness': 0.6980945467948914, 'surprise': 0.047951601445674896}","{'anger': 0.0958225205540657, 'disgust': 0.620381236076355, 'fear': 0.02025115303695202, 'joy': 0.00444017443805933, 'neutral': 0.12292032688856125, 'sadness': 0.12495942413806915, 'surprise': 0.011225160211324692}","{'anger': 0.0031207259744405746, 'disgust': 0.022380081936717033, 'fear': 0.02688533440232277, 'joy': 0.004963595420122147, 'neutral': 0.08741816133260727, 'sadness': 0.8501130938529968, 'surprise': 0.00511905737221241}",0.983478465281288,0.2687158852124345,0.9962770332989175
context_606,"{'anger': 0.04710736498236656, 'disgust': 0.7154252529144287, 'fear': 0.06383133679628372, 'joy': 0.0007316033006645739, 'neutral': 0.014083045534789562, 'sadness': 0.15616492927074432, 'surprise': 0.002656470751389861}","{'anger': 0.008403852581977844, 'disgust': 0.009906768798828125, 'fear': 0.6547593474388123, 'joy': 0.07588940858840942, 'neutral': 0.23368847370147705, 'sadness': 0.012121478095650673, 'surprise': 0.005230771843343973}","{'anger': 0.004905687645077705, 'disgust': 0.01033575925976038, 'fear': 0.028837984427809715, 'joy': 0.09823580086231232, 'neutral': 0.7384127378463745, 'sadness': 0.10676073282957077, 'surprise': 0.012511232867836952}","{'anger': 0.0029437365010380745, 'disgust': 0.004902355372905731, 'fear': 0.9552426934242249, 'joy': 0.001116718864068389, 'neutral': 0.021533016115427017, 'sadness': 0.012723947875201702, 'surprise': 0.0015374813228845596}",0.10580681420325544,0.06603105771506101,0.09505343808702982
context_607,"{'anger': 0.36891743540763855, 'disgust': 0.07049461454153061, 'fear': 0.36239126324653625, 'joy': 0.001576804555952549, 'neutral': 0.060718756169080734, 'sadness': 0.010515443980693817, 'surprise': 0.12538567185401917}","{'anger': 0.02130747400224209, 'disgust': 0.005032963119447231, 'fear': 0.8088169097900391, 'joy': 0.006152731832116842, 'neutral': 0.13666045665740967, 'sadness': 0.007864724844694138, 'surprise': 0.014164675958454609}","{'anger': 0.046353284269571304, 'disgust': 0.15670791268348694, 'fear': 0.022175604477524757, 'joy': 0.004110592883080244, 'neutral': 0.13890185952186584, 'sadness': 0.6289516687393188, 'surprise': 0.002799024572595954}","{'anger': 0.03281480446457863, 'disgust': 0.017329907044768333, 'fear': 0.09192109853029251, 'joy': 0.03468754142522812, 'neutral': 0.8096024394035339, 'sadness': 0.011382801458239555, 'surprise': 0.0022614002227783203}",0.7024238368750987,0.14360427220384953,0.2181992485354739
context_608,"{'anger': 0.009160391055047512, 'disgust': 0.0029488373547792435, 'fear': 0.8440987467765808, 'joy': 0.0019068381516262889, 'neutral': 0.005343518685549498, 'sadness': 0.13425326347351074, 'surprise': 0.002288328018039465}","{'anger': 0.005479302257299423, 'disgust': 0.00411596242338419, 'fear': 0.9213258028030396, 'joy': 0.004512182902544737, 'neutral': 0.03167925402522087, 'sadness': 0.031679168343544006, 'surprise': 0.001208387198857963}","{'anger': 0.010649851523339748, 'disgust': 0.010642527602612972, 'fear': 0.3264728784561157, 'joy': 0.01004077959805727, 'neutral': 0.08942735940217972, 'sadness': 0.5402160286903381, 'surprise': 0.012550609186291695}","{'anger': 0.003921672236174345, 'disgust': 0.016735153272747993, 'fear': 0.11306460201740265, 'joy': 0.039276085793972015, 'neutral': 0.3933478891849518, 'sadness': 0.4264647662639618, 'surprise': 0.00718983169645071}",0.9919954983483963,0.639618177109441,0.30589534832657694
context_609,"{'anger': 0.8772266507148743, 'disgust': 0.03699178993701935, 'fear': 0.004853446502238512, 'joy': 0.001217035809531808, 'neutral': 0.04534023255109787, 'sadness': 0.030955720692873, 'surprise': 0.003415023209527135}","{'anger': 0.00773247517645359, 'disgust': 0.03869996219873428, 'fear': 0.06690630316734314, 'joy': 0.0020257250871509314, 'neutral': 0.06968068331480026, 'sadness': 0.809662401676178, 'surprise': 0.005292418412864208}","{'anger': 0.02094235084950924, 'disgust': 0.01425501424819231, 'fear': 0.34069278836250305, 'joy': 0.025296185165643692, 'neutral': 0.5689817667007446, 'sadness': 0.025696245953440666, 'surprise': 0.004135618451982737}","{'anger': 0.29841968417167664, 'disgust': 0.06893851608037949, 'fear': 0.007359370123594999, 'joy': 0.002751179039478302, 'neutral': 0.0996330976486206, 'sadness': 0.5199561715126038, 'surprise': 0.0029419967904686928}",0.051215344857191814,0.08070448481941506,0.5296057622115827
context_610,"{'anger': 0.6048312783241272, 'disgust': 0.1955345869064331, 'fear': 0.039195526391267776, 'joy': 0.002005506306886673, 'neutral': 0.025190407410264015, 'sadness': 0.12289585173130035, 'surprise': 0.010346781462430954}","{'anger': 0.010091187432408333, 'disgust': 0.04441012442111969, 'fear': 0.04006798937916756, 'joy': 0.004672697279602289, 'neutral': 0.08729598671197891, 'sadness': 0.8077086806297302, 'surprise': 0.005753335077315569}","{'anger': 0.034078244119882584, 'disgust': 0.3738791048526764, 'fear': 0.24537207186222076, 'joy': 0.004463516175746918, 'neutral': 0.2851268947124481, 'sadness': 0.05279956012964249, 'surprise': 0.004280537832528353}","{'anger': 0.0085603604093194, 'disgust': 0.006300271954387426, 'fear': 0.8461832404136658, 'joy': 0.0019319773418828845, 'neutral': 0.011171034537255764, 'sadness': 0.12494294345378876, 'surprise': 0.0009101647883653641}",0.22289792640629047,0.337603098531589,0.09943840075613752
context_611,"{'anger': 0.03116745315492153, 'disgust': 0.042044784873723984, 'fear': 0.600630521774292, 'joy': 0.0020248449873179197, 'neutral': 0.037158217281103134, 'sadness': 0.2815204858779907, 'surprise': 0.0054536801762878895}","{'anger': 0.005437399726361036, 'disgust': 0.022385181859135628, 'fear': 0.006516591180115938, 'joy': 0.002503910567611456, 'neutral': 0.04349514842033386, 'sadness': 0.9159510135650635, 'surprise': 0.0037108235992491245}","{'anger': 0.0016450828406959772, 'disgust': 0.0006623123772442341, 'fear': 0.005826456937938929, 'joy': 0.0016050025587901473, 'neutral': 0.005176677834242582, 'sadness': 0.9810702800750732, 'surprise': 0.004014168865978718}","{'anger': 0.005965834483504295, 'disgust': 0.0032013426534831524, 'fear': 0.7413206696510315, 'joy': 0.0014473977498710155, 'neutral': 0.014993136748671532, 'sadness': 0.015523501671850681, 'surprise': 0.21754811704158783}",0.432693744308003,0.4282013347516984,0.8768871066805823
context_612,"{'anger': 0.0951632559299469, 'disgust': 0.2541152536869049, 'fear': 0.07487228512763977, 'joy': 0.002244687406346202, 'neutral': 0.3293660879135132, 'sadness': 0.2359514981508255, 'surprise': 0.008286929689347744}","{'anger': 0.024983828887343407, 'disgust': 0.04387754574418068, 'fear': 0.11996546387672424, 'joy': 0.00849225465208292, 'neutral': 0.6069173216819763, 'sadness': 0.19092035293579102, 'surprise': 0.004843267612159252}","{'anger': 0.13681860268115997, 'disgust': 0.05018782988190651, 'fear': 0.19839206337928772, 'joy': 0.004313121549785137, 'neutral': 0.5210517644882202, 'sadness': 0.08073456585407257, 'surprise': 0.00850202701985836}","{'anger': 0.022978421300649643, 'disgust': 0.023182375356554985, 'fear': 0.010186557658016682, 'joy': 0.008059217594563961, 'neutral': 0.9233179092407227, 'sadness': 0.01036010030657053, 'surprise': 0.0019155670888721943}",0.8347517502193555,0.805726271477185,0.691812953825434
context_613,"{'anger': 0.07599761337041855, 'disgust': 0.006381838582456112, 'fear': 0.9073359966278076, 'joy': 0.0012842584401369095, 'neutral': 0.0029549298342317343, 'sadness': 0.0023204716853797436, 'surprise': 0.0037250628229230642}","{'anger': 0.08881364017724991, 'disgust': 0.02584593929350376, 'fear': 0.05475116893649101, 'joy': 0.006103501655161381, 'neutral': 0.7946109175682068, 'sadness': 0.025404037907719612, 'surprise': 0.004470875021070242}","{'anger': 0.007447771728038788, 'disgust': 0.0022725043818354607, 'fear': 0.905708909034729, 'joy': 0.00734672648832202, 'neutral': 0.04086335375905037, 'sadness': 0.005870742257684469, 'surprise': 0.03049013763666153}","{'anger': 0.012472319416701794, 'disgust': 0.006222679745405912, 'fear': 0.7967134714126587, 'joy': 0.012678464874625206, 'neutral': 0.1014593094587326, 'sadness': 0.06849038600921631, 'surprise': 0.0019633101765066385}",0.08079656043421646,0.9958173775065007,0.9866407019412736
context_614,"{'anger': 0.18246527016162872, 'disgust': 0.11246512830257416, 'fear': 0.09636571258306503, 'joy': 0.006488042883574963, 'neutral': 0.0780487209558487, 'sadness': 0.5048031210899353, 'surprise': 0.019363990053534508}","{'anger': 0.12530212104320526, 'disgust': 0.038001079112291336, 'fear': 0.2959707975387573, 'joy': 0.004333930090069771, 'neutral': 0.4572969675064087, 'sadness': 0.07513462752103806, 'surprise': 0.003960463684052229}","{'anger': 0.04543531313538551, 'disgust': 0.007149131502956152, 'fear': 0.13905631005764008, 'joy': 0.03994045406579971, 'neutral': 0.32364422082901, 'sadness': 0.4201635718345642, 'surprise': 0.024610895663499832}","{'anger': 0.01713554747402668, 'disgust': 0.02209082432091236, 'fear': 0.022071493789553642, 'joy': 0.02199562080204487, 'neutral': 0.8972251415252686, 'sadness': 0.017934877425432205, 'surprise': 0.0015465306350961328}",0.40680082742524415,0.8387326762544058,0.17210200459638303
context_615,"{'anger': 0.007414472289383411, 'disgust': 0.17037147283554077, 'fear': 0.6361151933670044, 'joy': 0.0034182558301836252, 'neutral': 0.04703433811664581, 'sadness': 0.12608930468559265, 'surprise': 0.009557067416608334}","{'anger': 0.00506795896217227, 'disgust': 0.011386352591216564, 'fear': 0.019630800932645798, 'joy': 0.007571709342300892, 'neutral': 0.08049841225147247, 'sadness': 0.8637759685516357, 'surprise': 0.012068838812410831}","{'anger': 0.004882478620857, 'disgust': 0.04601003974676132, 'fear': 0.7536256909370422, 'joy': 0.0058084940537810326, 'neutral': 0.15336109697818756, 'sadness': 0.029426733031868935, 'surprise': 0.006885454524308443}","{'anger': 0.0032989808823913336, 'disgust': 0.015456454828381538, 'fear': 0.01436955388635397, 'joy': 0.009401131421327591, 'neutral': 0.13300764560699463, 'sadness': 0.8137673735618591, 'surprise': 0.010698861442506313}",0.21817936802441706,0.9612449096994665,0.21781021992853467
context_616,"{'anger': 0.0698319599032402, 'disgust': 0.009549121372401714, 'fear': 0.0024166684597730637, 'joy': 0.0010061004431918263, 'neutral': 0.005947178695350885, 'sadness': 0.9096450209617615, 'surprise': 0.0016039687907323241}","{'anger': 0.9044872522354126, 'disgust': 0.012148517183959484, 'fear': 0.007425590418279171, 'joy': 0.0007737329578958452, 'neutral': 0.015417314134538174, 'sadness': 0.05831996724009514, 'surprise': 0.0014275364810600877}","{'anger': 0.028437791392207146, 'disgust': 0.13358962535858154, 'fear': 0.5411854386329651, 'joy': 0.0032924048136919737, 'neutral': 0.2189820557832718, 'sadness': 0.03656858578324318, 'surprise': 0.03794407099485397}","{'anger': 0.004082172643393278, 'disgust': 0.015207735821604729, 'fear': 0.006804600823670626, 'joy': 0.04562906175851822, 'neutral': 0.4872748553752899, 'sadness': 0.43115416169166565, 'surprise': 0.009847493842244148}",0.14076775691937315,0.07138148395770316,0.6644648166333349
context_617,"{'anger': 0.11590655893087387, 'disgust': 0.11588624119758606, 'fear': 0.006231505423784256, 'joy': 0.0022165519185364246, 'neutral': 0.057826705276966095, 'sadness': 0.696846067905426, 'surprise': 0.00508631207048893}","{'anger': 0.1281026154756546, 'disgust': 0.08530598133802414, 'fear': 0.016992025077342987, 'joy': 0.06336343288421631, 'neutral': 0.6221355199813843, 'sadness': 0.05409497395157814, 'surprise': 0.030005482956767082}","{'anger': 0.008600517176091671, 'disgust': 0.006776720751076937, 'fear': 0.7590035200119019, 'joy': 0.0014236161950975657, 'neutral': 0.05371074751019478, 'sadness': 0.015303372405469418, 'surprise': 0.15518155694007874}","{'anger': 0.0381631925702095, 'disgust': 0.05797891318798065, 'fear': 0.09802220016717911, 'joy': 0.002430952852591872, 'neutral': 0.0589078888297081, 'sadness': 0.7418822646141052, 'surprise': 0.002614653669297695}",0.21255259950723304,0.03777271953207828,0.9828330911181434
context_618,"{'anger': 0.964643120765686, 'disgust': 0.01139626745134592, 'fear': 0.0027172635309398174, 'joy': 0.000659917073789984, 'neutral': 0.0115466034039855, 'sadness': 0.006000644527375698, 'surprise': 0.0030361192766577005}","{'anger': 0.005553597584366798, 'disgust': 0.014343022368848324, 'fear': 0.06944019347429276, 'joy': 0.008284036070108414, 'neutral': 0.2688010632991791, 'sadness': 0.6232248544692993, 'surprise': 0.010353178717195988}","{'anger': 0.007044659927487373, 'disgust': 0.0072054145857691765, 'fear': 0.86314457654953, 'joy': 0.003023961093276739, 'neutral': 0.1057676449418068, 'sadness': 0.006796234752982855, 'surprise': 0.007017399184405804}","{'anger': 0.9864066243171692, 'disgust': 0.0027164469938725233, 'fear': 0.002071301219984889, 'joy': 0.0004027365939691663, 'neutral': 0.005662684328854084, 'sadness': 0.00188068684656173, 'surprise': 0.0008594090468250215}",0.019117551721049564,0.012523285427313513,0.9999273904731483
context_619,"{'anger': 0.04823771491646767, 'disgust': 0.13476239144802094, 'fear': 0.05886842682957649, 'joy': 0.0020279663149267435, 'neutral': 0.3841078281402588, 'sadness': 0.3525983691215515, 'surprise': 0.019397277384996414}","{'anger': 0.01909010298550129, 'disgust': 0.061411984264850616, 'fear': 0.0790942907333374, 'joy': 0.004102686420083046, 'neutral': 0.773703932762146, 'sadness': 0.054227009415626526, 'surprise': 0.008370054885745049}","{'anger': 0.011533046141266823, 'disgust': 0.03368524834513664, 'fear': 0.016765793785452843, 'joy': 0.0020267453510314226, 'neutral': 0.059952616691589355, 'sadness': 0.8573660850524902, 'surprise': 0.01867048628628254}","{'anger': 0.026233108714222908, 'disgust': 0.06058979034423828, 'fear': 0.3961664140224457, 'joy': 0.004041352309286594, 'neutral': 0.42990508675575256, 'sadness': 0.07748012244701385, 'surprise': 0.005584126338362694}",0.7758322329771549,0.7084016259700262,0.6976298063639278
context_620,"{'anger': 0.3298092484474182, 'disgust': 0.5237038135528564, 'fear': 0.0781824067234993, 'joy': 0.0014958279207348824, 'neutral': 0.02101859822869301, 'sadness': 0.04269348457455635, 'surprise': 0.003096563508734107}","{'anger': 0.010267917066812515, 'disgust': 0.014254639856517315, 'fear': 0.9010679125785828, 'joy': 0.0031422432512044907, 'neutral': 0.05486747995018959, 'sadness': 0.011327755637466908, 'surprise': 0.005072101950645447}","{'anger': 0.23382626473903656, 'disgust': 0.08424103260040283, 'fear': 0.003037436632439494, 'joy': 0.03866835683584213, 'neutral': 0.5870235562324524, 'sadness': 0.044715385884046555, 'surprise': 0.008487959392368793}","{'anger': 0.0021322958637028933, 'disgust': 0.0014978735707700253, 'fear': 0.9794021844863892, 'joy': 0.0009156002779491246, 'neutral': 0.007051593624055386, 'sadness': 0.004623353481292725, 'surprise': 0.004377125762403011}",0.14683768093146754,0.33902019960399543,0.12797308012413366
context_621,"{'anger': 0.20616398751735687, 'disgust': 0.6963820457458496, 'fear': 0.01926935650408268, 'joy': 0.0013056689640507102, 'neutral': 0.04567543789744377, 'sadness': 0.02438126690685749, 'surprise': 0.0068222698755562305}","{'anger': 0.006749721709638834, 'disgust': 0.011658175848424435, 'fear': 0.49976038932800293, 'joy': 0.006107558496296406, 'neutral': 0.1806168258190155, 'sadness': 0.020528333261609077, 'surprise': 0.27457910776138306}","{'anger': 0.044200874865055084, 'disgust': 0.008403156884014606, 'fear': 0.6847589015960693, 'joy': 0.00727725587785244, 'neutral': 0.1993904709815979, 'sadness': 0.05083196982741356, 'surprise': 0.0051373811438679695}","{'anger': 0.03135961294174194, 'disgust': 0.03714017570018768, 'fear': 0.022149071097373962, 'joy': 0.020003190264105797, 'neutral': 0.5776006579399109, 'sadness': 0.309090793132782, 'surprise': 0.0026565128937363625}",0.06827233183028514,0.0738692040434149,0.13929240671008414
context_622,"{'anger': 0.2171740084886551, 'disgust': 0.2753986418247223, 'fear': 0.008132790215313435, 'joy': 0.004010642878711224, 'neutral': 0.39740675687789917, 'sadness': 0.08455566316843033, 'surprise': 0.013321518898010254}","{'anger': 0.9703148007392883, 'disgust': 0.009085136465728283, 'fear': 0.0023107584565877914, 'joy': 0.0007276500109583139, 'neutral': 0.008981204591691494, 'sadness': 0.005927592050284147, 'surprise': 0.002652908908203244}","{'anger': 0.13071338832378387, 'disgust': 0.0273294560611248, 'fear': 0.34732529520988464, 'joy': 0.006493267137557268, 'neutral': 0.1987694650888443, 'sadness': 0.28222596645355225, 'surprise': 0.00714313518255949}","{'anger': 0.08124223351478577, 'disgust': 0.044812217354774475, 'fear': 0.0014522376004606485, 'joy': 0.0035369242541491985, 'neutral': 0.0575077049434185, 'sadness': 0.808637797832489, 'surprise': 0.002810965059325099}",0.4171106098608639,0.5198563614983776,0.276780964086205
context_623,"{'anger': 0.20827068388462067, 'disgust': 0.30898094177246094, 'fear': 0.0038367598317563534, 'joy': 0.003619665512815118, 'neutral': 0.28871554136276245, 'sadness': 0.17817319929599762, 'surprise': 0.008403239771723747}","{'anger': 0.0052175372838974, 'disgust': 0.001496670302003622, 'fear': 0.035989925265312195, 'joy': 0.002907894318923354, 'neutral': 0.006832525599747896, 'sadness': 0.945446789264679, 'surprise': 0.0021086344495415688}","{'anger': 0.8320126533508301, 'disgust': 0.013338863849639893, 'fear': 0.01847909390926361, 'joy': 0.0028905256185680628, 'neutral': 0.062096379697322845, 'sadness': 0.041294462978839874, 'surprise': 0.02988799475133419}","{'anger': 0.011557716876268387, 'disgust': 0.0033696636091917753, 'fear': 0.4362741708755493, 'joy': 0.001893453998491168, 'neutral': 0.011795330792665482, 'sadness': 0.00378100061789155, 'surprise': 0.5313286781311035}",0.36095690583121576,0.4817042865478296,0.03944602003380804
context_624,"{'anger': 0.06136980652809143, 'disgust': 0.019568921998143196, 'fear': 0.8389334678649902, 'joy': 0.003657542634755373, 'neutral': 0.040305957198143005, 'sadness': 0.010689226910471916, 'surprise': 0.02547513134777546}","{'anger': 0.5260147452354431, 'disgust': 0.006762467324733734, 'fear': 0.08872151374816895, 'joy': 0.004346755798906088, 'neutral': 0.029156621545553207, 'sadness': 0.007428119890391827, 'surprise': 0.3375697731971741}","{'anger': 0.966336727142334, 'disgust': 0.014565715566277504, 'fear': 0.002180178416892886, 'joy': 0.0009697648929432034, 'neutral': 0.010157589800655842, 'sadness': 0.002666661748662591, 'surprise': 0.003123284550383687}","{'anger': 0.5165930986404419, 'disgust': 0.12095789611339569, 'fear': 0.01637457311153412, 'joy': 0.002639524871483445, 'neutral': 0.07457713037729263, 'sadness': 0.2521831691265106, 'surprise': 0.016674600541591644}",0.21909767606229713,0.07603575791998196,0.10799792335800595
context_625,"{'anger': 0.5246531367301941, 'disgust': 0.3300464153289795, 'fear': 0.05019455403089523, 'joy': 0.0020354613661766052, 'neutral': 0.017992522567510605, 'sadness': 0.0708971694111824, 'surprise': 0.0041807182133197784}","{'anger': 0.01248180028051138, 'disgust': 0.010433455929160118, 'fear': 0.004581387620419264, 'joy': 0.007264445070177317, 'neutral': 0.9487380385398865, 'sadness': 0.0021648702677339315, 'surprise': 0.01433601975440979}","{'anger': 0.9782137870788574, 'disgust': 0.0025538643822073936, 'fear': 0.002306405920535326, 'joy': 0.0010227345628663898, 'neutral': 0.011168094351887703, 'sadness': 0.0019904107321053743, 'surprise': 0.0027447696775197983}","{'anger': 0.14958050847053528, 'disgust': 0.0968586876988411, 'fear': 0.05227160081267357, 'joy': 0.009815709665417671, 'neutral': 0.6778493523597717, 'sadness': 0.011750061064958572, 'surprise': 0.0018740675877779722}",0.04631148806278129,0.8399632279037351,0.28652579994975924
context_626,"{'anger': 0.0740414634346962, 'disgust': 0.5074697732925415, 'fear': 0.07963494211435318, 'joy': 0.0012386463349685073, 'neutral': 0.21914367377758026, 'sadness': 0.07983796298503876, 'surprise': 0.03863350301980972}","{'anger': 0.10496671497821808, 'disgust': 0.023577207699418068, 'fear': 0.1461649239063263, 'joy': 0.040248941630125046, 'neutral': 0.6481334567070007, 'sadness': 0.029189683496952057, 'surprise': 0.007718977984040976}","{'anger': 0.08339441567659378, 'disgust': 0.031966499984264374, 'fear': 0.028707677498459816, 'joy': 0.007400782313197851, 'neutral': 0.8009029030799866, 'sadness': 0.042914677411317825, 'surprise': 0.0047130039893090725}","{'anger': 0.07761678099632263, 'disgust': 0.07694817334413528, 'fear': 0.0087587246671319, 'joy': 0.02513737790286541, 'neutral': 0.7944977879524231, 'sadness': 0.015351841226220131, 'surprise': 0.001689244294539094}",0.4574709474698764,0.4425378112498688,0.48267813732400133
context_627,"{'anger': 0.6647008657455444, 'disgust': 0.03444210812449455, 'fear': 0.11854851990938187, 'joy': 0.0010983269894495606, 'neutral': 0.030354276299476624, 'sadness': 0.1434142291545868, 'surprise': 0.007441719528287649}","{'anger': 0.015314876101911068, 'disgust': 0.005015306640416384, 'fear': 0.06234854459762573, 'joy': 0.08553225547075272, 'neutral': 0.2722267508506775, 'sadness': 0.3874639868736267, 'surprise': 0.17209820449352264}","{'anger': 0.663698673248291, 'disgust': 0.013333064503967762, 'fear': 0.0046922736801207066, 'joy': 0.01590241678059101, 'neutral': 0.2710297107696533, 'sadness': 0.020345449447631836, 'surprise': 0.010998440906405449}","{'anger': 0.9808387756347656, 'disgust': 0.00303049199283123, 'fear': 0.0023890009615570307, 'joy': 0.0004989670123904943, 'neutral': 0.009239883162081242, 'sadness': 0.0025194718036800623, 'surprise': 0.001483473344705999}",0.2327770829145006,0.9133358558762921,0.9622819076962762
context_628,"{'anger': 0.13587914407253265, 'disgust': 0.40999463200569153, 'fear': 0.00841499026864767, 'joy': 0.0017339704791083932, 'neutral': 0.2294187694787979, 'sadness': 0.008173669688403606, 'surprise': 0.2063847780227661}","{'anger': 0.05811520665884018, 'disgust': 0.1980801373720169, 'fear': 0.01633087545633316, 'joy': 0.009940383955836296, 'neutral': 0.2960975170135498, 'sadness': 0.009317807853221893, 'surprise': 0.4121180772781372}","{'anger': 0.02510794810950756, 'disgust': 0.03460318222641945, 'fear': 0.3229435980319977, 'joy': 0.003309122519567609, 'neutral': 0.4961000978946686, 'sadness': 0.0970393642783165, 'surprise': 0.02089664712548256}","{'anger': 0.04635262116789818, 'disgust': 0.2998030185699463, 'fear': 0.2579658031463623, 'joy': 0.002328090835362673, 'neutral': 0.3527989387512207, 'sadness': 0.03441312536597252, 'surprise': 0.006338384933769703}",0.832431586163236,0.43580253772705024,0.7556357630098992
context_629,"{'anger': 0.11766086518764496, 'disgust': 0.7343629002571106, 'fear': 0.013325712643563747, 'joy': 0.0006131703266873956, 'neutral': 0.07221188396215439, 'sadness': 0.017307287082076073, 'surprise': 0.04451828822493553}","{'anger': 0.16758522391319275, 'disgust': 0.11519036442041397, 'fear': 0.38895606994628906, 'joy': 0.004525036551058292, 'neutral': 0.27631673216819763, 'sadness': 0.041439786553382874, 'surprise': 0.005986712407320738}","{'anger': 0.030745046213269234, 'disgust': 0.004289611242711544, 'fear': 0.3932635188102722, 'joy': 0.003247269196435809, 'neutral': 0.05512125417590141, 'sadness': 0.012960529886186123, 'surprise': 0.5003727674484253}","{'anger': 0.01134837418794632, 'disgust': 0.022304415702819824, 'fear': 0.02616456337273121, 'joy': 0.006727203726768494, 'neutral': 0.9185374975204468, 'sadness': 0.012035055086016655, 'surprise': 0.0028828512877225876}",0.3347215464085438,0.08034797920279768,0.12307325642051214
context_630,"{'anger': 0.0006957345176488161, 'disgust': 0.0022133763413876295, 'fear': 0.0017154293600469828, 'joy': 0.0009198343032039702, 'neutral': 0.004931189585477114, 'sadness': 0.9878000020980835, 'surprise': 0.0017244031187146902}","{'anger': 0.010909696109592915, 'disgust': 0.0018628003308549523, 'fear': 0.42673972249031067, 'joy': 0.0030875832308083773, 'neutral': 0.0064857942052185535, 'sadness': 0.005350015126168728, 'surprise': 0.5455644130706787}","{'anger': 0.0033132191747426987, 'disgust': 0.005745880771428347, 'fear': 0.012489174492657185, 'joy': 0.014625636860728264, 'neutral': 0.082536481320858, 'sadness': 0.8768765330314636, 'surprise': 0.004412993788719177}","{'anger': 0.00431559793651104, 'disgust': 0.017674310132861137, 'fear': 0.67803555727005, 'joy': 0.010125004686415195, 'neutral': 0.07198115438222885, 'sadness': 0.20164088904857635, 'surprise': 0.016227388754487038}",0.010234742751771941,0.9958365960825741,0.28565967242799695
context_631,"{'anger': 0.08841574192047119, 'disgust': 0.007138500921428204, 'fear': 0.8802074193954468, 'joy': 0.0013602819526568055, 'neutral': 0.012546769343316555, 'sadness': 0.003928014542907476, 'surprise': 0.006403269246220589}","{'anger': 0.023796889930963516, 'disgust': 0.04063166677951813, 'fear': 0.43650898337364197, 'joy': 0.004900715779513121, 'neutral': 0.4108160436153412, 'sadness': 0.07697126269340515, 'surprise': 0.006374476011842489}","{'anger': 0.14112655818462372, 'disgust': 0.07425229251384735, 'fear': 0.021501442417502403, 'joy': 0.010535500943660736, 'neutral': 0.13357141613960266, 'sadness': 0.6096015572547913, 'surprise': 0.009411226026713848}","{'anger': 0.005009641870856285, 'disgust': 0.0062667629681527615, 'fear': 0.07822786271572113, 'joy': 0.001528965774923563, 'neutral': 0.0315859317779541, 'sadness': 0.8746378421783447, 'surprise': 0.0027429573237895966}",0.7310347655740249,0.0632557965510071,0.0941429767799058
context_632,"{'anger': 0.6288725137710571, 'disgust': 0.009399371221661568, 'fear': 0.3405197858810425, 'joy': 0.002990968059748411, 'neutral': 0.006027539726346731, 'sadness': 0.008298572152853012, 'surprise': 0.003891271073371172}","{'anger': 0.026566708460450172, 'disgust': 0.012585343793034554, 'fear': 0.006293485406786203, 'joy': 0.07940226793289185, 'neutral': 0.8609737753868103, 'sadness': 0.009849038906395435, 'surprise': 0.0043294234201312065}","{'anger': 0.010325736366212368, 'disgust': 0.006889594253152609, 'fear': 0.014611005783081055, 'joy': 0.11723285913467407, 'neutral': 0.7977384924888611, 'sadness': 0.00617889454588294, 'surprise': 0.04702340438961983}","{'anger': 0.0027265571989119053, 'disgust': 0.0019063085783272982, 'fear': 0.9293544888496399, 'joy': 0.001185260247439146, 'neutral': 0.007642824202775955, 'sadness': 0.002677144017070532, 'surprise': 0.05450743809342384}",0.03957749132540045,0.029289988882583606,0.47824266530055237
context_633,"{'anger': 0.0033595776185393333, 'disgust': 0.009508568793535233, 'fear': 0.003893270157277584, 'joy': 0.0014363096561282873, 'neutral': 0.023082422092556953, 'sadness': 0.9554750919342041, 'surprise': 0.0032446919940412045}","{'anger': 0.36398860812187195, 'disgust': 0.04138445109128952, 'fear': 0.31003037095069885, 'joy': 0.004105885047465563, 'neutral': 0.2432050257921219, 'sadness': 0.02943463623523712, 'surprise': 0.007851011119782925}","{'anger': 0.028231171891093254, 'disgust': 0.02177903614938259, 'fear': 0.27155062556266785, 'joy': 0.1334928274154663, 'neutral': 0.41243866086006165, 'sadness': 0.024566881358623505, 'surprise': 0.10794086754322052}","{'anger': 0.03574863448739052, 'disgust': 0.016488412395119667, 'fear': 0.49021556973457336, 'joy': 0.04490640386939049, 'neutral': 0.3839077353477478, 'sadness': 0.026031073182821274, 'surprise': 0.0027021989226341248}",0.07104088162165256,0.06959199513265257,0.06014757035320317
context_634,"{'anger': 0.1336936354637146, 'disgust': 0.20687811076641083, 'fear': 0.0034490590915083885, 'joy': 0.003430647309869528, 'neutral': 0.48540088534355164, 'sadness': 0.14102980494499207, 'surprise': 0.026117825880646706}","{'anger': 0.010253418236970901, 'disgust': 0.0071854363195598125, 'fear': 0.0014364636735990644, 'joy': 0.00432572141289711, 'neutral': 0.06644260883331299, 'sadness': 0.035026468336582184, 'surprise': 0.875329852104187}","{'anger': 0.049557849764823914, 'disgust': 0.019223935902118683, 'fear': 0.0014843904646113515, 'joy': 0.27687570452690125, 'neutral': 0.6002112030982971, 'sadness': 0.02606320194900036, 'surprise': 0.02658369578421116}","{'anger': 0.016485843807458878, 'disgust': 0.017293041571974754, 'fear': 0.00569514324888587, 'joy': 0.014446006156504154, 'neutral': 0.9394770264625549, 'sadness': 0.0033565107733011246, 'surprise': 0.0032465255353599787}",0.127231259460591,0.8218458934558417,0.8739931026754864
context_635,"{'anger': 0.009930123575031757, 'disgust': 0.0034477408044040203, 'fear': 0.10408491641283035, 'joy': 0.003051131498068571, 'neutral': 0.012789771892130375, 'sadness': 0.8632976412773132, 'surprise': 0.00339866173453629}","{'anger': 0.02353350631892681, 'disgust': 0.02622082643210888, 'fear': 0.042425308376550674, 'joy': 0.022564472630620003, 'neutral': 0.8732964396476746, 'sadness': 0.0038925232365727425, 'surprise': 0.008066916838288307}","{'anger': 0.0407102108001709, 'disgust': 0.010034563019871712, 'fear': 0.1648022085428238, 'joy': 0.0828702300786972, 'neutral': 0.5786982178688049, 'sadness': 0.1148926168680191, 'surprise': 0.00799200776964426}","{'anger': 0.019808286800980568, 'disgust': 0.03676139563322067, 'fear': 0.031146179884672165, 'joy': 0.024717845022678375, 'neutral': 0.8545655012130737, 'sadness': 0.030559994280338287, 'surprise': 0.002440778771415353}",0.025436934310217096,0.23095069887963882,0.05495187417150649
context_636,"{'anger': 0.002466318430379033, 'disgust': 0.006065785884857178, 'fear': 0.9691800475120544, 'joy': 0.0013626560103148222, 'neutral': 0.012849030084908009, 'sadness': 0.005921752657741308, 'surprise': 0.0021545467898249626}","{'anger': 0.012204436585307121, 'disgust': 0.04722899943590164, 'fear': 0.02598949521780014, 'joy': 0.004726335406303406, 'neutral': 0.7604153752326965, 'sadness': 0.14638394117355347, 'surprise': 0.0030514365062117577}","{'anger': 0.005666584242135286, 'disgust': 0.006992327515035868, 'fear': 0.004746335092931986, 'joy': 0.019026076421141624, 'neutral': 0.081843800842762, 'sadness': 0.8312215209007263, 'surprise': 0.05050330609083176}","{'anger': 0.006621377542614937, 'disgust': 0.029667356982827187, 'fear': 0.024313367903232574, 'joy': 0.006324006710201502, 'neutral': 0.767214834690094, 'sadness': 0.16072984039783478, 'surprise': 0.005129196681082249}",0.04804469608975448,0.013268034380616522,0.04546560280676859
context_637,"{'anger': 0.0036127043422311544, 'disgust': 0.005392356775701046, 'fear': 0.9245127439498901, 'joy': 0.0037188762798905373, 'neutral': 0.01659027673304081, 'sadness': 0.044870637357234955, 'surprise': 0.0013023159699514508}","{'anger': 0.0358491986989975, 'disgust': 0.031975604593753815, 'fear': 0.027705436572432518, 'joy': 0.1660597026348114, 'neutral': 0.43177875876426697, 'sadness': 0.301398903131485, 'surprise': 0.00523248640820384}","{'anger': 0.004967330954968929, 'disgust': 0.03340422734618187, 'fear': 0.12246479839086533, 'joy': 0.00808048713952303, 'neutral': 0.8075953125953674, 'sadness': 0.014131087809801102, 'surprise': 0.00935679953545332}","{'anger': 0.008846810087561607, 'disgust': 0.01309414766728878, 'fear': 0.12729592621326447, 'joy': 0.026273587718605995, 'neutral': 0.7868932485580444, 'sadness': 0.03373691067099571, 'surprise': 0.0038594284560531378}",0.0919276184532467,0.1684076476663412,0.17920039705312196
context_638,"{'anger': 0.3438054919242859, 'disgust': 0.23920612037181854, 'fear': 0.011219817213714123, 'joy': 0.004100856836885214, 'neutral': 0.23227867484092712, 'sadness': 0.14540092647075653, 'surprise': 0.023988069966435432}","{'anger': 0.06250888109207153, 'disgust': 0.025663884356617928, 'fear': 0.008360571227967739, 'joy': 0.012558259069919586, 'neutral': 0.8813612461090088, 'sadness': 0.00486579816788435, 'surprise': 0.0046813408844172955}","{'anger': 0.9612394571304321, 'disgust': 0.006518644746392965, 'fear': 0.0020011160522699356, 'joy': 0.0012681561056524515, 'neutral': 0.00773998349905014, 'sadness': 0.015267494134604931, 'surprise': 0.005965270102024078}","{'anger': 0.03422704339027405, 'disgust': 0.03173191100358963, 'fear': 0.0035226810723543167, 'joy': 0.004720843862742186, 'neutral': 0.9160174131393433, 'sadness': 0.007158433552831411, 'surprise': 0.0026215766556560993}",0.5265054422422913,0.6977067142399662,0.5074216647188484
context_639,"{'anger': 0.9865280985832214, 'disgust': 0.00337192602455616, 'fear': 0.001559180673211813, 'joy': 0.0004012549470644444, 'neutral': 0.003596525639295578, 'sadness': 0.00297596980817616, 'surprise': 0.0015670470893383026}","{'anger': 0.006716108415275812, 'disgust': 0.013079077005386353, 'fear': 0.001869601896032691, 'joy': 0.002138493349775672, 'neutral': 0.9414968490600586, 'sadness': 0.006551741622388363, 'surprise': 0.028148146346211433}","{'anger': 0.9602609276771545, 'disgust': 0.014034311287105083, 'fear': 0.00172470195684582, 'joy': 0.0006745317368768156, 'neutral': 0.018048761412501335, 'sadness': 0.0042184279300272465, 'surprise': 0.001038219197653234}","{'anger': 0.9362348318099976, 'disgust': 0.020693432539701462, 'fear': 0.003487878479063511, 'joy': 0.0010520459618419409, 'neutral': 0.02938046306371689, 'sadness': 0.008675908669829369, 'surprise': 0.0004754032415803522}",0.01089238115414981,0.9998215016619342,0.9994188882343996
context_640,"{'anger': 0.031193166971206665, 'disgust': 0.09803788363933563, 'fear': 0.0126228341832757, 'joy': 0.002508457051590085, 'neutral': 0.8268910646438599, 'sadness': 0.011249673552811146, 'surprise': 0.017496895045042038}","{'anger': 0.013712111860513687, 'disgust': 0.025931499898433685, 'fear': 0.009077204391360283, 'joy': 0.028755320236086845, 'neutral': 0.9086511135101318, 'sadness': 0.011106709949672222, 'surprise': 0.0027660024352371693}","{'anger': 0.05387245491147041, 'disgust': 0.040511175990104675, 'fear': 0.004431994631886482, 'joy': 0.2701987624168396, 'neutral': 0.6165180802345276, 'sadness': 0.010694495402276516, 'surprise': 0.0037729640025645494}","{'anger': 0.03213785961270332, 'disgust': 0.02782542072236538, 'fear': 0.007702207192778587, 'joy': 0.009479787200689316, 'neutral': 0.9153643846511841, 'sadness': 0.005730134900659323, 'surprise': 0.001760182436555624}",0.9951728260101348,0.9154851108383502,0.9959102712969692
context_641,"{'anger': 0.025612689554691315, 'disgust': 0.009611457586288452, 'fear': 0.8709630966186523, 'joy': 0.0024141385219991207, 'neutral': 0.0396319143474102, 'sadness': 0.027178915217518806, 'surprise': 0.024587877094745636}","{'anger': 0.12555746734142303, 'disgust': 0.05167033523321152, 'fear': 0.022101765498518944, 'joy': 0.014540918171405792, 'neutral': 0.13059993088245392, 'sadness': 0.6526526212692261, 'surprise': 0.00287699606269598}","{'anger': 0.04502016305923462, 'disgust': 0.00257555628195405, 'fear': 0.5239396691322327, 'joy': 0.05711481720209122, 'neutral': 0.03388572856783867, 'sadness': 0.3338637351989746, 'surprise': 0.0036003454588353634}","{'anger': 0.013469253666698933, 'disgust': 0.03958325460553169, 'fear': 0.22786778211593628, 'joy': 0.009571198374032974, 'neutral': 0.4228707551956177, 'sadness': 0.2836802005767822, 'surprise': 0.002957574324682355}",0.07747319591838153,0.8559675448056577,0.4580439961910132
context_642,"{'anger': 0.5517794489860535, 'disgust': 0.17128056287765503, 'fear': 0.015497745014727116, 'joy': 0.0033466522581875324, 'neutral': 0.07673081755638123, 'sadness': 0.17684566974639893, 'surprise': 0.004519094247370958}","{'anger': 0.03954482078552246, 'disgust': 0.027681546285748482, 'fear': 0.025308532640337944, 'joy': 0.002146609593182802, 'neutral': 0.028919177129864693, 'sadness': 0.8708539605140686, 'surprise': 0.005545340944081545}","{'anger': 0.06760204583406448, 'disgust': 0.009708273224532604, 'fear': 0.0033552239183336496, 'joy': 0.0014583263546228409, 'neutral': 0.010541798546910286, 'sadness': 0.9038152694702148, 'surprise': 0.0035189867485314608}","{'anger': 0.3386010229587555, 'disgust': 0.1072441041469574, 'fear': 0.34883278608322144, 'joy': 0.0020135168451815844, 'neutral': 0.1273549497127533, 'sadness': 0.07291927933692932, 'surprise': 0.0030342573300004005}",0.34441953777141676,0.36154618408969386,0.7377299229904788
context_643,"{'anger': 0.43167644739151, 'disgust': 0.1377202272415161, 'fear': 0.03953992575407028, 'joy': 0.0075267618522048, 'neutral': 0.22492621839046478, 'sadness': 0.14610835909843445, 'surprise': 0.012502006255090237}","{'anger': 0.026067586615681648, 'disgust': 0.00879366509616375, 'fear': 0.0035113824997097254, 'joy': 0.001960599096491933, 'neutral': 0.152776837348938, 'sadness': 0.005337848328053951, 'surprise': 0.8015520572662354}","{'anger': 0.021403208374977112, 'disgust': 0.0015274106990545988, 'fear': 0.9569246172904968, 'joy': 0.0012379786930978298, 'neutral': 0.008920772932469845, 'sadness': 0.003971468657255173, 'surprise': 0.006014556623995304}","{'anger': 0.9532630443572998, 'disgust': 0.006683768704533577, 'fear': 0.017061946913599968, 'joy': 0.000595413614064455, 'neutral': 0.011963901109993458, 'sadness': 0.005619431380182505, 'surprise': 0.004812506027519703}",0.13397581788542512,0.0988007348350547,0.8272404253645668
context_644,"{'anger': 0.01705450937151909, 'disgust': 0.06174727529287338, 'fear': 0.0054646446369588375, 'joy': 0.008270392194390297, 'neutral': 0.7306389212608337, 'sadness': 0.01872493140399456, 'surprise': 0.15809933841228485}","{'anger': 0.003673071740195155, 'disgust': 0.007303201127797365, 'fear': 0.0017115032533183694, 'joy': 0.002889272291213274, 'neutral': 0.9401646852493286, 'sadness': 0.0033766422420740128, 'surprise': 0.04088159650564194}","{'anger': 0.03479602560400963, 'disgust': 0.06819633394479752, 'fear': 0.0183790884912014, 'joy': 0.004696671385318041, 'neutral': 0.30781909823417664, 'sadness': 0.5501050353050232, 'surprise': 0.01600773073732853}","{'anger': 0.018084634095430374, 'disgust': 0.029871461912989616, 'fear': 0.0011772004654631019, 'joy': 0.6483154296875, 'neutral': 0.26243889331817627, 'sadness': 0.037292707711458206, 'surprise': 0.002819659188389778}",0.9824686739679915,0.5087736899476171,0.3807398301847469
context_645,"{'anger': 0.02718832716345787, 'disgust': 0.6562504172325134, 'fear': 0.12954111397266388, 'joy': 0.001538009732030332, 'neutral': 0.03270072862505913, 'sadness': 0.14612191915512085, 'surprise': 0.0066596209071576595}","{'anger': 0.01733870804309845, 'disgust': 0.02812415361404419, 'fear': 0.1811409890651703, 'joy': 0.006922335363924503, 'neutral': 0.721267580986023, 'sadness': 0.034183625131845474, 'surprise': 0.011022571474313736}","{'anger': 0.03622378036379814, 'disgust': 0.0475228913128376, 'fear': 0.005663206335157156, 'joy': 0.009109120815992355, 'neutral': 0.868200957775116, 'sadness': 0.024455783888697624, 'surprise': 0.008824325166642666}","{'anger': 0.01009189523756504, 'disgust': 0.012770632281899452, 'fear': 0.04674587398767471, 'joy': 0.03478258475661278, 'neutral': 0.8796111345291138, 'sadness': 0.01148167159408331, 'surprise': 0.0045161135494709015}",0.13897407363653014,0.1087190834949,0.0747781309401605
context_646,"{'anger': 0.6820063591003418, 'disgust': 0.07153110206127167, 'fear': 0.018515976145863533, 'joy': 0.0015518165891990066, 'neutral': 0.1924523562192917, 'sadness': 0.027186283841729164, 'surprise': 0.006756046321243048}","{'anger': 0.023756954818964005, 'disgust': 0.0027958841528743505, 'fear': 0.06105099990963936, 'joy': 0.23367106914520264, 'neutral': 0.6187753081321716, 'sadness': 0.012131801806390285, 'surprise': 0.04781804233789444}","{'anger': 0.4242711663246155, 'disgust': 0.020349210128188133, 'fear': 0.12438609451055527, 'joy': 0.011900044977664948, 'neutral': 0.37599796056747437, 'sadness': 0.010531816631555557, 'surprise': 0.032563675194978714}","{'anger': 0.005632560700178146, 'disgust': 0.003393973456695676, 'fear': 0.9481014013290405, 'joy': 0.0023835913743823767, 'neutral': 0.03455093502998352, 'sadness': 0.004492802079766989, 'surprise': 0.001444598543457687}",0.28961059676138334,0.8821484528309408,0.04201638787011819
context_647,"{'anger': 0.6195694804191589, 'disgust': 0.2942024767398834, 'fear': 0.006467909552156925, 'joy': 0.0025879992172122, 'neutral': 0.032859738916158676, 'sadness': 0.04140111431479454, 'surprise': 0.002911220071837306}","{'anger': 0.01609923131763935, 'disgust': 0.0346103236079216, 'fear': 0.0984412208199501, 'joy': 0.010216036811470985, 'neutral': 0.652101993560791, 'sadness': 0.18142038583755493, 'surprise': 0.007110831327736378}","{'anger': 0.01029911171644926, 'disgust': 0.13565292954444885, 'fear': 0.06069885566830635, 'joy': 0.015136133879423141, 'neutral': 0.3880404531955719, 'sadness': 0.37750184535980225, 'surprise': 0.012670725584030151}","{'anger': 0.012605126015841961, 'disgust': 0.04790286347270012, 'fear': 0.02438926137983799, 'joy': 0.00846417061984539, 'neutral': 0.5199379324913025, 'sadness': 0.38221561908721924, 'surprise': 0.0044850572012364864}",0.10560913316689557,0.19440024322949667,0.1234370651098855
context_648,"{'anger': 0.024346213787794113, 'disgust': 0.41766658425331116, 'fear': 0.008198386989533901, 'joy': 0.007806361187249422, 'neutral': 0.10971102118492126, 'sadness': 0.4273512661457062, 'surprise': 0.004920199513435364}","{'anger': 0.5690401792526245, 'disgust': 0.03521798551082611, 'fear': 0.010139254853129387, 'joy': 0.007527615875005722, 'neutral': 0.32491976022720337, 'sadness': 0.018215224146842957, 'surprise': 0.0349399596452713}","{'anger': 0.006004221271723509, 'disgust': 0.007717230822890997, 'fear': 0.028282131999731064, 'joy': 0.00878329761326313, 'neutral': 0.8889702558517456, 'sadness': 0.041171956807374954, 'surprise': 0.019070837646722794}","{'anger': 0.0024793879128992558, 'disgust': 0.018289558589458466, 'fear': 0.012811655178666115, 'joy': 0.026973474770784378, 'neutral': 0.1424397975206375, 'sadness': 0.7859126329421997, 'surprise': 0.011093495413661003}",0.1808279963340098,0.21948481428836508,0.7394324046554271
context_649,"{'anger': 0.6336463093757629, 'disgust': 0.2875618040561676, 'fear': 0.03887340426445007, 'joy': 0.0006816316163167357, 'neutral': 0.010951976291835308, 'sadness': 0.02110094204545021, 'surprise': 0.007183813489973545}","{'anger': 0.004317506682127714, 'disgust': 0.011423246935009956, 'fear': 0.021017666906118393, 'joy': 0.0017057904042303562, 'neutral': 0.014453569427132607, 'sadness': 0.9440280795097351, 'surprise': 0.003054125467315316}","{'anger': 0.7969825267791748, 'disgust': 0.013928759843111038, 'fear': 0.005632834509015083, 'joy': 0.0014950450276955962, 'neutral': 0.008741290308535099, 'sadness': 0.1711510568857193, 'surprise': 0.00206840131431818}","{'anger': 0.05584185943007469, 'disgust': 0.04602630436420441, 'fear': 0.02531200647354126, 'joy': 0.027996428310871124, 'neutral': 0.8183589577674866, 'sadness': 0.02479771338403225, 'surprise': 0.001666646683588624}",0.04090098225584737,0.9021375251069825,0.10303409616041892
context_650,"{'anger': 0.009821328334510326, 'disgust': 0.05099622532725334, 'fear': 0.004389773588627577, 'joy': 0.0011309697292745113, 'neutral': 0.010882697068154812, 'sadness': 0.9212023615837097, 'surprise': 0.0015766415745019913}","{'anger': 0.04105350747704506, 'disgust': 0.06806010752916336, 'fear': 0.04015689715743065, 'joy': 0.004035326186567545, 'neutral': 0.08197985589504242, 'sadness': 0.7596296072006226, 'surprise': 0.005084628704935312}","{'anger': 0.05242166295647621, 'disgust': 0.02119029127061367, 'fear': 0.016901936382055283, 'joy': 0.0174868106842041, 'neutral': 0.799437403678894, 'sadness': 0.041277047246694565, 'surprise': 0.05128480866551399}","{'anger': 0.018830936402082443, 'disgust': 0.021242497488856316, 'fear': 0.0014234541449695826, 'joy': 0.0019365751650184393, 'neutral': 0.024547642096877098, 'sadness': 0.9301121234893799, 'surprise': 0.0019068015972152352}",0.992840042550507,0.06532638821435566,0.9993154509660972
context_651,"{'anger': 0.8466736674308777, 'disgust': 0.09047707170248032, 'fear': 0.002476793248206377, 'joy': 0.0009993851417675614, 'neutral': 0.010503223165869713, 'sadness': 0.04646732285618782, 'surprise': 0.0024026092141866684}","{'anger': 0.07729410380125046, 'disgust': 0.18128220736980438, 'fear': 0.5299145579338074, 'joy': 0.007125953212380409, 'neutral': 0.06221948191523552, 'sadness': 0.13296321034431458, 'surprise': 0.009200475178658962}","{'anger': 0.4855751693248749, 'disgust': 0.025443652644753456, 'fear': 0.021448327228426933, 'joy': 0.04019275680184364, 'neutral': 0.4013223350048065, 'sadness': 0.023552164435386658, 'surprise': 0.0024655377492308617}","{'anger': 0.6175776124000549, 'disgust': 0.031005125492811203, 'fear': 0.007394418120384216, 'joy': 0.0058633508160710335, 'neutral': 0.3024875521659851, 'sadness': 0.03381047770380974, 'surprise': 0.0018615084700286388}",0.1806667005693109,0.7763894995257522,0.9024104232513978
context_652,"{'anger': 0.4500720798969269, 'disgust': 0.2007920891046524, 'fear': 0.012298757210373878, 'joy': 0.002188837854191661, 'neutral': 0.2003607302904129, 'sadness': 0.115492083132267, 'surprise': 0.01879541017115116}","{'anger': 0.05662744492292404, 'disgust': 0.04758857935667038, 'fear': 0.04532594233751297, 'joy': 0.005116837099194527, 'neutral': 0.8050003051757812, 'sadness': 0.028665972873568535, 'surprise': 0.011674923822283745}","{'anger': 0.009693257510662079, 'disgust': 0.013357969000935555, 'fear': 0.33246952295303345, 'joy': 0.0058991932310163975, 'neutral': 0.6207289099693298, 'sadness': 0.010463702492415905, 'surprise': 0.007387425284832716}","{'anger': 0.024722175672650337, 'disgust': 0.021594427525997162, 'fear': 0.026361223310232162, 'joy': 0.012068514712154865, 'neutral': 0.8960266709327698, 'sadness': 0.01688290387392044, 'surprise': 0.00234400131739676}",0.45399335269368657,0.3565535118245833,0.40364728894265256
context_653,"{'anger': 0.0013729097554460168, 'disgust': 0.000757820438593626, 'fear': 0.9889768958091736, 'joy': 0.0010295944521203637, 'neutral': 0.0037352703511714935, 'sadness': 0.0028318651020526886, 'surprise': 0.0012956899590790272}","{'anger': 0.008437026292085648, 'disgust': 0.00837544072419405, 'fear': 0.8203426599502563, 'joy': 0.003667968325316906, 'neutral': 0.14574681222438812, 'sadness': 0.006816856563091278, 'surprise': 0.006613209843635559}","{'anger': 0.006413414143025875, 'disgust': 0.0032680141739547253, 'fear': 0.9014341235160828, 'joy': 0.005486339796334505, 'neutral': 0.06570461392402649, 'sadness': 0.015434209257364273, 'surprise': 0.0022592952009290457}","{'anger': 0.002010493306443095, 'disgust': 0.0011837939964607358, 'fear': 0.9833836555480957, 'joy': 0.001858323346823454, 'neutral': 0.00831869151443243, 'sadness': 0.0020304264035075903, 'surprise': 0.0012147261295467615}",0.9851148596166731,0.9974874144002264,0.9999880459991665
context_654,"{'anger': 0.4487440288066864, 'disgust': 0.011408200487494469, 'fear': 0.08773534744977951, 'joy': 0.004024716094136238, 'neutral': 0.032940372824668884, 'sadness': 0.39373624324798584, 'surprise': 0.02141108177602291}","{'anger': 0.23987236618995667, 'disgust': 0.3442654311656952, 'fear': 0.15361440181732178, 'joy': 0.0036236257292330265, 'neutral': 0.16309207677841187, 'sadness': 0.09245448559522629, 'surprise': 0.0030775521881878376}","{'anger': 0.01823653094470501, 'disgust': 0.00846406165510416, 'fear': 0.0061553227715194225, 'joy': 0.041490864008665085, 'neutral': 0.9111351370811462, 'sadness': 0.007032750174403191, 'surprise': 0.007485352456569672}","{'anger': 0.01774182915687561, 'disgust': 0.015345453284680843, 'fear': 0.01770831272006035, 'joy': 0.020101428031921387, 'neutral': 0.7372710704803467, 'sadness': 0.18652571737766266, 'surprise': 0.0053062583319842815}",0.569475534684481,0.07598553361072036,0.23370289558051982
context_655,"{'anger': 0.19219644367694855, 'disgust': 0.6402214169502258, 'fear': 0.006410398054867983, 'joy': 0.002565696369856596, 'neutral': 0.027828654274344444, 'sadness': 0.12926271557807922, 'surprise': 0.0015147494850680232}","{'anger': 0.01920931413769722, 'disgust': 0.025880036875605583, 'fear': 0.1950577199459076, 'joy': 0.012217252515256405, 'neutral': 0.6390824317932129, 'sadness': 0.09100279211997986, 'surprise': 0.017550459131598473}","{'anger': 0.003104627365246415, 'disgust': 0.0018687621923163533, 'fear': 0.005865110084414482, 'joy': 0.21950311958789825, 'neutral': 0.717517077922821, 'sadness': 0.019700972363352776, 'surprise': 0.032440315932035446}","{'anger': 0.0016756976256147027, 'disgust': 0.0028044618666172028, 'fear': 0.9643489122390747, 'joy': 0.0012877717381343246, 'neutral': 0.013840739615261555, 'sadness': 0.014606058597564697, 'surprise': 0.001436322694644332}",0.11105555865733963,0.04874584476129984,0.016093431098620825
context_656,"{'anger': 0.0076379962265491486, 'disgust': 0.12252730131149292, 'fear': 0.7373186349868774, 'joy': 0.006351050920784473, 'neutral': 0.05301558971405029, 'sadness': 0.06664584577083588, 'surprise': 0.0065036616288125515}","{'anger': 0.001188131282106042, 'disgust': 0.0025533661246299744, 'fear': 0.002373344264924526, 'joy': 0.001769470633007586, 'neutral': 0.009634166955947876, 'sadness': 0.9784656167030334, 'surprise': 0.004015884827822447}","{'anger': 0.0011532893404364586, 'disgust': 0.0012443913146853447, 'fear': 0.9891323447227478, 'joy': 0.0007683585281483829, 'neutral': 0.0031391149386763573, 'sadness': 0.0021519020665436983, 'surprise': 0.0024106218479573727}","{'anger': 0.002295977668836713, 'disgust': 0.004419800825417042, 'fear': 0.9704612493515015, 'joy': 0.0013167487923055887, 'neutral': 0.008613422513008118, 'sadness': 0.009222432039678097, 'surprise': 0.0036703739315271378}",0.09213535155186536,0.9806570280102321,0.9821814603749988
context_657,"{'anger': 0.2906709611415863, 'disgust': 0.10691337287425995, 'fear': 0.4620562493801117, 'joy': 0.0039006820879876614, 'neutral': 0.07387592643499374, 'sadness': 0.05910489335656166, 'surprise': 0.003477931721135974}","{'anger': 0.19501714408397675, 'disgust': 0.19581137597560883, 'fear': 0.11234521865844727, 'joy': 0.0026643439196050167, 'neutral': 0.44879674911499023, 'sadness': 0.025132108479738235, 'surprise': 0.020233135670423508}","{'anger': 0.013540392741560936, 'disgust': 0.0002920611877925694, 'fear': 0.9693633913993835, 'joy': 0.005800827406346798, 'neutral': 0.004026151727885008, 'sadness': 0.0031359500717371702, 'surprise': 0.0038411999121308327}","{'anger': 0.0017521026311442256, 'disgust': 0.0032922914251685143, 'fear': 0.974543035030365, 'joy': 0.004047052934765816, 'neutral': 0.012567620724439621, 'sadness': 0.00216464651748538, 'surprise': 0.0016331274528056383}",0.5391839667039076,0.8269522701238633,0.8223063291749682
context_658,"{'anger': 0.8370973467826843, 'disgust': 0.03569718450307846, 'fear': 0.009053572081029415, 'joy': 0.0016322536394000053, 'neutral': 0.045537929981946945, 'sadness': 0.043236102908849716, 'surprise': 0.0277455672621727}","{'anger': 0.11434962600469589, 'disgust': 0.06411976367235184, 'fear': 0.3992099463939667, 'joy': 0.01130171213299036, 'neutral': 0.3554008901119232, 'sadness': 0.03767802193760872, 'surprise': 0.01794002391397953}","{'anger': 0.016822857782244682, 'disgust': 0.010981511324644089, 'fear': 0.6763136982917786, 'joy': 0.03633977845311165, 'neutral': 0.24403056502342224, 'sadness': 0.011434386484324932, 'surprise': 0.004077092744410038}","{'anger': 0.9851839542388916, 'disgust': 0.0023823415394872427, 'fear': 0.004095415584743023, 'joy': 0.0003480148734524846, 'neutral': 0.002963908016681671, 'sadness': 0.004140904173254967, 'surprise': 0.0008855655905790627}",0.2584674206678761,0.05346582808891276,0.996227100406972
context_659,"{'anger': 0.023980485275387764, 'disgust': 0.03862343356013298, 'fear': 0.4691274166107178, 'joy': 0.00920885894447565, 'neutral': 0.07205557823181152, 'sadness': 0.37031087279319763, 'surprise': 0.016693465411663055}","{'anger': 0.006777775939553976, 'disgust': 0.0016178437508642673, 'fear': 0.941663920879364, 'joy': 0.006071315612643957, 'neutral': 0.027483316138386726, 'sadness': 0.009230665862560272, 'surprise': 0.007155129685997963}","{'anger': 0.006842849310487509, 'disgust': 0.007840556092560291, 'fear': 0.7688177227973938, 'joy': 0.0028557986952364445, 'neutral': 0.16070988774299622, 'sadness': 0.04785709083080292, 'surprise': 0.00507616950199008}","{'anger': 0.018383871763944626, 'disgust': 0.02794044278562069, 'fear': 0.059836290776729584, 'joy': 0.00670228898525238, 'neutral': 0.8537798523902893, 'sadness': 0.03145493566989899, 'surprise': 0.0019023515051230788}",0.7864451271248203,0.821615426710219,0.19866329036971864
context_660,"{'anger': 0.6915668249130249, 'disgust': 0.059283483773469925, 'fear': 0.043216343969106674, 'joy': 0.001038472051732242, 'neutral': 0.03893323987722397, 'sadness': 0.16219361126422882, 'surprise': 0.003768013557419181}","{'anger': 0.014725049957633018, 'disgust': 0.01210337970405817, 'fear': 0.0017370415152981877, 'joy': 0.02933550626039505, 'neutral': 0.9234755635261536, 'sadness': 0.012679963372647762, 'surprise': 0.005943611264228821}","{'anger': 0.005876856856048107, 'disgust': 0.007127723190933466, 'fear': 0.8186542987823486, 'joy': 0.006601207423955202, 'neutral': 0.14448890089988708, 'sadness': 0.014734224416315556, 'surprise': 0.002516742330044508}","{'anger': 0.02128230780363083, 'disgust': 0.029864396899938583, 'fear': 0.0028410046361386776, 'joy': 0.7131164073944092, 'neutral': 0.21820758283138275, 'sadness': 0.012507468461990356, 'surprise': 0.0021808824967592955}",0.07418919676651625,0.08054249972684213,0.05221044737934821
context_661,"{'anger': 0.0040213423781096935, 'disgust': 0.017766783013939857, 'fear': 0.002319327788427472, 'joy': 0.0008846159907989204, 'neutral': 0.009758269414305687, 'sadness': 0.9639245271682739, 'surprise': 0.0013251402415335178}","{'anger': 0.009800858795642853, 'disgust': 0.030621876940131187, 'fear': 0.0029746589716523886, 'joy': 0.006621840875595808, 'neutral': 0.053358349949121475, 'sadness': 0.8917177319526672, 'surprise': 0.0049047768115997314}","{'anger': 0.03684487193822861, 'disgust': 0.027228418737649918, 'fear': 0.005742365028709173, 'joy': 0.09142740070819855, 'neutral': 0.7644656896591187, 'sadness': 0.06734387576580048, 'surprise': 0.006947371643036604}","{'anger': 0.01802712306380272, 'disgust': 0.13967294991016388, 'fear': 0.006188813131302595, 'joy': 0.009859822690486908, 'neutral': 0.2185313105583191, 'sadness': 0.6055824756622314, 'surprise': 0.0021375627256929874}",0.9985907019996104,0.09793584147570056,0.9259528370870207
context_662,"{'anger': 0.11734545975923538, 'disgust': 0.16129890084266663, 'fear': 0.08180192112922668, 'joy': 0.0037697821389883757, 'neutral': 0.10764526575803757, 'sadness': 0.4967215657234192, 'surprise': 0.0314171239733696}","{'anger': 0.10327323526144028, 'disgust': 0.04585421830415726, 'fear': 0.32611334323883057, 'joy': 0.010591480880975723, 'neutral': 0.4278431534767151, 'sadness': 0.06393416970968246, 'surprise': 0.022390468046069145}","{'anger': 0.00891405064612627, 'disgust': 0.012699668295681477, 'fear': 0.00844160933047533, 'joy': 0.008927326649427414, 'neutral': 0.023528294637799263, 'sadness': 0.9004052877426147, 'surprise': 0.037083763629198074}","{'anger': 0.016073472797870636, 'disgust': 0.029134079813957214, 'fear': 0.008608178235590458, 'joy': 0.02788986824452877, 'neutral': 0.8780627250671387, 'sadness': 0.03828689828515053, 'surprise': 0.0019447971135377884}",0.4072279884555253,0.9120355047799623,0.24862954090111455
context_663,"{'anger': 0.08000808209180832, 'disgust': 0.2772883176803589, 'fear': 0.11357182264328003, 'joy': 0.003158579347655177, 'neutral': 0.05474596470594406, 'sadness': 0.4662898778915405, 'surprise': 0.004937342368066311}","{'anger': 0.20284365117549896, 'disgust': 0.0754508376121521, 'fear': 0.006987310480326414, 'joy': 0.002437233692035079, 'neutral': 0.11289241909980774, 'sadness': 0.5860430598258972, 'surprise': 0.013345517218112946}","{'anger': 0.008410073816776276, 'disgust': 0.003105319570749998, 'fear': 0.008845511823892593, 'joy': 0.01637350209057331, 'neutral': 0.9038418531417847, 'sadness': 0.05044764652848244, 'surprise': 0.008976063691079617}","{'anger': 0.057272303849458694, 'disgust': 0.06331280618906021, 'fear': 0.08119472116231918, 'joy': 0.04126780480146408, 'neutral': 0.6916474103927612, 'sadness': 0.06312911212444305, 'surprise': 0.0021759136579930782}",0.8884105648331091,0.14844279716471975,0.24882018618296464
context_664,"{'anger': 0.03009794093668461, 'disgust': 0.027665652334690094, 'fear': 0.0540335588157177, 'joy': 0.010854816995561123, 'neutral': 0.06802597641944885, 'sadness': 0.8041115403175354, 'surprise': 0.005210493225604296}","{'anger': 0.10100112110376358, 'disgust': 0.028492653742432594, 'fear': 0.02362162061035633, 'joy': 0.006810360588133335, 'neutral': 0.1435794085264206, 'sadness': 0.6939367055892944, 'surprise': 0.002558163134381175}","{'anger': 0.006130862515419722, 'disgust': 0.007844031788408756, 'fear': 0.010636739432811737, 'joy': 0.018511801958084106, 'neutral': 0.9407992362976074, 'sadness': 0.010962650179862976, 'surprise': 0.0051147243939340115}","{'anger': 0.009507413022220135, 'disgust': 0.011807749979197979, 'fear': 0.13325248658657074, 'joy': 0.019460171461105347, 'neutral': 0.7649153470993042, 'sadness': 0.05723481625318527, 'surprise': 0.003822057042270899}",0.9869508037321452,0.09710224134486478,0.16818125476266665
context_665,"{'anger': 0.2825063169002533, 'disgust': 0.06566746532917023, 'fear': 0.31243839859962463, 'joy': 0.006648054346442223, 'neutral': 0.09284693002700806, 'sadness': 0.22691291570663452, 'surprise': 0.012979989871382713}","{'anger': 0.05875618755817413, 'disgust': 0.03171931952238083, 'fear': 0.025100095197558403, 'joy': 0.11328203231096268, 'neutral': 0.6494132280349731, 'sadness': 0.11847125738859177, 'surprise': 0.003257883246988058}","{'anger': 0.006437967997044325, 'disgust': 0.004790500737726688, 'fear': 0.022834472358226776, 'joy': 0.6714652180671692, 'neutral': 0.2706488072872162, 'sadness': 0.018056195229291916, 'surprise': 0.005766830872744322}","{'anger': 0.02887529879808426, 'disgust': 0.07107789069414139, 'fear': 0.02316545508801937, 'joy': 0.00848610233515501, 'neutral': 0.7391415238380432, 'sadness': 0.12734635174274445, 'surprise': 0.0019074255833402276}",0.34550021781280427,0.12070597576023367,0.317043738882244
context_666,"{'anger': 0.004281155299395323, 'disgust': 0.008887805975973606, 'fear': 0.605098307132721, 'joy': 0.004581992514431477, 'neutral': 0.04908192157745361, 'sadness': 0.31885749101638794, 'surprise': 0.009211349301040173}","{'anger': 0.006820146460086107, 'disgust': 0.01680792309343815, 'fear': 0.009146950207650661, 'joy': 0.0021358709782361984, 'neutral': 0.9452266693115234, 'sadness': 0.007922052405774593, 'surprise': 0.01194037776440382}","{'anger': 0.022888822481036186, 'disgust': 0.00749202212318778, 'fear': 0.05569187551736832, 'joy': 0.24066729843616486, 'neutral': 0.6517431139945984, 'sadness': 0.01042606495320797, 'surprise': 0.011090805754065514}","{'anger': 0.012337226420640945, 'disgust': 0.03475022315979004, 'fear': 0.12996061146259308, 'joy': 0.0067909229546785355, 'neutral': 0.7659760117530823, 'sadness': 0.04393802583217621, 'surprise': 0.00624702638015151}",0.08442529749013117,0.14710483026976173,0.24458160928492245
context_667,"{'anger': 0.32721951603889465, 'disgust': 0.5384034514427185, 'fear': 0.016171619296073914, 'joy': 0.0018753631738945842, 'neutral': 0.0650571882724762, 'sadness': 0.04186027869582176, 'surprise': 0.009412569925189018}","{'anger': 0.00476165721192956, 'disgust': 0.0015321954851970077, 'fear': 0.9596039056777954, 'joy': 0.0030158564914017916, 'neutral': 0.02308483235538006, 'sadness': 0.006463608704507351, 'surprise': 0.0015378543175756931}","{'anger': 0.14070364832878113, 'disgust': 0.010215776972472668, 'fear': 0.010089489631354809, 'joy': 0.002370604779571295, 'neutral': 0.044329509139060974, 'sadness': 0.7856188416481018, 'surprise': 0.006672170013189316}","{'anger': 0.01210531685501337, 'disgust': 0.015203868970274925, 'fear': 0.653336226940155, 'joy': 0.0049784197472035885, 'neutral': 0.06205443665385246, 'sadness': 0.2502812147140503, 'surprise': 0.0020405214745551348}",0.03230635589146502,0.17241826173539343,0.08348779812464036
context_668,"{'anger': 0.2137947827577591, 'disgust': 0.5794844627380371, 'fear': 0.005137505475431681, 'joy': 0.0024518996942788363, 'neutral': 0.17425991594791412, 'sadness': 0.018395140767097473, 'surprise': 0.0064763338305056095}","{'anger': 0.4545871615409851, 'disgust': 0.07550764828920364, 'fear': 0.04665776342153549, 'joy': 0.0023872454185038805, 'neutral': 0.13743315637111664, 'sadness': 0.27547842264175415, 'surprise': 0.007948596961796284}","{'anger': 0.11106976121664047, 'disgust': 0.10412116348743439, 'fear': 0.06288579106330872, 'joy': 0.002751370659098029, 'neutral': 0.45136937499046326, 'sadness': 0.2576250731945038, 'surprise': 0.01017750520259142}","{'anger': 0.06939853727817535, 'disgust': 0.009990787133574486, 'fear': 0.00550808385014534, 'joy': 0.0013711533974856138, 'neutral': 0.03310474753379822, 'sadness': 0.8781770467758179, 'surprise': 0.0024497017730027437}",0.4767204073007466,0.47945408814505386,0.07524883464162424
context_669,"{'anger': 0.01980176568031311, 'disgust': 0.06245855242013931, 'fear': 0.0292686577886343, 'joy': 0.0035233129747211933, 'neutral': 0.051327962428331375, 'sadness': 0.8240041732788086, 'surprise': 0.009615534916520119}","{'anger': 0.011259909719228745, 'disgust': 0.020535271614789963, 'fear': 0.006293681915849447, 'joy': 0.12258034944534302, 'neutral': 0.6996302604675293, 'sadness': 0.13354140520095825, 'surprise': 0.006159189157187939}","{'anger': 0.008144226856529713, 'disgust': 0.10094980150461197, 'fear': 0.07610844820737839, 'joy': 0.040666233748197556, 'neutral': 0.721823513507843, 'sadness': 0.04811770096421242, 'surprise': 0.004190004430711269}","{'anger': 0.00812096893787384, 'disgust': 0.005013540852814913, 'fear': 0.906208872795105, 'joy': 0.008273880928754807, 'neutral': 0.06115617975592613, 'sadness': 0.009893662296235561, 'surprise': 0.0013328067725524306}",0.24715424606888436,0.14037565206010694,0.050912863512339146
context_670,"{'anger': 0.47308477759361267, 'disgust': 0.184846892952919, 'fear': 0.015379729680716991, 'joy': 0.002524350769817829, 'neutral': 0.06859096139669418, 'sadness': 0.244361013174057, 'surprise': 0.01121220737695694}","{'anger': 0.028110073879361153, 'disgust': 0.019350655376911163, 'fear': 0.004048374947160482, 'joy': 0.11128006130456924, 'neutral': 0.611534595489502, 'sadness': 0.2176930159330368, 'surprise': 0.007983298972249031}","{'anger': 0.0026865613181144, 'disgust': 0.001230908092111349, 'fear': 0.9728600978851318, 'joy': 0.0022263755090534687, 'neutral': 0.01406911201775074, 'sadness': 0.0046180495992302895, 'surprise': 0.002308773808181286}","{'anger': 0.13594289124011993, 'disgust': 0.11149074882268906, 'fear': 0.025003081187605858, 'joy': 0.005198332946747541, 'neutral': 0.6302545666694641, 'sadness': 0.09054655581712723, 'surprise': 0.0015637770993635058}",0.30010577675615524,0.033622855871929036,0.40125062000848555
context_671,"{'anger': 0.06386089324951172, 'disgust': 0.07277117669582367, 'fear': 0.13680818676948547, 'joy': 0.005646282806992531, 'neutral': 0.4560067057609558, 'sadness': 0.1416730284690857, 'surprise': 0.12323369830846786}","{'anger': 0.056139227002859116, 'disgust': 0.057890329509973526, 'fear': 0.2315821498632431, 'joy': 0.05916211009025574, 'neutral': 0.41255319118499756, 'sadness': 0.1764189451932907, 'surprise': 0.0062540373764932156}","{'anger': 0.024686768651008606, 'disgust': 0.04076728969812393, 'fear': 0.17679846286773682, 'joy': 0.007164683658629656, 'neutral': 0.7324632406234741, 'sadness': 0.00799899734556675, 'surprise': 0.01012060884386301}","{'anger': 0.00933448038995266, 'disgust': 0.010377553291618824, 'fear': 0.002345804125070572, 'joy': 0.06215047836303711, 'neutral': 0.9045529365539551, 'sadness': 0.00477381469681859, 'surprise': 0.0064648776315152645}",0.9461671626607018,0.9283418012734809,0.8806462045450377
context_672,"{'anger': 0.01477612741291523, 'disgust': 0.023955650627613068, 'fear': 0.039762094616889954, 'joy': 0.0022318498231470585, 'neutral': 0.044235724955797195, 'sadness': 0.8704129457473755, 'surprise': 0.004625705070793629}","{'anger': 0.011941979639232159, 'disgust': 0.06304622441530228, 'fear': 0.005148149095475674, 'joy': 0.01613648608326912, 'neutral': 0.8851657509803772, 'sadness': 0.016297481954097748, 'surprise': 0.0022639406379312277}","{'anger': 0.02955014258623123, 'disgust': 0.018581079319119453, 'fear': 0.016714470461010933, 'joy': 0.2687426805496216, 'neutral': 0.5505556464195251, 'sadness': 0.10599292069673538, 'surprise': 0.009863023646175861}","{'anger': 0.0020912811160087585, 'disgust': 0.003117095911875367, 'fear': 0.9457031488418579, 'joy': 0.004152974113821983, 'neutral': 0.03313026577234268, 'sadness': 0.010392268188297749, 'surprise': 0.0014128723414614797}",0.07133076296735252,0.2184498602429399,0.05839048035325145
context_673,"{'anger': 0.02055138163268566, 'disgust': 0.15079393982887268, 'fear': 0.48344510793685913, 'joy': 0.0023465759586542845, 'neutral': 0.04593590646982193, 'sadness': 0.284363329410553, 'surprise': 0.012563844211399555}","{'anger': 0.06090531125664711, 'disgust': 0.018262075260281563, 'fear': 0.3468949496746063, 'joy': 0.1074560135602951, 'neutral': 0.35894906520843506, 'sadness': 0.10129404067993164, 'surprise': 0.006238648667931557}","{'anger': 0.0029572334606200457, 'disgust': 0.001705504022538662, 'fear': 0.9528830647468567, 'joy': 0.0022134867031127214, 'neutral': 0.03243439272046089, 'sadness': 0.0055728573352098465, 'surprise': 0.0022334454115480185}","{'anger': 0.004784333985298872, 'disgust': 0.007917577400803566, 'fear': 0.0052479528822004795, 'joy': 0.12708783149719238, 'neutral': 0.8411676287651062, 'sadness': 0.007459891028702259, 'surprise': 0.006334859412163496}",0.7106499782306137,0.8347396587446752,0.09063795246325812
context_674,"{'anger': 0.1614789366722107, 'disgust': 0.1500072330236435, 'fear': 0.060810636729002, 'joy': 0.0009598612086847425, 'neutral': 0.040341492742300034, 'sadness': 0.5784494280815125, 'surprise': 0.00795244611799717}","{'anger': 0.20168271660804749, 'disgust': 0.06972699612379074, 'fear': 0.027537934482097626, 'joy': 0.10137521475553513, 'neutral': 0.4011886715888977, 'sadness': 0.19057485461235046, 'surprise': 0.00791365746408701}","{'anger': 0.016372747719287872, 'disgust': 0.00599072827026248, 'fear': 0.010875129140913486, 'joy': 0.061686884611845016, 'neutral': 0.875366747379303, 'sadness': 0.024789877235889435, 'surprise': 0.004917926155030727}","{'anger': 0.1540209949016571, 'disgust': 0.09285379946231842, 'fear': 0.04459920525550842, 'joy': 0.00935680978000164, 'neutral': 0.6013068556785583, 'sadness': 0.09652645885944366, 'surprise': 0.001335818786174059}",0.5453124799856597,0.0985678839464218,0.3064740181223511
context_675,"{'anger': 0.27693021297454834, 'disgust': 0.34474700689315796, 'fear': 0.0625373050570488, 'joy': 0.0016128967981785536, 'neutral': 0.08107870072126389, 'sadness': 0.22434426844120026, 'surprise': 0.00874961819499731}","{'anger': 0.0034903795458376408, 'disgust': 0.005098317284137011, 'fear': 0.9218624234199524, 'joy': 0.0032150635961443186, 'neutral': 0.05118188634514809, 'sadness': 0.012419420294463634, 'surprise': 0.0027325591072440147}","{'anger': 0.030876293778419495, 'disgust': 0.0056082881055772305, 'fear': 0.7685810327529907, 'joy': 0.002874945057556033, 'neutral': 0.06668181717395782, 'sadness': 0.11493801325559616, 'surprise': 0.010439480654895306}","{'anger': 0.010555900633335114, 'disgust': 0.03452811390161514, 'fear': 0.04154953360557556, 'joy': 0.03721165284514427, 'neutral': 0.8128476142883301, 'sadness': 0.05951423943042755, 'surprise': 0.003792900824919343}",0.1440114657880931,0.22724217745243858,0.23370050792901065
context_676,"{'anger': 0.21648791432380676, 'disgust': 0.4344921112060547, 'fear': 0.10214836150407791, 'joy': 0.0018211640417575836, 'neutral': 0.20826005935668945, 'sadness': 0.02716107852756977, 'surprise': 0.009629420004785061}","{'anger': 0.06862593442201614, 'disgust': 0.017032194882631302, 'fear': 0.00936460867524147, 'joy': 0.04494088143110275, 'neutral': 0.846783459186554, 'sadness': 0.011680452153086662, 'surprise': 0.0015723926480859518}","{'anger': 0.04814298078417778, 'disgust': 0.14784154295921326, 'fear': 0.6304385662078857, 'joy': 0.005544949322938919, 'neutral': 0.12267930805683136, 'sadness': 0.03645998612046242, 'surprise': 0.008892693556845188}","{'anger': 0.04517115280032158, 'disgust': 0.044399529695510864, 'fear': 0.009253236465156078, 'joy': 0.012440528720617294, 'neutral': 0.876936137676239, 'sadness': 0.010133237577974796, 'surprise': 0.0016661386471241713}",0.4361262274983042,0.46461101114055636,0.4494556437857111
context_677,"{'anger': 0.10289701819419861, 'disgust': 0.0791373923420906, 'fear': 0.29374009370803833, 'joy': 0.004356963559985161, 'neutral': 0.30252525210380554, 'sadness': 0.2056305855512619, 'surprise': 0.011712632142007351}","{'anger': 0.007291425950825214, 'disgust': 0.0032693599350750446, 'fear': 0.0016108459094539285, 'joy': 0.0062150065787136555, 'neutral': 0.04284711927175522, 'sadness': 0.0033317366614937782, 'surprise': 0.9354345202445984}","{'anger': 0.16713623702526093, 'disgust': 0.029087519273161888, 'fear': 0.1517484486103058, 'joy': 0.006214422639459372, 'neutral': 0.29836758971214294, 'sadness': 0.31966733932495117, 'surprise': 0.02777838334441185}","{'anger': 0.012075000442564487, 'disgust': 0.008037993684411049, 'fear': 0.0015127441147342324, 'joy': 0.10684756189584732, 'neutral': 0.8600377440452576, 'sadness': 0.003034571884199977, 'surprise': 0.008454300463199615}",0.05726633210127052,0.9167575742583701,0.6247574371902422
context_678,"{'anger': 0.01788499392569065, 'disgust': 0.06083660572767258, 'fear': 0.01112008560448885, 'joy': 0.016211308538913727, 'neutral': 0.049956221133470535, 'sadness': 0.8324212431907654, 'surprise': 0.01156954001635313}","{'anger': 0.16055335104465485, 'disgust': 0.7294179797172546, 'fear': 0.00710033206269145, 'joy': 0.003542448626831174, 'neutral': 0.08819074928760529, 'sadness': 0.009412146173417568, 'surprise': 0.0017828729469329119}","{'anger': 0.002016997430473566, 'disgust': 0.0011451778700575233, 'fear': 0.9712305068969727, 'joy': 0.0015219439519569278, 'neutral': 0.006214804481714964, 'sadness': 0.015509223565459251, 'surprise': 0.0023613160010427237}","{'anger': 0.030237725004553795, 'disgust': 0.037937767803668976, 'fear': 0.008609713055193424, 'joy': 0.017015056684613228, 'neutral': 0.8929343223571777, 'sadness': 0.011738183908164501, 'surprise': 0.0015272254822775722}",0.09477983765504339,0.02975115717187271,0.07698666758248995
context_679,"{'anger': 0.32843488454818726, 'disgust': 0.34627941250801086, 'fear': 0.030751826241612434, 'joy': 0.0174480639398098, 'neutral': 0.22227905690670013, 'sadness': 0.048675213009119034, 'surprise': 0.006131540052592754}","{'anger': 0.3334914445877075, 'disgust': 0.08510668575763702, 'fear': 0.0028928692918270826, 'joy': 0.00742191169410944, 'neutral': 0.35120823979377747, 'sadness': 0.20790085196495056, 'surprise': 0.011977952904999256}","{'anger': 0.013163470663130283, 'disgust': 0.004524265881627798, 'fear': 0.8382694721221924, 'joy': 0.0012719512451440096, 'neutral': 0.075729601085186, 'sadness': 0.019152957946062088, 'surprise': 0.047888364642858505}","{'anger': 0.017451580613851547, 'disgust': 0.009027833119034767, 'fear': 0.08162499964237213, 'joy': 0.006746738683432341, 'neutral': 0.863615095615387, 'sadness': 0.01901872642338276, 'surprise': 0.0025149856228381395}",0.8037214980511629,0.11131001766285109,0.4443712839470064
context_680,"{'anger': 0.22102347016334534, 'disgust': 0.5471763610839844, 'fear': 0.011633331887423992, 'joy': 0.0009734886698424816, 'neutral': 0.10771272331476212, 'sadness': 0.10333174467086792, 'surprise': 0.00814890768378973}","{'anger': 0.01976398006081581, 'disgust': 0.009623941965401173, 'fear': 0.028076445683836937, 'joy': 0.01564812660217285, 'neutral': 0.9120154976844788, 'sadness': 0.010430657304823399, 'surprise': 0.004441393073648214}","{'anger': 0.006212790962308645, 'disgust': 0.0019248201278969646, 'fear': 0.9303461313247681, 'joy': 0.016964074224233627, 'neutral': 0.0337488166987896, 'sadness': 0.007673237007111311, 'surprise': 0.0031302114948630333}","{'anger': 0.014075922779738903, 'disgust': 0.020934976637363434, 'fear': 0.052881430834531784, 'joy': 0.0060272724367678165, 'neutral': 0.887630045413971, 'sadness': 0.015910163521766663, 'surprise': 0.002540169283747673}",0.19667967895520966,0.03125283491827291,0.20759306650376586
context_681,"{'anger': 0.014026379212737083, 'disgust': 0.05808499455451965, 'fear': 0.669487476348877, 'joy': 0.005609764251857996, 'neutral': 0.21851003170013428, 'sadness': 0.02382667548954487, 'surprise': 0.0104546332731843}","{'anger': 0.06591830402612686, 'disgust': 0.05620817095041275, 'fear': 0.20255665481090546, 'joy': 0.0048167770728468895, 'neutral': 0.1322292983531952, 'sadness': 0.44368812441825867, 'surprise': 0.09458260983228683}","{'anger': 0.02113468386232853, 'disgust': 0.00411268463358283, 'fear': 0.1356232464313507, 'joy': 0.06765740364789963, 'neutral': 0.6965502500534058, 'sadness': 0.048316068947315216, 'surprise': 0.026605743914842606}","{'anger': 0.008892091922461987, 'disgust': 0.02238955721259117, 'fear': 0.009042032063007355, 'joy': 0.03350726515054703, 'neutral': 0.8294706344604492, 'sadness': 0.09354820847511292, 'surprise': 0.0031502223573625088}",0.48887236480202856,0.48495206693623893,0.3234006287282858
context_682,"{'anger': 0.02530030719935894, 'disgust': 0.07427379488945007, 'fear': 0.028217419981956482, 'joy': 0.0017435605404898524, 'neutral': 0.10599741339683533, 'sadness': 0.7579166889190674, 'surprise': 0.006550782825797796}","{'anger': 0.07708042114973068, 'disgust': 0.02839253470301628, 'fear': 0.16631793975830078, 'joy': 0.009044650010764599, 'neutral': 0.6639857292175293, 'sadness': 0.05062923952937126, 'surprise': 0.004549471195787191}","{'anger': 0.01607668399810791, 'disgust': 0.006881980691105127, 'fear': 0.1274133324623108, 'joy': 0.073673777282238, 'neutral': 0.6461380124092102, 'sadness': 0.06691426038742065, 'surprise': 0.06290203332901001}","{'anger': 0.008352451026439667, 'disgust': 0.016526203602552414, 'fear': 0.010727879591286182, 'joy': 0.0570460744202137, 'neutral': 0.8756036758422852, 'sadness': 0.02933250553905964, 'surprise': 0.0024112695828080177}",0.22086526727916478,0.2411729860800763,0.17290482233941018
context_683,"{'anger': 0.9080651998519897, 'disgust': 0.02334689535200596, 'fear': 0.02070833183825016, 'joy': 0.0008474852074868977, 'neutral': 0.028644781559705734, 'sadness': 0.015150881372392178, 'surprise': 0.00323654618114233}","{'anger': 0.11019384115934372, 'disgust': 0.019561972469091415, 'fear': 0.5085548758506775, 'joy': 0.00905237253755331, 'neutral': 0.32319343090057373, 'sadness': 0.022451644763350487, 'surprise': 0.006991866044700146}","{'anger': 0.03560492768883705, 'disgust': 0.000496016233228147, 'fear': 0.9533880949020386, 'joy': 0.002803757321089506, 'neutral': 0.0028418912552297115, 'sadness': 0.0028024206403642893, 'surprise': 0.0020628038328140974}","{'anger': 0.04642728716135025, 'disgust': 0.03660352900624275, 'fear': 0.08105398714542389, 'joy': 0.006726412568241358, 'neutral': 0.7919992208480835, 'sadness': 0.03385002166032791, 'surprise': 0.003339488059282303}",0.21639506176766077,0.06020028236881236,0.09347134781883393
context_684,"{'anger': 0.07080726325511932, 'disgust': 0.8905099034309387, 'fear': 0.009066912345588207, 'joy': 0.0006298105581663549, 'neutral': 0.01974903605878353, 'sadness': 0.005560311954468489, 'surprise': 0.00367670226842165}","{'anger': 0.042527902871370316, 'disgust': 0.023375164717435837, 'fear': 0.42336761951446533, 'joy': 0.06841482222080231, 'neutral': 0.15106046199798584, 'sadness': 0.2749321162700653, 'surprise': 0.016321903094649315}","{'anger': 0.02106885425746441, 'disgust': 0.0016320851864293218, 'fear': 0.9522135257720947, 'joy': 0.0014083348214626312, 'neutral': 0.015272635035216808, 'sadness': 0.006064918357878923, 'surprise': 0.0023396138567477465}","{'anger': 0.03032219596207142, 'disgust': 0.5244547128677368, 'fear': 0.1759175956249237, 'joy': 0.0020333132706582546, 'neutral': 0.1903938502073288, 'sadness': 0.06848985701799393, 'surprise': 0.008388485759496689}",0.06767266393180538,0.014007312656245774,0.9010496572220458
context_685,"{'anger': 0.28592365980148315, 'disgust': 0.24535323679447174, 'fear': 0.03644220158457756, 'joy': 0.002615133533254266, 'neutral': 0.06706330180168152, 'sadness': 0.35954970121383667, 'surprise': 0.0030527585186064243}","{'anger': 0.05251309648156166, 'disgust': 0.028939498588442802, 'fear': 0.6154525279998779, 'joy': 0.01462181843817234, 'neutral': 0.2702772915363312, 'sadness': 0.012719637714326382, 'surprise': 0.005476129706948996}","{'anger': 0.053414057940244675, 'disgust': 0.037483956664800644, 'fear': 0.10330875217914581, 'joy': 0.01045153196901083, 'neutral': 0.754177451133728, 'sadness': 0.012859545648097992, 'surprise': 0.028304683044552803}","{'anger': 0.2904715836048126, 'disgust': 0.026103725656867027, 'fear': 0.16234417259693146, 'joy': 0.04070846363902092, 'neutral': 0.4678616523742676, 'sadness': 0.008285184390842915, 'surprise': 0.004225121345371008}",0.18936662784098068,0.20756192439493193,0.428096166658521
context_686,"{'anger': 0.28234532475471497, 'disgust': 0.016405561938881874, 'fear': 0.28262218832969666, 'joy': 0.004753817338496447, 'neutral': 0.05365094169974327, 'sadness': 0.30073660612106323, 'surprise': 0.059485554695129395}","{'anger': 0.02175450325012207, 'disgust': 0.024563997983932495, 'fear': 0.005872964393347502, 'joy': 0.008997520431876183, 'neutral': 0.9267891645431519, 'sadness': 0.008631904609501362, 'surprise': 0.0033899482805281878}","{'anger': 0.014817727729678154, 'disgust': 0.011882726103067398, 'fear': 0.1317656934261322, 'joy': 0.10646681487560272, 'neutral': 0.6623997092247009, 'sadness': 0.050279002636671066, 'surprise': 0.02238830178976059}","{'anger': 0.020135438069701195, 'disgust': 0.01906236819922924, 'fear': 0.5654987692832947, 'joy': 0.009238249622285366, 'neutral': 0.36614370346069336, 'sadness': 0.01656227931380272, 'surprise': 0.0033591457176953554}",0.12930753613260548,0.2706848481652342,0.5579218464021912
context_687,"{'anger': 0.07987865060567856, 'disgust': 0.5661514401435852, 'fear': 0.006450178567320108, 'joy': 0.0034414175897836685, 'neutral': 0.2280215620994568, 'sadness': 0.0855475589632988, 'surprise': 0.030509164556860924}","{'anger': 0.05637926980853081, 'disgust': 0.04293694719672203, 'fear': 0.004499391186982393, 'joy': 0.030425649136304855, 'neutral': 0.7687779068946838, 'sadness': 0.011568463407456875, 'surprise': 0.08541224896907806}","{'anger': 0.9803372025489807, 'disgust': 0.0020566810853779316, 'fear': 0.002183368895202875, 'joy': 0.0011673553381115198, 'neutral': 0.007789601571857929, 'sadness': 0.004575822036713362, 'surprise': 0.0018898447742685676}","{'anger': 0.00702387560158968, 'disgust': 0.012205991894006729, 'fear': 0.004066381137818098, 'joy': 0.06422807276248932, 'neutral': 0.9047073721885681, 'sadness': 0.00502433767542243, 'surprise': 0.002743920311331749}",0.4296250806787818,0.1339487956602945,0.3800517199787219
context_688,"{'anger': 0.06320308148860931, 'disgust': 0.07197479158639908, 'fear': 0.013167453929781914, 'joy': 0.0037023930344730616, 'neutral': 0.04087354987859726, 'sadness': 0.7800443172454834, 'surprise': 0.027034441009163857}","{'anger': 0.002596036298200488, 'disgust': 0.004549994133412838, 'fear': 0.007598942145705223, 'joy': 0.0029509756714105606, 'neutral': 0.02380838617682457, 'sadness': 0.9502439498901367, 'surprise': 0.00825172197073698}","{'anger': 0.29750317335128784, 'disgust': 0.0280945785343647, 'fear': 0.3930604159832001, 'joy': 0.00850064866244793, 'neutral': 0.10868456214666367, 'sadness': 0.16003282368183136, 'surprise': 0.004123879596590996}","{'anger': 0.012979356572031975, 'disgust': 0.03910185396671295, 'fear': 0.035974618047475815, 'joy': 0.0107432184740901, 'neutral': 0.38916921615600586, 'sadness': 0.5079358816146851, 'surprise': 0.004095844924449921}",0.9924745276887433,0.3720803077417645,0.8231119756665389
context_689,"{'anger': 0.02043929323554039, 'disgust': 0.047399066388607025, 'fear': 0.06446138769388199, 'joy': 0.033795543015003204, 'neutral': 0.7556695938110352, 'sadness': 0.07435327023267746, 'surprise': 0.003881811397150159}","{'anger': 0.028401080518960953, 'disgust': 0.1347998082637787, 'fear': 0.03719811886548996, 'joy': 0.0020253825932741165, 'neutral': 0.7727100849151611, 'sadness': 0.02006588503718376, 'surprise': 0.00479959836229682}","{'anger': 0.03189016506075859, 'disgust': 0.016004299744963646, 'fear': 0.013196095824241638, 'joy': 0.0046710725873708725, 'neutral': 0.9205952882766724, 'sadness': 0.00929329451173544, 'surprise': 0.004349811933934689}","{'anger': 0.03201514482498169, 'disgust': 0.07297901809215546, 'fear': 0.13060884177684784, 'joy': 0.004335618577897549, 'neutral': 0.7381944060325623, 'sadness': 0.017985757440328598, 'surprise': 0.0038813434075564146}",0.9898238708259552,0.9919019745570439,0.9918434730461055
context_690,"{'anger': 0.0653780847787857, 'disgust': 0.14526920020580292, 'fear': 0.006664934102445841, 'joy': 0.27670973539352417, 'neutral': 0.43614041805267334, 'sadness': 0.036183781921863556, 'surprise': 0.03365378826856613}","{'anger': 0.03249882906675339, 'disgust': 0.11657170951366425, 'fear': 0.05089113861322403, 'joy': 0.003940363880246878, 'neutral': 0.7338781356811523, 'sadness': 0.0556529238820076, 'surprise': 0.006566894706338644}","{'anger': 0.027454888448119164, 'disgust': 0.03329320624470711, 'fear': 0.23818399012088776, 'joy': 0.014056190848350525, 'neutral': 0.6093748211860657, 'sadness': 0.0667484849691391, 'surprise': 0.010888416320085526}","{'anger': 0.020743854343891144, 'disgust': 0.023568956181406975, 'fear': 0.003064471296966076, 'joy': 0.02665923908352852, 'neutral': 0.879806399345398, 'sadness': 0.04406452924013138, 'surprise': 0.0020926266442984343}",0.8446760412139829,0.7842153654573734,0.8305033099792689
context_691,"{'anger': 0.00418459577485919, 'disgust': 0.0024722302332520485, 'fear': 0.8178022503852844, 'joy': 0.001886170357465744, 'neutral': 0.006526855751872063, 'sadness': 0.002910051727667451, 'surprise': 0.1642179787158966}","{'anger': 0.0031431452371180058, 'disgust': 0.0023745170328766108, 'fear': 0.9534561038017273, 'joy': 0.0011285447981208563, 'neutral': 0.011166890151798725, 'sadness': 0.003064455697312951, 'surprise': 0.025666413828730583}","{'anger': 0.02012620121240616, 'disgust': 0.005502514541149139, 'fear': 0.37136828899383545, 'joy': 0.02971932850778103, 'neutral': 0.49380892515182495, 'sadness': 0.06582608819007874, 'surprise': 0.01364853885024786}","{'anger': 0.001331085222773254, 'disgust': 0.0012550271349027753, 'fear': 0.9775784015655518, 'joy': 0.0010544543620198965, 'neutral': 0.005959854926913977, 'sadness': 0.0014984559966251254, 'surprise': 0.011322854086756706}",0.9853638344684311,0.5959835031689839,0.9826323452250971
context_692,"{'anger': 0.2904832661151886, 'disgust': 0.5558516979217529, 'fear': 0.029838230460882187, 'joy': 0.0009721998940221965, 'neutral': 0.10560540854930878, 'sadness': 0.010840503498911858, 'surprise': 0.006408679764717817}","{'anger': 0.01951480843126774, 'disgust': 0.012313230894505978, 'fear': 0.9222536683082581, 'joy': 0.0014677082654088736, 'neutral': 0.027838539332151413, 'sadness': 0.014278925955295563, 'surprise': 0.0023331146221607924}","{'anger': 0.035125602036714554, 'disgust': 0.0009944671764969826, 'fear': 0.8341451287269592, 'joy': 0.008486383594572544, 'neutral': 0.08889748901128769, 'sadness': 0.024679280817508698, 'surprise': 0.007671525701880455}","{'anger': 0.27173805236816406, 'disgust': 0.057363297790288925, 'fear': 0.13985201716423035, 'joy': 0.006044712383300066, 'neutral': 0.49036476016044617, 'sadness': 0.03237764909863472, 'surprise': 0.002259506843984127}",0.0733911302006558,0.08478767387347563,0.45130635633123106
context_693,"{'anger': 0.04933084547519684, 'disgust': 0.11898616701364517, 'fear': 0.3938785195350647, 'joy': 0.002894005039706826, 'neutral': 0.3138095736503601, 'sadness': 0.031184114515781403, 'surprise': 0.08991679549217224}","{'anger': 0.012572098523378372, 'disgust': 0.015235661529004574, 'fear': 0.26208800077438354, 'joy': 0.03276066482067108, 'neutral': 0.5992575287818909, 'sadness': 0.06912345439195633, 'surprise': 0.008962570689618587}","{'anger': 0.012065015733242035, 'disgust': 0.015614182688295841, 'fear': 0.09240671247243881, 'joy': 0.011426015757024288, 'neutral': 0.8277708888053894, 'sadness': 0.036193061619997025, 'surprise': 0.004524067975580692}","{'anger': 0.0070931739173829556, 'disgust': 0.005924836732447147, 'fear': 0.9454309940338135, 'joy': 0.001394658233039081, 'neutral': 0.02225130796432495, 'sadness': 0.011768159456551075, 'surprise': 0.006136844865977764}",0.8523214031096414,0.6810675345206345,0.7629380327289571
context_694,"{'anger': 0.005261881276965141, 'disgust': 0.0025260760448873043, 'fear': 0.9319034218788147, 'joy': 0.003287018509581685, 'neutral': 0.043210193514823914, 'sadness': 0.007609281223267317, 'surprise': 0.006202157586812973}","{'anger': 0.014001276344060898, 'disgust': 0.025507915765047073, 'fear': 0.3751755654811859, 'joy': 0.008108091540634632, 'neutral': 0.5555375814437866, 'sadness': 0.01616385020315647, 'surprise': 0.005505756940692663}","{'anger': 0.03623608872294426, 'disgust': 0.0017773592844605446, 'fear': 0.9143867492675781, 'joy': 0.001603529672138393, 'neutral': 0.017185460776090622, 'sadness': 0.0247306227684021, 'surprise': 0.004080210346728563}","{'anger': 0.0081186443567276, 'disgust': 0.0027219518087804317, 'fear': 0.8765895366668701, 'joy': 0.0021500750444829464, 'neutral': 0.014986070804297924, 'sadness': 0.0032895314507186413, 'surprise': 0.09214422106742859}",0.5971158861032282,0.9988627992848045,0.9947537829193962
context_695,"{'anger': 0.08254969865083694, 'disgust': 0.05439654365181923, 'fear': 0.2734645903110504, 'joy': 0.004703957121819258, 'neutral': 0.08793458342552185, 'sadness': 0.46079885959625244, 'surprise': 0.03615183383226395}","{'anger': 0.020021654665470123, 'disgust': 0.04817812517285347, 'fear': 0.04107071831822395, 'joy': 0.010895772837102413, 'neutral': 0.8485164046287537, 'sadness': 0.027346840128302574, 'surprise': 0.003970590885728598}","{'anger': 0.01769682578742504, 'disgust': 0.004550171550363302, 'fear': 0.16934631764888763, 'joy': 0.3715451657772064, 'neutral': 0.3941499888896942, 'sadness': 0.03230341151356697, 'surprise': 0.01040809415280819}","{'anger': 0.02452390268445015, 'disgust': 0.07178161293268204, 'fear': 0.24087610840797424, 'joy': 0.0036270765122026205, 'neutral': 0.09519783407449722, 'sadness': 0.5601959824562073, 'surprise': 0.003797424491494894}",0.21847454084179474,0.3168345345228647,0.9840231358595305
context_696,"{'anger': 0.015947654843330383, 'disgust': 0.010545573197305202, 'fear': 0.010623956099152565, 'joy': 0.0025220655370503664, 'neutral': 0.8948132991790771, 'sadness': 0.004812209866940975, 'surprise': 0.060735318809747696}","{'anger': 0.040945228189229965, 'disgust': 0.06504501402378082, 'fear': 0.005917332600802183, 'joy': 0.26358550786972046, 'neutral': 0.6080668568611145, 'sadness': 0.008135654032230377, 'surprise': 0.008304430171847343}","{'anger': 0.3042444884777069, 'disgust': 0.035398807376623154, 'fear': 0.005754161160439253, 'joy': 0.0034623523242771626, 'neutral': 0.5127105116844177, 'sadness': 0.012160945683717728, 'surprise': 0.12626871466636658}","{'anger': 0.01381857879459858, 'disgust': 0.03802987560629845, 'fear': 0.005993870086967945, 'joy': 0.19260749220848083, 'neutral': 0.739948034286499, 'sadness': 0.006918777711689472, 'surprise': 0.002683425322175026}",0.9132045615417239,0.8612703061946901,0.9657923889692501
context_697,"{'anger': 0.05698079615831375, 'disgust': 0.08025193214416504, 'fear': 0.6162669658660889, 'joy': 0.00184521428309381, 'neutral': 0.17475639283657074, 'sadness': 0.04006921872496605, 'surprise': 0.029829511418938637}","{'anger': 0.006517897825688124, 'disgust': 0.0020491040777415037, 'fear': 0.08209393173456192, 'joy': 0.0018834879156202078, 'neutral': 0.01178827602416277, 'sadness': 0.004760972689837217, 'surprise': 0.8909062743186951}","{'anger': 0.44419950246810913, 'disgust': 0.08593062311410904, 'fear': 0.007506829686462879, 'joy': 0.013133693486452103, 'neutral': 0.4150121808052063, 'sadness': 0.03045099601149559, 'surprise': 0.0037661565002053976}","{'anger': 0.23647275567054749, 'disgust': 0.027084559202194214, 'fear': 0.4016544222831726, 'joy': 0.010627391748130322, 'neutral': 0.2921949028968811, 'sadness': 0.029199333861470222, 'surprise': 0.0027666473761200905}",0.13747173993609396,0.277004161295618,0.8798747969566812
context_698,"{'anger': 0.21567298471927643, 'disgust': 0.7521323561668396, 'fear': 0.004146372899413109, 'joy': 0.0009417401743121445, 'neutral': 0.014366165734827518, 'sadness': 0.00929445680230856, 'surprise': 0.0034460683818906546}","{'anger': 0.015407170169055462, 'disgust': 0.007592171896249056, 'fear': 0.00490574911236763, 'joy': 0.013211342506110668, 'neutral': 0.2907239496707916, 'sadness': 0.003753767814487219, 'surprise': 0.664405882358551}","{'anger': 0.1383453607559204, 'disgust': 0.0034408767241984606, 'fear': 0.8451977372169495, 'joy': 0.0011656016577035189, 'neutral': 0.005671911407262087, 'sadness': 0.0022902542259544134, 'surprise': 0.0038881152868270874}","{'anger': 0.018772728741168976, 'disgust': 0.027988484129309654, 'fear': 0.007714355364441872, 'joy': 0.05813692882657051, 'neutral': 0.8783464431762695, 'sadness': 0.007270165719091892, 'surprise': 0.0017710556276142597}",0.027412936673450794,0.053775447942402965,0.054936643446553024
context_699,"{'anger': 0.22118660807609558, 'disgust': 0.7288784980773926, 'fear': 0.004091192036867142, 'joy': 0.0010859909234568477, 'neutral': 0.0225047767162323, 'sadness': 0.02055281586945057, 'surprise': 0.0017000690568238497}","{'anger': 0.07298966497182846, 'disgust': 0.0492754764854908, 'fear': 0.14051683247089386, 'joy': 0.0031676082871854305, 'neutral': 0.28990739583969116, 'sadness': 0.031153840944170952, 'surprise': 0.41298907995224}","{'anger': 0.016505155712366104, 'disgust': 0.028910337015986443, 'fear': 0.0034942380152642727, 'joy': 0.010736330412328243, 'neutral': 0.9253910779953003, 'sadness': 0.006577897816896439, 'surprise': 0.008384935557842255}","{'anger': 0.1237141340970993, 'disgust': 0.13270199298858643, 'fear': 0.0037368531338870525, 'joy': 0.22430385649204254, 'neutral': 0.48739778995513916, 'sadness': 0.026215586811304092, 'surprise': 0.0019297803519293666}",0.14917400555379923,0.06476456107874928,0.314311828435343
context_700,"{'anger': 0.046874307096004486, 'disgust': 0.024896204471588135, 'fear': 0.8119663596153259, 'joy': 0.0029653438832610846, 'neutral': 0.08140865713357925, 'sadness': 0.028673620894551277, 'surprise': 0.003215486416593194}","{'anger': 0.061076655983924866, 'disgust': 0.09651271253824234, 'fear': 0.011520645581185818, 'joy': 0.002422474790364504, 'neutral': 0.8111184239387512, 'sadness': 0.012290054000914097, 'surprise': 0.0050589251331985}","{'anger': 0.009736145846545696, 'disgust': 0.0038421531207859516, 'fear': 0.9698845148086548, 'joy': 0.0008525449084118009, 'neutral': 0.007952445186674595, 'sadness': 0.005984109826385975, 'surprise': 0.0017480411333963275}","{'anger': 0.003368417965248227, 'disgust': 0.006594269070774317, 'fear': 0.9506222009658813, 'joy': 0.0017686451319605112, 'neutral': 0.022442428395152092, 'sadness': 0.014275191351771355, 'surprise': 0.0009289485751651227}",0.12086090648788717,0.9939150936897245,0.9951672288512017
context_701,"{'anger': 0.016896100714802742, 'disgust': 0.006835856940597296, 'fear': 0.9238243699073792, 'joy': 0.0010396497091278434, 'neutral': 0.02563435584306717, 'sadness': 0.02035134844481945, 'surprise': 0.005418477579951286}","{'anger': 0.5346818566322327, 'disgust': 0.09949678182601929, 'fear': 0.07515663653612137, 'joy': 0.007888182066380978, 'neutral': 0.22759892046451569, 'sadness': 0.052534427493810654, 'surprise': 0.002643181709572673}","{'anger': 0.008762571960687637, 'disgust': 0.00738570699468255, 'fear': 0.05345998704433441, 'joy': 0.005197299178689718, 'neutral': 0.8698067665100098, 'sadness': 0.04723174124956131, 'surprise': 0.008155967108905315}","{'anger': 0.003890769090503454, 'disgust': 0.02419677935540676, 'fear': 0.021039148792624474, 'joy': 0.006079130340367556, 'neutral': 0.1440720111131668, 'sadness': 0.7955979108810425, 'surprise': 0.005124259740114212}",0.15600664464789582,0.0903222846307381,0.05290839847188877
context_702,"{'anger': 0.9012581706047058, 'disgust': 0.05744679272174835, 'fear': 0.004795121494680643, 'joy': 0.0005839132936671376, 'neutral': 0.015219589695334435, 'sadness': 0.018848957493901253, 'surprise': 0.0018475605174899101}","{'anger': 0.0601273849606514, 'disgust': 0.025285307317972183, 'fear': 0.01943662203848362, 'joy': 0.005864668171852827, 'neutral': 0.11274982243776321, 'sadness': 0.7717685699462891, 'surprise': 0.004767672624439001}","{'anger': 0.0040053147822618484, 'disgust': 0.005549991503357887, 'fear': 0.004348826594650745, 'joy': 0.0029746522195637226, 'neutral': 0.02230016700923443, 'sadness': 0.9538880586624146, 'surprise': 0.006932998076081276}","{'anger': 0.0017411522567272186, 'disgust': 0.0010287945624440908, 'fear': 0.9849564433097839, 'joy': 0.0006458017160184681, 'neutral': 0.0040437025018036366, 'sadness': 0.0021209716796875, 'surprise': 0.005463109817355871}",0.10180459762185057,0.02584878528619816,0.007263273144302751
context_703,"{'anger': 0.002841296372935176, 'disgust': 0.008942518383264542, 'fear': 0.0029930355958640575, 'joy': 0.0007465560920536518, 'neutral': 0.006663091946393251, 'sadness': 0.9750485420227051, 'surprise': 0.002765026642009616}","{'anger': 0.15292182564735413, 'disgust': 0.062429655343294144, 'fear': 0.16874775290489197, 'joy': 0.003564288141205907, 'neutral': 0.56583571434021, 'sadness': 0.034827910363674164, 'surprise': 0.01167276594787836}","{'anger': 0.2590104937553406, 'disgust': 0.31529131531715393, 'fear': 0.07398491352796555, 'joy': 0.004144338890910149, 'neutral': 0.2827334702014923, 'sadness': 0.06153387948870659, 'surprise': 0.003301693592220545}","{'anger': 0.008439082652330399, 'disgust': 0.0023625618778169155, 'fear': 0.2861091196537018, 'joy': 0.002497800625860691, 'neutral': 0.007295564748346806, 'sadness': 0.0037782732397317886, 'surprise': 0.689517617225647}",0.06555005132783409,0.13317809263527813,0.008986272514665772
context_704,"{'anger': 0.003214832628145814, 'disgust': 0.006426396779716015, 'fear': 0.9487072229385376, 'joy': 0.0011039795354008675, 'neutral': 0.007029853295534849, 'sadness': 0.031615495681762695, 'surprise': 0.0019021359039470553}","{'anger': 0.008284330368041992, 'disgust': 0.006933286320418119, 'fear': 0.00797498319298029, 'joy': 0.010443228296935558, 'neutral': 0.9448704719543457, 'sadness': 0.00542375398799777, 'surprise': 0.016069918870925903}","{'anger': 0.0026343020144850016, 'disgust': 0.002162068849429488, 'fear': 0.006226927973330021, 'joy': 0.09712690860033035, 'neutral': 0.08354515582323074, 'sadness': 0.7809364199638367, 'surprise': 0.027368171140551567}","{'anger': 0.014679459854960442, 'disgust': 0.0251949243247509, 'fear': 0.3496270775794983, 'joy': 0.007414684165269136, 'neutral': 0.5105795860290527, 'sadness': 0.0878233015537262, 'surprise': 0.004680971149355173}",0.016152751553563993,0.04172567034575103,0.5694819177175858
context_705,"{'anger': 0.7574936151504517, 'disgust': 0.12604351341724396, 'fear': 0.0359601229429245, 'joy': 0.0013912302674725652, 'neutral': 0.047496020793914795, 'sadness': 0.025348173454403877, 'surprise': 0.0062672956846654415}","{'anger': 0.005106491502374411, 'disgust': 0.0049034422263503075, 'fear': 0.02863440290093422, 'joy': 0.04266182333230972, 'neutral': 0.14599503576755524, 'sadness': 0.7447839975357056, 'surprise': 0.02791481278836727}","{'anger': 0.001356105669401586, 'disgust': 0.0007546623237431049, 'fear': 0.988965630531311, 'joy': 0.0011798461200669408, 'neutral': 0.0036815099883824587, 'sadness': 0.0032532617915421724, 'surprise': 0.0008089409675449133}","{'anger': 0.0017524019349366426, 'disgust': 0.002454388188198209, 'fear': 0.9663927555084229, 'joy': 0.00201447238214314, 'neutral': 0.01364425290375948, 'sadness': 0.012818144634366035, 'surprise': 0.0009235662291757762}",0.053801899950981835,0.04847981852513539,0.050167390104599474
context_706,"{'anger': 0.01216928195208311, 'disgust': 0.04603400081396103, 'fear': 0.0005203766631893814, 'joy': 0.8852370381355286, 'neutral': 0.03826954588294029, 'sadness': 0.013475345447659492, 'surprise': 0.0042943707667291164}","{'anger': 0.01945718564093113, 'disgust': 0.0055348132736980915, 'fear': 0.004435832146555185, 'joy': 0.018087832257151604, 'neutral': 0.017971545457839966, 'sadness': 0.921707034111023, 'surprise': 0.012805741280317307}","{'anger': 0.9347661137580872, 'disgust': 0.009486058726906776, 'fear': 0.003919548355042934, 'joy': 0.002151783322915435, 'neutral': 0.03994617238640785, 'sadness': 0.007137411739677191, 'surprise': 0.002592904958873987}","{'anger': 0.05084110423922539, 'disgust': 0.02825811877846718, 'fear': 0.017783135175704956, 'joy': 0.02239513024687767, 'neutral': 0.8626851439476013, 'sadness': 0.015594156458973885, 'surprise': 0.0024433161597698927}",0.03624479897260424,0.01849112943344977,0.07161142877513449
context_707,"{'anger': 0.5868538022041321, 'disgust': 0.2464548945426941, 'fear': 0.01627921871840954, 'joy': 0.002504928968846798, 'neutral': 0.02734709344804287, 'sadness': 0.11722547560930252, 'surprise': 0.003334606299176812}","{'anger': 0.0045390925370156765, 'disgust': 0.007402586285024881, 'fear': 0.002251265337690711, 'joy': 0.004094032570719719, 'neutral': 0.9723021984100342, 'sadness': 0.004530108068138361, 'surprise': 0.004880798514932394}","{'anger': 0.35903123021125793, 'disgust': 0.23164436221122742, 'fear': 0.32685717940330505, 'joy': 0.0029836208559572697, 'neutral': 0.02998403087258339, 'sadness': 0.04158026725053787, 'surprise': 0.007919326424598694}","{'anger': 0.048898279666900635, 'disgust': 0.055535875260829926, 'fear': 0.0273590050637722, 'joy': 0.005985626019537449, 'neutral': 0.7694371938705444, 'sadness': 0.08931001275777817, 'surprise': 0.0034740588162094355}",0.05026486846871425,0.7961772570538634,0.1473880079866765
context_708,"{'anger': 0.11772797256708145, 'disgust': 0.41378313302993774, 'fear': 0.003808817593380809, 'joy': 0.006185084581375122, 'neutral': 0.11601400375366211, 'sadness': 0.3363787829875946, 'surprise': 0.006102221552282572}","{'anger': 0.040685154497623444, 'disgust': 0.21546590328216553, 'fear': 0.009049927815794945, 'joy': 0.007365216035395861, 'neutral': 0.49980005621910095, 'sadness': 0.22111950814723969, 'surprise': 0.006514149252325296}","{'anger': 0.010487149469554424, 'disgust': 0.036736343055963516, 'fear': 0.042729318141937256, 'joy': 0.006559893488883972, 'neutral': 0.71663898229599, 'sadness': 0.16948607563972473, 'surprise': 0.017362285405397415}","{'anger': 0.030691038817167282, 'disgust': 0.05760468542575836, 'fear': 0.09513150900602341, 'joy': 0.006134320050477982, 'neutral': 0.761407196521759, 'sadness': 0.045609183609485626, 'surprise': 0.003422090318053961}",0.6884553574411492,0.3802983117498109,0.30537388127339815
context_709,"{'anger': 0.8301180005073547, 'disgust': 0.0995476022362709, 'fear': 0.013724111020565033, 'joy': 0.0008115292293950915, 'neutral': 0.043257348239421844, 'sadness': 0.005875186529010534, 'surprise': 0.006666197907179594}","{'anger': 0.031051168218255043, 'disgust': 0.08487445116043091, 'fear': 0.014006929472088814, 'joy': 0.013356152921915054, 'neutral': 0.16926170885562897, 'sadness': 0.6845452785491943, 'surprise': 0.002904313150793314}","{'anger': 0.25686147809028625, 'disgust': 0.2909789979457855, 'fear': 0.00953914038836956, 'joy': 0.0031207154970616102, 'neutral': 0.42100203037261963, 'sadness': 0.012912149541079998, 'surprise': 0.005585538689047098}","{'anger': 0.06584960222244263, 'disgust': 0.021703284233808517, 'fear': 0.01492896769195795, 'joy': 0.008491287007927895, 'neutral': 0.877241313457489, 'sadness': 0.009808795526623726, 'surprise': 0.001976817147806287}",0.07689324337761194,0.5433652274312799,0.12896760966455767
context_710,"{'anger': 0.007684357929974794, 'disgust': 0.010005159303545952, 'fear': 0.2305137664079666, 'joy': 0.001969822682440281, 'neutral': 0.02579658292233944, 'sadness': 0.7183597087860107, 'surprise': 0.005670598242431879}","{'anger': 0.00597074581310153, 'disgust': 0.0038561911787837744, 'fear': 0.007300275843590498, 'joy': 0.01621050015091896, 'neutral': 0.9358430504798889, 'sadness': 0.00976635329425335, 'surprise': 0.021052813157439232}","{'anger': 0.012488688342273235, 'disgust': 0.005706320982426405, 'fear': 0.03278112784028053, 'joy': 0.00811347272247076, 'neutral': 0.8949325084686279, 'sadness': 0.033506717532873154, 'surprise': 0.012471115216612816}","{'anger': 0.003097214037552476, 'disgust': 0.018588539212942123, 'fear': 0.014132751151919365, 'joy': 0.00830864068120718, 'neutral': 0.32032355666160583, 'sadness': 0.6132606863975525, 'surprise': 0.022288627922534943}",0.04678778010302409,0.0811966834048794,0.865063243207802
context_711,"{'anger': 0.8029391765594482, 'disgust': 0.0783158615231514, 'fear': 0.05974969267845154, 'joy': 0.0005277962191030383, 'neutral': 0.039429452270269394, 'sadness': 0.013346249237656593, 'surprise': 0.005691823549568653}","{'anger': 0.6631070971488953, 'disgust': 0.04395025596022606, 'fear': 0.1675170660018921, 'joy': 0.0026716345455497503, 'neutral': 0.10409703105688095, 'sadness': 0.014764840714633465, 'surprise': 0.0038921150844544172}","{'anger': 0.01400015875697136, 'disgust': 0.008064094930887222, 'fear': 0.0369919016957283, 'joy': 0.10477659106254578, 'neutral': 0.19603466987609863, 'sadness': 0.62469083070755, 'surprise': 0.01544174924492836}","{'anger': 0.2466704398393631, 'disgust': 0.07244618982076645, 'fear': 0.027228722348809242, 'joy': 0.003252156777307391, 'neutral': 0.635553240776062, 'sadness': 0.012620175257325172, 'surprise': 0.002229004632681608}",0.9795890328210443,0.056280719196667106,0.4148332600657487
context_712,"{'anger': 0.02277415059506893, 'disgust': 0.005894708447158337, 'fear': 0.9294955134391785, 'joy': 0.0007689908379688859, 'neutral': 0.005692142527550459, 'sadness': 0.03377621993422508, 'surprise': 0.0015982904005795717}","{'anger': 0.0035555686336010695, 'disgust': 0.016755519434809685, 'fear': 0.11459314823150635, 'joy': 0.012361069209873676, 'neutral': 0.26050934195518494, 'sadness': 0.5772895812988281, 'surprise': 0.014935789629817009}","{'anger': 0.004656083881855011, 'disgust': 0.031489063054323196, 'fear': 0.009359903633594513, 'joy': 0.02198473922908306, 'neutral': 0.865479588508606, 'sadness': 0.06014739349484444, 'surprise': 0.00688323425129056}","{'anger': 0.015156441368162632, 'disgust': 0.04334371164441109, 'fear': 0.07929052412509918, 'joy': 0.0190571341663599, 'neutral': 0.554487943649292, 'sadness': 0.2847987413406372, 'surprise': 0.0038655411917716265}",0.21308408178746863,0.019772198923749484,0.14850523040905617
context_713,"{'anger': 0.033460743725299835, 'disgust': 0.028516395017504692, 'fear': 0.07505837827920914, 'joy': 0.0041062007658183575, 'neutral': 0.7899873852729797, 'sadness': 0.05384056270122528, 'surprise': 0.015030370093882084}","{'anger': 0.09915497899055481, 'disgust': 0.2197187840938568, 'fear': 0.06950927525758743, 'joy': 0.0023210039362311363, 'neutral': 0.5791316032409668, 'sadness': 0.025446200743317604, 'surprise': 0.004718163050711155}","{'anger': 0.01292430143803358, 'disgust': 0.015546003356575966, 'fear': 0.07600656896829605, 'joy': 0.008228727616369724, 'neutral': 0.8473543524742126, 'sadness': 0.03490540757775307, 'surprise': 0.00503471028059721}","{'anger': 0.036172427237033844, 'disgust': 0.040276382118463516, 'fear': 0.15300863981246948, 'joy': 0.00805884413421154, 'neutral': 0.6995444893836975, 'sadness': 0.05954321473836899, 'surprise': 0.003395986743271351}",0.9413498146018471,0.9990208928747459,0.9923408380429877
context_714,"{'anger': 0.011843754909932613, 'disgust': 0.028083160519599915, 'fear': 0.06435317546129227, 'joy': 0.004938524682074785, 'neutral': 0.06324887275695801, 'sadness': 0.8227999210357666, 'surprise': 0.004732615780085325}","{'anger': 0.008328204043209553, 'disgust': 0.0045531573705375195, 'fear': 0.004127219319343567, 'joy': 0.007078696973621845, 'neutral': 0.9607020020484924, 'sadness': 0.003225671360269189, 'surprise': 0.011984988115727901}","{'anger': 0.18721596896648407, 'disgust': 0.3789095878601074, 'fear': 0.09660312533378601, 'joy': 0.0027549213264137506, 'neutral': 0.09917082637548447, 'sadness': 0.21285869181156158, 'surprise': 0.022486811503767967}","{'anger': 0.0724601000547409, 'disgust': 0.030257681384682655, 'fear': 0.0922536626458168, 'joy': 0.12486150115728378, 'neutral': 0.6455487608909607, 'sadness': 0.032453738152980804, 'surprise': 0.0021644867956638336}",0.08041312429941938,0.49068128367470165,0.1367194301554575
context_715,"{'anger': 0.8529922962188721, 'disgust': 0.048180438578128815, 'fear': 0.013172050006687641, 'joy': 0.0011761434143409133, 'neutral': 0.018804199993610382, 'sadness': 0.06286986172199249, 'surprise': 0.0028050048276782036}","{'anger': 0.08449642360210419, 'disgust': 0.013651899993419647, 'fear': 0.018956616520881653, 'joy': 0.17365899682044983, 'neutral': 0.6363067626953125, 'sadness': 0.06939800828695297, 'surprise': 0.003531309077516198}","{'anger': 0.003145925235003233, 'disgust': 0.003212874522432685, 'fear': 0.01216736901551485, 'joy': 0.01614697091281414, 'neutral': 0.06693211942911148, 'sadness': 0.8922695517539978, 'surprise': 0.00612526573240757}","{'anger': 0.010163603350520134, 'disgust': 0.023033302277326584, 'fear': 0.01289654802531004, 'joy': 0.11120009422302246, 'neutral': 0.8121590614318848, 'sadness': 0.028557661920785904, 'surprise': 0.0019896698649972677}",0.15615293223390236,0.07873303175154067,0.03860565289220519
context_716,"{'anger': 0.015868831425905228, 'disgust': 0.060119856148958206, 'fear': 0.01727532036602497, 'joy': 0.0027687023393809795, 'neutral': 0.1119840070605278, 'sadness': 0.7865936160087585, 'surprise': 0.005389638245105743}","{'anger': 0.05957437679171562, 'disgust': 0.008898266591131687, 'fear': 0.052588071674108505, 'joy': 0.02757050283253193, 'neutral': 0.7985900044441223, 'sadness': 0.022193776443600655, 'surprise': 0.030584942549467087}","{'anger': 0.9888620972633362, 'disgust': 0.0013101930962875485, 'fear': 0.0014092907076701522, 'joy': 0.0004824326606467366, 'neutral': 0.0038935381453484297, 'sadness': 0.0023571455385535955, 'surprise': 0.0016853873385116458}","{'anger': 0.017702234908938408, 'disgust': 0.014077367261052132, 'fear': 0.00996433850377798, 'joy': 0.02897796779870987, 'neutral': 0.9217150807380676, 'sadness': 0.003923126496374607, 'surprise': 0.003639914095401764}",0.17088590534153714,0.022955500592350186,0.14645469593288696
context_717,"{'anger': 0.25971290469169617, 'disgust': 0.016630427911877632, 'fear': 0.31629523634910583, 'joy': 0.002920707920566201, 'neutral': 0.015476747415959835, 'sadness': 0.3763520121574402, 'surprise': 0.012612021528184414}","{'anger': 0.0020450707525014877, 'disgust': 0.000879743485711515, 'fear': 0.9783816337585449, 'joy': 0.0013235146179795265, 'neutral': 0.003836593357846141, 'sadness': 0.0017407031264156103, 'surprise': 0.011792629957199097}","{'anger': 0.03173329681158066, 'disgust': 0.05375682935118675, 'fear': 0.031698793172836304, 'joy': 0.014481617137789726, 'neutral': 0.7836305499076843, 'sadness': 0.08229700475931168, 'surprise': 0.002401952166110277}","{'anger': 0.0060548498295247555, 'disgust': 0.009771678596735, 'fear': 0.06314445286989212, 'joy': 0.007499153725802898, 'neutral': 0.31151142716407776, 'sadness': 0.586577832698822, 'surprise': 0.0154406214132905}",0.5707954822869351,0.1415477832159322,0.6661828927359568
context_718,"{'anger': 0.013082711957395077, 'disgust': 0.028943542391061783, 'fear': 0.01297912560403347, 'joy': 0.0016568779246881604, 'neutral': 0.024374697357416153, 'sadness': 0.9127998948097229, 'surprise': 0.006163173820823431}","{'anger': 0.0014926844742149115, 'disgust': 0.00791617576032877, 'fear': 0.003130760043859482, 'joy': 0.0021202671341598034, 'neutral': 0.014400605112314224, 'sadness': 0.9680426120758057, 'surprise': 0.002896851161494851}","{'anger': 0.02036278136074543, 'disgust': 0.005448970943689346, 'fear': 0.01586322672665119, 'joy': 0.029489388689398766, 'neutral': 0.9194271564483643, 'sadness': 0.005237293429672718, 'surprise': 0.0041710673831403255}","{'anger': 0.00493336608633399, 'disgust': 0.025918353348970413, 'fear': 0.021702304482460022, 'joy': 0.011667337268590927, 'neutral': 0.2570885121822357, 'sadness': 0.6742401719093323, 'surprise': 0.004449885338544846}",0.9995049816817997,0.033171330063198834,0.9434041950300129
context_719,"{'anger': 0.043117038905620575, 'disgust': 0.03630251809954643, 'fear': 0.018494728952646255, 'joy': 0.01911470852792263, 'neutral': 0.1689511090517044, 'sadness': 0.6988285779953003, 'surprise': 0.015191366896033287}","{'anger': 0.032094452530145645, 'disgust': 0.03459606319665909, 'fear': 0.5506414771080017, 'joy': 0.006497194059193134, 'neutral': 0.303878515958786, 'sadness': 0.050184596329927444, 'surprise': 0.022107670083642006}","{'anger': 0.015637429431080818, 'disgust': 0.024449389427900314, 'fear': 0.014315368607640266, 'joy': 0.0079725943505764, 'neutral': 0.8789719939231873, 'sadness': 0.05586627498269081, 'surprise': 0.0027869287878274918}","{'anger': 0.011016002856194973, 'disgust': 0.007571895141154528, 'fear': 0.007927022874355316, 'joy': 0.007020778954029083, 'neutral': 0.9570828080177307, 'sadness': 0.006922912783920765, 'surprise': 0.00245850533246994}",0.21815624634432684,0.2979671660887451,0.24256664399460903
context_720,"{'anger': 0.08121160417795181, 'disgust': 0.00783955492079258, 'fear': 0.009157340042293072, 'joy': 0.0017011010786518455, 'neutral': 0.006486930884420872, 'sadness': 0.8887363076210022, 'surprise': 0.004867133684456348}","{'anger': 0.047858528792858124, 'disgust': 0.03850419446825981, 'fear': 0.006425908301025629, 'joy': 0.0015033767558634281, 'neutral': 0.8927287459373474, 'sadness': 0.008101352490484715, 'surprise': 0.004877790808677673}","{'anger': 0.8673878908157349, 'disgust': 0.01502135954797268, 'fear': 0.038188859820365906, 'joy': 0.0015421821735799313, 'neutral': 0.06118962913751602, 'sadness': 0.010067211464047432, 'surprise': 0.006602827459573746}","{'anger': 0.7018172144889832, 'disgust': 0.08844316750764847, 'fear': 0.007093190681189299, 'joy': 0.0027760437224060297, 'neutral': 0.10825151950120926, 'sadness': 0.08986816555261612, 'surprise': 0.0017506835283711553}",0.021614290561794314,0.10332330204359608,0.21488723644502317
context_721,"{'anger': 0.45905447006225586, 'disgust': 0.011015668511390686, 'fear': 0.19902698695659637, 'joy': 0.008103159256279469, 'neutral': 0.019340742379426956, 'sadness': 0.0745716243982315, 'surprise': 0.22888730466365814}","{'anger': 0.1346326470375061, 'disgust': 0.02285592444241047, 'fear': 0.7122744917869568, 'joy': 0.003464984940364957, 'neutral': 0.0935756042599678, 'sadness': 0.018815902993083, 'surprise': 0.014380357228219509}","{'anger': 0.642189621925354, 'disgust': 0.007810617797076702, 'fear': 0.3088908791542053, 'joy': 0.0019448164384812117, 'neutral': 0.023414503782987595, 'sadness': 0.010300016030669212, 'surprise': 0.005449680145829916}","{'anger': 0.616686224937439, 'disgust': 0.023981548845767975, 'fear': 0.06140602380037308, 'joy': 0.005635535344481468, 'neutral': 0.2549453675746918, 'sadness': 0.034738264977931976, 'surprise': 0.0026069439481943846}",0.5173230003038989,0.9054368661783548,0.813940359054058
context_722,"{'anger': 0.001861971104517579, 'disgust': 0.0009757062653079629, 'fear': 0.9877614974975586, 'joy': 0.0008007088326849043, 'neutral': 0.0041220770217478275, 'sadness': 0.0022352689411491156, 'surprise': 0.00224282150156796}","{'anger': 0.0026714811101555824, 'disgust': 0.003018484450876713, 'fear': 0.9489487409591675, 'joy': 0.007066636346280575, 'neutral': 0.031143585219979286, 'sadness': 0.005696814972907305, 'surprise': 0.001454272773116827}","{'anger': 0.0037411400116980076, 'disgust': 0.0026530930772423744, 'fear': 0.9384675621986389, 'joy': 0.0019790269434452057, 'neutral': 0.03809666261076927, 'sadness': 0.009617838077247143, 'surprise': 0.005444616079330444}","{'anger': 0.013270949944853783, 'disgust': 0.030564283952116966, 'fear': 0.5383322238922119, 'joy': 0.005617797840386629, 'neutral': 0.38358280062675476, 'sadness': 0.022951502352952957, 'surprise': 0.005680376663804054}",0.9995580192337697,0.9992949288758946,0.8154168358326503
context_723,"{'anger': 0.021086735650897026, 'disgust': 0.07352461665868759, 'fear': 0.12795916199684143, 'joy': 0.0030273827724158764, 'neutral': 0.5253821611404419, 'sadness': 0.021271780133247375, 'surprise': 0.22774812579154968}","{'anger': 0.05881894752383232, 'disgust': 0.019234612584114075, 'fear': 0.23895035684108734, 'joy': 0.02994115650653839, 'neutral': 0.6114141941070557, 'sadness': 0.035464465618133545, 'surprise': 0.006176209542900324}","{'anger': 0.018445642665028572, 'disgust': 0.01705353707075119, 'fear': 0.11187829822301865, 'joy': 0.004016744904220104, 'neutral': 0.8236002922058105, 'sadness': 0.01122791413217783, 'surprise': 0.013777525164186954}","{'anger': 0.007210367824882269, 'disgust': 0.01368468627333641, 'fear': 0.00901853945106268, 'joy': 0.01058879867196083, 'neutral': 0.9503228068351746, 'sadness': 0.006966880057007074, 'surprise': 0.002207980491220951}",0.9113904774165682,0.9179201964823233,0.8924044520393847
context_724,"{'anger': 0.01923583820462227, 'disgust': 0.09733279049396515, 'fear': 0.13349796831607819, 'joy': 0.004467257298529148, 'neutral': 0.6304822564125061, 'sadness': 0.005370838567614555, 'surprise': 0.10961303114891052}","{'anger': 0.010517843067646027, 'disgust': 0.012636352330446243, 'fear': 0.0018247026018798351, 'joy': 0.004156867507845163, 'neutral': 0.9596980214118958, 'sadness': 0.004810024052858353, 'surprise': 0.006356232799589634}","{'anger': 0.004540733527392149, 'disgust': 0.00875147432088852, 'fear': 0.015474443323910236, 'joy': 0.2575238049030304, 'neutral': 0.6843512654304504, 'sadness': 0.011705134063959122, 'surprise': 0.01765311323106289}","{'anger': 0.006425571162253618, 'disgust': 0.024034010246396065, 'fear': 0.0031452318653464317, 'joy': 0.00920352153480053, 'neutral': 0.9493187665939331, 'sadness': 0.004917859565466642, 'surprise': 0.0029550273902714252}",0.9571106769291514,0.9044563677194589,0.9583053190609535
context_725,"{'anger': 0.0058935461565852165, 'disgust': 0.006538110319525003, 'fear': 0.9198002815246582, 'joy': 0.0013088202103972435, 'neutral': 0.02803565375506878, 'sadness': 0.020322920754551888, 'surprise': 0.018100673332810402}","{'anger': 0.019323861226439476, 'disgust': 0.03896878659725189, 'fear': 0.2935366630554199, 'joy': 0.006027123425155878, 'neutral': 0.5128317475318909, 'sadness': 0.04053357243537903, 'surprise': 0.08877824991941452}","{'anger': 0.022634945809841156, 'disgust': 0.015047621913254261, 'fear': 0.588134765625, 'joy': 0.003174696583300829, 'neutral': 0.30417683720588684, 'sadness': 0.019566552713513374, 'surprise': 0.04726455733180046}","{'anger': 0.005554583854973316, 'disgust': 0.007509881630539894, 'fear': 0.9404884576797485, 'joy': 0.0009753420599736273, 'neutral': 0.028763961046934128, 'sadness': 0.008244311437010765, 'surprise': 0.008463593199849129}",0.5194312636537256,0.9003771242417492,0.9998538388816214
context_726,"{'anger': 0.0038787692319601774, 'disgust': 0.007904449477791786, 'fear': 0.0240444578230381, 'joy': 0.0032876096665859222, 'neutral': 0.029148990288376808, 'sadness': 0.9203871488571167, 'surprise': 0.011348627507686615}","{'anger': 0.08647710084915161, 'disgust': 0.4910588562488556, 'fear': 0.006833865772932768, 'joy': 0.0029376146849244833, 'neutral': 0.057842303067445755, 'sadness': 0.3524616062641144, 'surprise': 0.0023887669667601585}","{'anger': 0.0027279809582978487, 'disgust': 0.0029340197797864676, 'fear': 0.010991751216351986, 'joy': 0.02069758251309395, 'neutral': 0.08500894904136658, 'sadness': 0.8665129542350769, 'surprise': 0.011126748286187649}","{'anger': 0.0035747436340898275, 'disgust': 0.009525260888040066, 'fear': 0.24892663955688477, 'joy': 0.007246354594826698, 'neutral': 0.061234477907419205, 'sadness': 0.6647593379020691, 'surprise': 0.004733192268759012}",0.5848527541856371,0.9975071015371595,0.9440510488048828
context_727,"{'anger': 0.028161078691482544, 'disgust': 0.02483484148979187, 'fear': 0.017383353784680367, 'joy': 0.005408515688031912, 'neutral': 0.8876832127571106, 'sadness': 0.007645705249160528, 'surprise': 0.02888322062790394}","{'anger': 0.020212657749652863, 'disgust': 0.002911254996433854, 'fear': 0.6995236277580261, 'joy': 0.016202813014388084, 'neutral': 0.10146535933017731, 'sadness': 0.0035193024668842554, 'surprise': 0.15616510808467865}","{'anger': 0.016995510086417198, 'disgust': 0.009170588105916977, 'fear': 0.11381427943706512, 'joy': 0.4667564630508423, 'neutral': 0.3820536136627197, 'sadness': 0.005824937950819731, 'surprise': 0.00538450526073575}","{'anger': 0.02484605275094509, 'disgust': 0.03281404823064804, 'fear': 0.0013983872486278415, 'joy': 0.2670588791370392, 'neutral': 0.6597009301185608, 'sadness': 0.010053295642137527, 'surprise': 0.004128377418965101}",0.16689751369221817,0.630923820918525,0.9287458603605878
context_728,"{'anger': 0.612466037273407, 'disgust': 0.3223689794540405, 'fear': 0.002323342254385352, 'joy': 0.001239854609593749, 'neutral': 0.048550672829151154, 'sadness': 0.006781540345400572, 'surprise': 0.006269435863941908}","{'anger': 0.04928974062204361, 'disgust': 0.07101500779390335, 'fear': 0.040864989161491394, 'joy': 0.01554699894040823, 'neutral': 0.7898209691047668, 'sadness': 0.025585925206542015, 'surprise': 0.007876376621425152}","{'anger': 0.5965720415115356, 'disgust': 0.07497019320726395, 'fear': 0.1589251607656479, 'joy': 0.001524964696727693, 'neutral': 0.094937764108181, 'sadness': 0.06745101511478424, 'surprise': 0.005618860945105553}","{'anger': 0.4953199625015259, 'disgust': 0.2861839830875397, 'fear': 0.012595461681485176, 'joy': 0.0013864794746041298, 'neutral': 0.18491560220718384, 'sadness': 0.01649852842092514, 'surprise': 0.003100129310041666}",0.16609926134193975,0.899697494043394,0.9696785960449591
context_729,"{'anger': 0.0877242460846901, 'disgust': 0.2833607792854309, 'fear': 0.05484245717525482, 'joy': 0.0024911845102906227, 'neutral': 0.20557524263858795, 'sadness': 0.33388423919677734, 'surprise': 0.03212188929319382}","{'anger': 0.6794602274894714, 'disgust': 0.02247433550655842, 'fear': 0.0043879118748009205, 'joy': 0.004159051924943924, 'neutral': 0.266247421503067, 'sadness': 0.019025852903723717, 'surprise': 0.004245154559612274}","{'anger': 0.5612330436706543, 'disgust': 0.1528865545988083, 'fear': 0.016268134117126465, 'joy': 0.002049275441095233, 'neutral': 0.20496320724487305, 'sadness': 0.05810806155204773, 'surprise': 0.004491767380386591}","{'anger': 0.15243975818157196, 'disgust': 0.06096760556101799, 'fear': 0.19211210310459137, 'joy': 0.005394282750785351, 'neutral': 0.47987931966781616, 'sadness': 0.10611069202423096, 'surprise': 0.003096188884228468}",0.35196909435647405,0.5049577117662745,0.640086892984279
context_730,"{'anger': 0.658669114112854, 'disgust': 0.12201591581106186, 'fear': 0.03469271957874298, 'joy': 0.0011895690113306046, 'neutral': 0.07770875096321106, 'sadness': 0.09884355217218399, 'surprise': 0.006880348548293114}","{'anger': 0.027427300810813904, 'disgust': 0.024374229833483696, 'fear': 0.7081034779548645, 'joy': 0.0034209038130939007, 'neutral': 0.21007125079631805, 'sadness': 0.023766564205288887, 'surprise': 0.0028362765442579985}","{'anger': 0.9732383489608765, 'disgust': 0.0012093223631381989, 'fear': 0.017068179324269295, 'joy': 0.0005134132807143033, 'neutral': 0.0027734441682696342, 'sadness': 0.002285185968503356, 'surprise': 0.0029121562838554382}","{'anger': 0.02030140347778797, 'disgust': 0.037205882370471954, 'fear': 0.028191320598125458, 'joy': 0.009066461585462093, 'neutral': 0.8861671686172485, 'sadness': 0.017586302012205124, 'surprise': 0.0014815264148637652}",0.12733615868928483,0.9667445040605012,0.14772168266677999
context_731,"{'anger': 0.04080922156572342, 'disgust': 0.17014123499393463, 'fear': 0.5467230677604675, 'joy': 0.00443190848454833, 'neutral': 0.08016469329595566, 'sadness': 0.15099656581878662, 'surprise': 0.0067333048209548}","{'anger': 0.03273141756653786, 'disgust': 0.014679079875349998, 'fear': 0.0035947049036622047, 'joy': 0.460141122341156, 'neutral': 0.4615750014781952, 'sadness': 0.020198602229356766, 'surprise': 0.007080065086483955}","{'anger': 0.0019470532424747944, 'disgust': 0.000687343766912818, 'fear': 0.986753523349762, 'joy': 0.0010892516002058983, 'neutral': 0.0021126943174749613, 'sadness': 0.0024828151799738407, 'surprise': 0.004927294794470072}","{'anger': 0.04596932604908943, 'disgust': 0.020591329783201218, 'fear': 0.08729789406061172, 'joy': 0.012465034611523151, 'neutral': 0.7770772576332092, 'sadness': 0.05416873097419739, 'surprise': 0.00243037729524076}",0.12253579065430797,0.9140122135126161,0.26277888787647585
context_732,"{'anger': 0.1389857530593872, 'disgust': 0.1892886757850647, 'fear': 0.2175174206495285, 'joy': 0.0028244538698345423, 'neutral': 0.3585430681705475, 'sadness': 0.08201494812965393, 'surprise': 0.0108256870880723}","{'anger': 0.0448596253991127, 'disgust': 0.3401549458503723, 'fear': 0.014436294324696064, 'joy': 0.006847325246781111, 'neutral': 0.5021759867668152, 'sadness': 0.08927233517169952, 'surprise': 0.002253511920571327}","{'anger': 0.009493441320955753, 'disgust': 0.013590583577752113, 'fear': 0.014906961470842361, 'joy': 0.020167535170912743, 'neutral': 0.8904096484184265, 'sadness': 0.04451896250247955, 'surprise': 0.006912951357662678}","{'anger': 0.04256139323115349, 'disgust': 0.05144869163632393, 'fear': 0.008963825181126595, 'joy': 0.00956755131483078, 'neutral': 0.8707064390182495, 'sadness': 0.01509101502597332, 'surprise': 0.001661012414842844}",0.8708704584498937,0.7588864378244947,0.7771364409505159
context_733,"{'anger': 0.6346195936203003, 'disgust': 0.2296089380979538, 'fear': 0.009404631331562996, 'joy': 0.0007356887217611074, 'neutral': 0.04500684142112732, 'sadness': 0.07558634132146835, 'surprise': 0.0050379084423184395}","{'anger': 0.19922639429569244, 'disgust': 0.06394956260919571, 'fear': 0.04336056113243103, 'joy': 0.004156759474426508, 'neutral': 0.6626746654510498, 'sadness': 0.02303250879049301, 'surprise': 0.003599496092647314}","{'anger': 0.009945516474545002, 'disgust': 0.003544010454788804, 'fear': 0.11609113961458206, 'joy': 0.05120062455534935, 'neutral': 0.7713440656661987, 'sadness': 0.029223879799246788, 'surprise': 0.018650749698281288}","{'anger': 0.055447209626436234, 'disgust': 0.07143092155456543, 'fear': 0.10414712876081467, 'joy': 0.009454971179366112, 'neutral': 0.7224321961402893, 'sadness': 0.035115115344524384, 'surprise': 0.0019724692683666945}",0.36505222953958416,0.08499502028227313,0.17507561353924772
context_734,"{'anger': 0.5980287194252014, 'disgust': 0.2943231463432312, 'fear': 0.017370974645018578, 'joy': 0.0010068018455058336, 'neutral': 0.02842150256037712, 'sadness': 0.05601112172007561, 'surprise': 0.004837705288082361}","{'anger': 0.08662605285644531, 'disgust': 0.5559386014938354, 'fear': 0.09034807235002518, 'joy': 0.0024329733569175005, 'neutral': 0.04295669123530388, 'sadness': 0.21376335620880127, 'surprise': 0.007934345863759518}","{'anger': 0.42318522930145264, 'disgust': 0.1507824808359146, 'fear': 0.06099141016602516, 'joy': 0.0038351905532181263, 'neutral': 0.2905167043209076, 'sadness': 0.06254099309444427, 'surprise': 0.00814797542989254}","{'anger': 0.974777340888977, 'disgust': 0.0019750273786485195, 'fear': 0.007008553948253393, 'joy': 0.0013575807679444551, 'neutral': 0.010697158984839916, 'sadness': 0.002967709908261895, 'surprise': 0.0012168034445494413}",0.5633788030913992,0.8546424628298703,0.8946664223132141
context_735,"{'anger': 0.04886569455265999, 'disgust': 0.010975005105137825, 'fear': 0.854151725769043, 'joy': 0.0019490952836349607, 'neutral': 0.060076210647821426, 'sadness': 0.008293348364531994, 'surprise': 0.01568896882236004}","{'anger': 0.036308057606220245, 'disgust': 0.016204791143536568, 'fear': 0.7435621023178101, 'joy': 0.004079323727637529, 'neutral': 0.1826074719429016, 'sadness': 0.008297530002892017, 'surprise': 0.008940610103309155}","{'anger': 0.03951219841837883, 'disgust': 0.0032011563889682293, 'fear': 0.7993601560592651, 'joy': 0.00194927875418216, 'neutral': 0.02219386398792267, 'sadness': 0.01019231230020523, 'surprise': 0.12359097599983215}","{'anger': 0.03179234266281128, 'disgust': 0.012794378213584423, 'fear': 0.5352448225021362, 'joy': 0.004775758367031813, 'neutral': 0.40037205815315247, 'sadness': 0.008059564046561718, 'surprise': 0.006961113307625055}",0.9854241944494966,0.9899614583282594,0.8412415271147394
context_736,"{'anger': 0.006081919651478529, 'disgust': 0.9878631830215454, 'fear': 0.002096082316711545, 'joy': 0.00023126184532884508, 'neutral': 0.0017483592964708805, 'sadness': 0.0013596798526123166, 'surprise': 0.0006195531459525228}","{'anger': 0.015827419236302376, 'disgust': 0.07852275669574738, 'fear': 0.02304723486304283, 'joy': 0.0038912114687263966, 'neutral': 0.7310063242912292, 'sadness': 0.12820348143577576, 'surprise': 0.019501570612192154}","{'anger': 0.0024195897858589888, 'disgust': 0.004103143233805895, 'fear': 0.0026430815923959017, 'joy': 0.00132321089040488, 'neutral': 0.020358694717288017, 'sadness': 0.9674871563911438, 'surprise': 0.0016651060432195663}","{'anger': 0.07084355503320694, 'disgust': 0.07306934893131256, 'fear': 0.048309557139873505, 'joy': 0.011498517356812954, 'neutral': 0.7488428354263306, 'sadness': 0.046027276664972305, 'surprise': 0.0014088646275922656}",0.10728309236753464,0.0056757557968798444,0.09884404853727136
context_737,"{'anger': 0.06256206333637238, 'disgust': 0.02774030715227127, 'fear': 0.15642406046390533, 'joy': 0.0015268796123564243, 'neutral': 0.035631489008665085, 'sadness': 0.7097136974334717, 'surprise': 0.006401494611054659}","{'anger': 0.005660148803144693, 'disgust': 0.0071353549137711525, 'fear': 0.004543133080005646, 'joy': 0.0024923996534198523, 'neutral': 0.9713943600654602, 'sadness': 0.004853100515902042, 'surprise': 0.003921411000192165}","{'anger': 0.007468288764357567, 'disgust': 0.003841932164505124, 'fear': 0.0033262232318520546, 'joy': 0.006863418035209179, 'neutral': 0.9585723876953125, 'sadness': 0.012813378125429153, 'surprise': 0.007114417385309935}","{'anger': 0.01886487752199173, 'disgust': 0.012398496270179749, 'fear': 0.06881007552146912, 'joy': 0.01902667246758938, 'neutral': 0.8614054918289185, 'sadness': 0.016699034720659256, 'surprise': 0.0027953609824180603}",0.05541909953097479,0.06336292457380821,0.08682574779188745
context_738,"{'anger': 0.13447821140289307, 'disgust': 0.19617392122745514, 'fear': 0.01846971921622753, 'joy': 0.0029981504194438457, 'neutral': 0.4904804229736328, 'sadness': 0.15011411905288696, 'surprise': 0.0072854990139603615}","{'anger': 0.001649518497288227, 'disgust': 0.00548732141032815, 'fear': 0.011695756576955318, 'joy': 0.0031624441035091877, 'neutral': 0.02568839304149151, 'sadness': 0.9404219388961792, 'surprise': 0.011894668452441692}","{'anger': 0.007872232235968113, 'disgust': 0.005215526558458805, 'fear': 0.8683633804321289, 'joy': 0.0020720146130770445, 'neutral': 0.09696179628372192, 'sadness': 0.013036919757723808, 'surprise': 0.0064782374538481236}","{'anger': 0.007365574594587088, 'disgust': 0.02090083435177803, 'fear': 0.028605807572603226, 'joy': 0.023469414561986923, 'neutral': 0.7178269624710083, 'sadness': 0.19584815204143524, 'surprise': 0.005983271636068821}",0.29188134437863333,0.1369016602276648,0.9182675712006504
context_739,"{'anger': 0.8877559304237366, 'disgust': 0.02225690521299839, 'fear': 0.02789893001317978, 'joy': 0.0023462495300918818, 'neutral': 0.03245396167039871, 'sadness': 0.009167187847197056, 'surprise': 0.018120864406228065}","{'anger': 0.5294723510742188, 'disgust': 0.017660120502114296, 'fear': 0.004214434418827295, 'joy': 0.0038512840401381254, 'neutral': 0.43101683259010315, 'sadness': 0.004036030266433954, 'surprise': 0.009748958051204681}","{'anger': 0.05222935229539871, 'disgust': 0.0060005104169249535, 'fear': 0.2734076976776123, 'joy': 0.12854817509651184, 'neutral': 0.3276476562023163, 'sadness': 0.03037267178297043, 'surprise': 0.1817939579486847}","{'anger': 0.9640063643455505, 'disgust': 0.004947891924530268, 'fear': 0.012827316299080849, 'joy': 0.0006674983305856586, 'neutral': 0.01026219967752695, 'sadness': 0.0023731489200145006, 'surprise': 0.0049155596643686295}",0.7980353114415973,0.15908627857789903,0.9991541233056557
context_740,"{'anger': 0.2502437233924866, 'disgust': 0.09601131826639175, 'fear': 0.01011292077600956, 'joy': 0.0032144663855433464, 'neutral': 0.604579508304596, 'sadness': 0.02940048649907112, 'surprise': 0.006437667179852724}","{'anger': 0.05357406288385391, 'disgust': 0.08253812789916992, 'fear': 0.02529856003820896, 'joy': 0.01821785978972912, 'neutral': 0.804128110408783, 'sadness': 0.011256099678575993, 'surprise': 0.00498722679913044}","{'anger': 0.022834550589323044, 'disgust': 0.010479054413735867, 'fear': 0.09674743562936783, 'joy': 0.009305116720497608, 'neutral': 0.8120704889297485, 'sadness': 0.027323322370648384, 'surprise': 0.021239962428808212}","{'anger': 0.08217930793762207, 'disgust': 0.06973873823881149, 'fear': 0.13695257902145386, 'joy': 0.006444132886826992, 'neutral': 0.6704251766204834, 'sadness': 0.032033227384090424, 'surprise': 0.002226769458502531}",0.9465864573938434,0.9214045527937462,0.9472832093959175
context_741,"{'anger': 0.43178853392601013, 'disgust': 0.28830549120903015, 'fear': 0.017524022608995438, 'joy': 0.016200661659240723, 'neutral': 0.15504397451877594, 'sadness': 0.042313579469919205, 'surprise': 0.048823725432157516}","{'anger': 0.08005272597074509, 'disgust': 0.36065366864204407, 'fear': 0.029814379289746284, 'joy': 0.21531739830970764, 'neutral': 0.27490246295928955, 'sadness': 0.03706439211964607, 'surprise': 0.002195000182837248}","{'anger': 0.30848443508148193, 'disgust': 0.145454540848732, 'fear': 0.010917238891124725, 'joy': 0.0029836317989975214, 'neutral': 0.4213530421257019, 'sadness': 0.09717454761266708, 'surprise': 0.013632706366479397}","{'anger': 0.07095997035503387, 'disgust': 0.12216939777135849, 'fear': 0.005078501999378204, 'joy': 0.004937824793159962, 'neutral': 0.1230546161532402, 'sadness': 0.6713686585426331, 'surprise': 0.0024309854488819838}",0.6700182268178347,0.8156377339963455,0.29846103936815893
context_742,"{'anger': 0.0035572140477597713, 'disgust': 0.0021210548002272844, 'fear': 0.9826092720031738, 'joy': 0.001127303228713572, 'neutral': 0.0047728377394378185, 'sadness': 0.0020338604226708412, 'surprise': 0.003778496291488409}","{'anger': 0.01806226372718811, 'disgust': 0.04820394143462181, 'fear': 0.740854799747467, 'joy': 0.003240474034100771, 'neutral': 0.14360396564006805, 'sadness': 0.04118143394589424, 'surprise': 0.0048531885258853436}","{'anger': 0.06481846421957016, 'disgust': 0.012546408921480179, 'fear': 0.7803247570991516, 'joy': 0.005352232605218887, 'neutral': 0.10056078433990479, 'sadness': 0.030048787593841553, 'surprise': 0.006348697934299707}","{'anger': 0.010990578681230545, 'disgust': 0.008246263489127159, 'fear': 0.8537256717681885, 'joy': 0.003775656223297119, 'neutral': 0.1136787012219429, 'sadness': 0.006954011507332325, 'surprise': 0.002629057038575411}",0.9792300062682114,0.988591420715488,0.9917890760246896
context_743,"{'anger': 0.10936775803565979, 'disgust': 0.11280614137649536, 'fear': 0.06744066625833511, 'joy': 0.0027551653329283, 'neutral': 0.06455434113740921, 'sadness': 0.6370445489883423, 'surprise': 0.00603137630969286}","{'anger': 0.412933886051178, 'disgust': 0.21748623251914978, 'fear': 0.15850180387496948, 'joy': 0.005280335433781147, 'neutral': 0.12316419184207916, 'sadness': 0.07371398061513901, 'surprise': 0.008919613435864449}","{'anger': 0.0021665289532393217, 'disgust': 0.0006571703706867993, 'fear': 0.990382730960846, 'joy': 0.0008541349088773131, 'neutral': 0.0025040723849087954, 'sadness': 0.0028014914132654667, 'surprise': 0.0006337406230159104}","{'anger': 0.3091808557510376, 'disgust': 0.18099217116832733, 'fear': 0.20166978240013123, 'joy': 0.0027480970602482557, 'neutral': 0.1615423858165741, 'sadness': 0.14107364416122437, 'surprise': 0.002793143969029188}",0.39776027253085666,0.10520224653212462,0.5471280747120129
context_744,"{'anger': 0.02639688551425934, 'disgust': 0.01398510206490755, 'fear': 0.7440057992935181, 'joy': 0.0026880549266934395, 'neutral': 0.06826479732990265, 'sadness': 0.11123107373714447, 'surprise': 0.03342827036976814}","{'anger': 0.00712629547342658, 'disgust': 0.003600507276132703, 'fear': 0.010656515136361122, 'joy': 0.7321239113807678, 'neutral': 0.2247268706560135, 'sadness': 0.010778605006635189, 'surprise': 0.010987259447574615}","{'anger': 0.021379170939326286, 'disgust': 0.004796761088073254, 'fear': 0.12854863703250885, 'joy': 0.24890896677970886, 'neutral': 0.5644341707229614, 'sadness': 0.018772156909108162, 'surprise': 0.013160132803022861}","{'anger': 0.009606091305613518, 'disgust': 0.009358381852507591, 'fear': 0.029909130185842514, 'joy': 0.024947457015514374, 'neutral': 0.9166261553764343, 'sadness': 0.0066758859902620316, 'surprise': 0.0028768228366971016}",0.04664733514847497,0.28905204746410273,0.12402721392731919
context_745,"{'anger': 0.013329314067959785, 'disgust': 0.01617126725614071, 'fear': 0.7871750593185425, 'joy': 0.004521603230386972, 'neutral': 0.045389216393232346, 'sadness': 0.0053498935885727406, 'surprise': 0.12806354463100433}","{'anger': 0.024548890069127083, 'disgust': 0.025044191628694534, 'fear': 0.383958101272583, 'joy': 0.007085004821419716, 'neutral': 0.12918786704540253, 'sadness': 0.3878156542778015, 'surprise': 0.042360249906778336}","{'anger': 0.0023315574508160353, 'disgust': 0.00444190576672554, 'fear': 0.9628289937973022, 'joy': 0.0029322647023946047, 'neutral': 0.016361933201551437, 'sadness': 0.008733649738132954, 'surprise': 0.0023695880081504583}","{'anger': 0.0026796101592481136, 'disgust': 0.001854041824117303, 'fear': 0.975952684879303, 'joy': 0.001687000272795558, 'neutral': 0.011666040867567062, 'sadness': 0.0046153306029737, 'surprise': 0.0015453892992809415}",0.7025064192775672,0.9864193833492448,0.9860207127775367
context_746,"{'anger': 0.8819572925567627, 'disgust': 0.045113787055015564, 'fear': 0.04539921507239342, 'joy': 0.0011692345142364502, 'neutral': 0.010482104495167732, 'sadness': 0.01080294605344534, 'surprise': 0.005075392778962851}","{'anger': 0.9518980383872986, 'disgust': 0.007482342422008514, 'fear': 0.005196343641728163, 'joy': 0.001076608314178884, 'neutral': 0.02484985999763012, 'sadness': 0.00820537656545639, 'surprise': 0.0012913295067846775}","{'anger': 0.9652792811393738, 'disgust': 0.004039498511701822, 'fear': 0.0015206087846308947, 'joy': 0.00061923882458359, 'neutral': 0.018701186403632164, 'sadness': 0.0075414241291582584, 'surprise': 0.002298633800819516}","{'anger': 0.7753685116767883, 'disgust': 0.012075343169271946, 'fear': 0.1787143349647522, 'joy': 0.0009657238842919469, 'neutral': 0.016470715403556824, 'sadness': 0.01273388136178255, 'surprise': 0.003671528771519661}",0.9978963475125466,0.9976187061054331,0.9840484958027715
context_747,"{'anger': 0.02003362774848938, 'disgust': 0.014198217540979385, 'fear': 0.013726267032325268, 'joy': 0.003128501120954752, 'neutral': 0.5025080442428589, 'sadness': 0.01594133861362934, 'surprise': 0.43046408891677856}","{'anger': 0.0096984151750803, 'disgust': 0.005793886724859476, 'fear': 0.005268084350973368, 'joy': 0.0057845753617584705, 'neutral': 0.9535298347473145, 'sadness': 0.002298845211043954, 'surprise': 0.01762644201517105}","{'anger': 0.005595433991402388, 'disgust': 0.004895254038274288, 'fear': 0.01324406173080206, 'joy': 0.004728777799755335, 'neutral': 0.9571627974510193, 'sadness': 0.0038471452426165342, 'surprise': 0.010526495985686779}","{'anger': 0.011916334740817547, 'disgust': 0.017489802092313766, 'fear': 0.38506758213043213, 'joy': 0.003926774021238089, 'neutral': 0.5435314178466797, 'sadness': 0.031418249011039734, 'surprise': 0.006649905815720558}",0.7709714772167221,0.7662158535288369,0.6386041145727904
context_748,"{'anger': 0.0024061580188572407, 'disgust': 0.0006871008081361651, 'fear': 0.002814218634739518, 'joy': 0.0015630419366061687, 'neutral': 0.0015150402905419469, 'sadness': 0.9880251288414001, 'surprise': 0.0029892749153077602}","{'anger': 0.012266566045582294, 'disgust': 0.02422957681119442, 'fear': 0.12076586484909058, 'joy': 0.007957225665450096, 'neutral': 0.7340309023857117, 'sadness': 0.09265901893377304, 'surprise': 0.008090904913842678}","{'anger': 0.009996346198022366, 'disgust': 0.010242145508527756, 'fear': 0.8125197887420654, 'joy': 0.0029728759545832872, 'neutral': 0.03586123511195183, 'sadness': 0.12393756955862045, 'surprise': 0.0044699860736727715}","{'anger': 0.016184108331799507, 'disgust': 0.03721122816205025, 'fear': 0.4203794002532959, 'joy': 0.004778868053108454, 'neutral': 0.44381460547447205, 'sadness': 0.07086296379566193, 'surprise': 0.00676879333332181}",0.12557698268490836,0.15355901317284204,0.11808468333317979
context_749,"{'anger': 0.0012819208204746246, 'disgust': 0.0015193922445178032, 'fear': 0.9841190576553345, 'joy': 0.001510416972450912, 'neutral': 0.00386830884963274, 'sadness': 0.002697302494198084, 'surprise': 0.005003650672733784}","{'anger': 0.018991410732269287, 'disgust': 0.004746120423078537, 'fear': 0.7824631333351135, 'joy': 0.012255345471203327, 'neutral': 0.16593939065933228, 'sadness': 0.007904458791017532, 'surprise': 0.007700089830905199}","{'anger': 0.003855686169117689, 'disgust': 0.0013882374623790383, 'fear': 0.9390971064567566, 'joy': 0.005630349274724722, 'neutral': 0.031166570261120796, 'sadness': 0.008903986774384975, 'surprise': 0.009958077222108841}","{'anger': 0.00804253201931715, 'disgust': 0.011862785555422306, 'fear': 0.8313148617744446, 'joy': 0.005719911307096481, 'neutral': 0.09702420234680176, 'sadness': 0.04176938533782959, 'surprise': 0.004266353789716959}",0.9786707588745894,0.9995207327832275,0.9924772698156399
context_750,"{'anger': 0.0019657325465232134, 'disgust': 0.0018308920552954078, 'fear': 0.9871631264686584, 'joy': 0.0010938873747363687, 'neutral': 0.0032472393941134214, 'sadness': 0.0021917331032454967, 'surprise': 0.0025072747375816107}","{'anger': 0.007518082391470671, 'disgust': 0.004027633462101221, 'fear': 0.8320029377937317, 'joy': 0.02185547538101673, 'neutral': 0.1224246397614479, 'sadness': 0.004344407003372908, 'surprise': 0.007826871238648891}","{'anger': 0.006961706560105085, 'disgust': 0.003914898261427879, 'fear': 0.8732728362083435, 'joy': 0.006702137179672718, 'neutral': 0.09202784299850464, 'sadness': 0.0066561163403093815, 'surprise': 0.01046458724886179}","{'anger': 0.0015300172381103039, 'disgust': 0.0008422895334661007, 'fear': 0.9899325370788574, 'joy': 0.0009501090389676392, 'neutral': 0.004124881699681282, 'sadness': 0.0013946796534582973, 'surprise': 0.0012254690518602729}",0.9894601416947022,0.9947327664362746,0.999997824299115
context_751,"{'anger': 0.12009589374065399, 'disgust': 0.3204038441181183, 'fear': 0.3251642882823944, 'joy': 0.0031146290712058544, 'neutral': 0.10038386285305023, 'sadness': 0.11240790784358978, 'surprise': 0.01842951960861683}","{'anger': 0.014087224379181862, 'disgust': 0.023114465177059174, 'fear': 0.33499377965927124, 'joy': 0.06564784049987793, 'neutral': 0.4840812385082245, 'sadness': 0.06517329066991806, 'surprise': 0.012902182526886463}","{'anger': 0.008684736676514149, 'disgust': 0.01602299138903618, 'fear': 0.7614951729774475, 'joy': 0.00176628353074193, 'neutral': 0.032160691916942596, 'sadness': 0.011795127764344215, 'surprise': 0.16807498037815094}","{'anger': 0.008890853263437748, 'disgust': 0.14536435902118683, 'fear': 0.6068409085273743, 'joy': 0.0028070088010281324, 'neutral': 0.06304547190666199, 'sadness': 0.14801731705665588, 'surprise': 0.025034135207533836}",0.5894227482275425,0.6752880473535631,0.8392510544179965
context_752,"{'anger': 0.08109717071056366, 'disgust': 0.043675512075424194, 'fear': 0.0027557299472391605, 'joy': 0.0018471615621820092, 'neutral': 0.015727126970887184, 'sadness': 0.8470261096954346, 'surprise': 0.007871138863265514}","{'anger': 0.0022462031338363886, 'disgust': 0.008734569884836674, 'fear': 0.003034222638234496, 'joy': 0.028798267245292664, 'neutral': 0.038366783410310745, 'sadness': 0.9099544286727905, 'surprise': 0.008865430019795895}","{'anger': 0.9728854894638062, 'disgust': 0.003219566773623228, 'fear': 0.0021253370214253664, 'joy': 0.001193386735394597, 'neutral': 0.009952993132174015, 'sadness': 0.00921748299151659, 'surprise': 0.0014056898653507233}","{'anger': 0.9852845072746277, 'disgust': 0.003329342929646373, 'fear': 0.0018297717906534672, 'joy': 0.00041243628947995603, 'neutral': 0.004771533887833357, 'sadness': 0.003694159910082817, 'surprise': 0.000678309123031795}",0.9941122869304134,0.10494830454412274,0.09916101005729805
context_753,"{'anger': 0.004503424279391766, 'disgust': 0.0033156562130898237, 'fear': 0.9727108478546143, 'joy': 0.0011958888499066234, 'neutral': 0.008317462168633938, 'sadness': 0.002790996106341481, 'surprise': 0.007165831979364157}","{'anger': 0.016385113820433617, 'disgust': 0.009947175160050392, 'fear': 0.0743941217660904, 'joy': 0.011488953605294228, 'neutral': 0.8727191686630249, 'sadness': 0.0049141268245875835, 'surprise': 0.010151335038244724}","{'anger': 0.0026873291935771704, 'disgust': 0.0008392204763367772, 'fear': 0.9646826386451721, 'joy': 0.009587092325091362, 'neutral': 0.017155472189188004, 'sadness': 0.002986156614497304, 'surprise': 0.0020620450377464294}","{'anger': 0.006383486092090607, 'disgust': 0.003479212988168001, 'fear': 0.9570961594581604, 'joy': 0.001622878247871995, 'neutral': 0.02364855818450451, 'sadness': 0.00532139278948307, 'surprise': 0.002448366256430745}",0.09365264040424404,0.9999008758080897,0.9998521664823476
context_754,"{'anger': 0.9822326898574829, 'disgust': 0.004645667038857937, 'fear': 0.00284006935544312, 'joy': 0.00048441471881233156, 'neutral': 0.0064628650434315205, 'sadness': 0.0025186841376125813, 'surprise': 0.0008156366529874504}","{'anger': 0.8711428046226501, 'disgust': 0.00807817280292511, 'fear': 0.09335853904485703, 'joy': 0.0016433331184089184, 'neutral': 0.01778353564441204, 'sadness': 0.0049460153095424175, 'surprise': 0.0030477154068648815}","{'anger': 0.9796999096870422, 'disgust': 0.0033692617435008287, 'fear': 0.0035326285287737846, 'joy': 0.0006214581080712378, 'neutral': 0.007229904644191265, 'sadness': 0.0034083647187799215, 'surprise': 0.0021383760031312704}","{'anger': 0.7217572927474976, 'disgust': 0.020083293318748474, 'fear': 0.00550649780780077, 'joy': 0.0048567429184913635, 'neutral': 0.23891261219978333, 'sadness': 0.007121318485587835, 'surprise': 0.001762376632541418}",0.9944988072082201,0.9999972495964777,0.9511249145768851
context_755,"{'anger': 0.001186923822388053, 'disgust': 0.0015040583675727248, 'fear': 0.9884144067764282, 'joy': 0.0011841198429465294, 'neutral': 0.0042591216042637825, 'sadness': 0.0016072153812274337, 'surprise': 0.001844134763814509}","{'anger': 0.009634249843657017, 'disgust': 0.002786211669445038, 'fear': 0.8572635650634766, 'joy': 0.013589231297373772, 'neutral': 0.09098111093044281, 'sadness': 0.007181802298873663, 'surprise': 0.018563900142908096}","{'anger': 0.0027110925875604153, 'disgust': 0.0012875368120148778, 'fear': 0.9636692404747009, 'joy': 0.0014636556152254343, 'neutral': 0.014945470727980137, 'sadness': 0.0021053359378129244, 'surprise': 0.013817614875733852}","{'anger': 0.0013738604029640555, 'disgust': 0.0010165031999349594, 'fear': 0.9879978895187378, 'joy': 0.0013859166065230966, 'neutral': 0.005059433169662952, 'sadness': 0.001976120751351118, 'surprise': 0.0011903686681762338}",0.9944903835081711,0.9998580297192563,0.9999992217060705
context_756,"{'anger': 0.18276095390319824, 'disgust': 0.04345287010073662, 'fear': 0.4068807065486908, 'joy': 0.005762499291449785, 'neutral': 0.34170615673065186, 'sadness': 0.012042319402098656, 'surprise': 0.007394571788609028}","{'anger': 0.059686630964279175, 'disgust': 0.06872741132974625, 'fear': 0.1521207094192505, 'joy': 0.003705305280163884, 'neutral': 0.6863640546798706, 'sadness': 0.02323061414062977, 'surprise': 0.006165263708680868}","{'anger': 0.00578824058175087, 'disgust': 0.01088300347328186, 'fear': 0.0020374928135424852, 'joy': 0.008248730562627316, 'neutral': 0.9655559062957764, 'sadness': 0.002338044112548232, 'surprise': 0.005148614291101694}","{'anger': 0.007875529117882252, 'disgust': 0.013119339942932129, 'fear': 0.6658852100372314, 'joy': 0.016119878739118576, 'neutral': 0.27853620052337646, 'sadness': 0.015774408355355263, 'surprise': 0.002689404645934701}",0.7769004920053343,0.6105683291256605,0.9047359169364684
context_757,"{'anger': 0.0005728999385610223, 'disgust': 0.0010954156750813127, 'fear': 0.0008407746208831668, 'joy': 0.001501539722084999, 'neutral': 0.00452427938580513, 'sadness': 0.9869645237922668, 'surprise': 0.004500533454120159}","{'anger': 0.000915474200155586, 'disgust': 0.001557299168780446, 'fear': 0.001395277795381844, 'joy': 0.004673473536968231, 'neutral': 0.00991976261138916, 'sadness': 0.9475727677345276, 'surprise': 0.033965956419706345}","{'anger': 0.004070485010743141, 'disgust': 0.008525908924639225, 'fear': 0.011181815527379513, 'joy': 0.006832038052380085, 'neutral': 0.03600193187594414, 'sadness': 0.9172341227531433, 'surprise': 0.016153614968061447}","{'anger': 0.0007133373292163014, 'disgust': 0.001949236379005015, 'fear': 0.001081191934645176, 'joy': 0.002566574839875102, 'neutral': 0.0076563251204788685, 'sadness': 0.9839996695518494, 'surprise': 0.0020337190944701433}",0.9994876908719952,0.9991926076671526,0.9999907719859278
context_758,"{'anger': 0.0017872477183118463, 'disgust': 0.0015418274560943246, 'fear': 0.9899961948394775, 'joy': 0.0007216562516987324, 'neutral': 0.002273813122883439, 'sadness': 0.0027198409661650658, 'surprise': 0.0009594927541911602}","{'anger': 0.011762473732233047, 'disgust': 0.015388780273497105, 'fear': 0.011963382363319397, 'joy': 0.17209477722644806, 'neutral': 0.7363858222961426, 'sadness': 0.05024256184697151, 'surprise': 0.0021622381173074245}","{'anger': 0.0080135278403759, 'disgust': 0.010713379830121994, 'fear': 0.01419695746153593, 'joy': 0.015661681070923805, 'neutral': 0.29430654644966125, 'sadness': 0.6438894271850586, 'surprise': 0.013218526728451252}","{'anger': 0.006735336966812611, 'disgust': 0.016652122139930725, 'fear': 0.012818465940654278, 'joy': 0.39368507266044617, 'neutral': 0.5318921804428101, 'sadness': 0.03427916765213013, 'surprise': 0.003937669098377228}",0.018418104165348503,0.023565939121042878,0.021814378758873043
context_759,"{'anger': 0.6588178277015686, 'disgust': 0.04841087758541107, 'fear': 0.007929500192403793, 'joy': 0.0019580989610403776, 'neutral': 0.15093688666820526, 'sadness': 0.024733204394578934, 'surprise': 0.10721365362405777}","{'anger': 0.06198369711637497, 'disgust': 0.015692586079239845, 'fear': 0.002644205931574106, 'joy': 0.00349026033654809, 'neutral': 0.8912310600280762, 'sadness': 0.0055976747535169125, 'surprise': 0.019360538572072983}","{'anger': 0.013350670225918293, 'disgust': 0.012640565633773804, 'fear': 0.014099108055233955, 'joy': 0.00756625272333622, 'neutral': 0.9038372039794922, 'sadness': 0.01737758331000805, 'surprise': 0.031128648668527603}","{'anger': 0.9314470291137695, 'disgust': 0.008570639416575432, 'fear': 0.005257006734609604, 'joy': 0.0017421486554667354, 'neutral': 0.04608016461133957, 'sadness': 0.005801510997116566, 'surprise': 0.0011014677584171295}",0.29067188453830317,0.24101188485883007,0.9703583162960449
context_760,"{'anger': 0.48877614736557007, 'disgust': 0.42820778489112854, 'fear': 0.006995040457695723, 'joy': 0.002221766859292984, 'neutral': 0.03549375385046005, 'sadness': 0.0339876264333725, 'surprise': 0.004317907616496086}","{'anger': 0.48625773191452026, 'disgust': 0.045869141817092896, 'fear': 0.050355326384305954, 'joy': 0.006966273300349712, 'neutral': 0.2647654712200165, 'sadness': 0.04873654618859291, 'surprise': 0.09704945236444473}","{'anger': 0.000988842104561627, 'disgust': 0.0019630752503871918, 'fear': 0.00159083039034158, 'joy': 0.0021104475017637014, 'neutral': 0.008635998703539371, 'sadness': 0.9827741384506226, 'surprise': 0.0019367218483239412}","{'anger': 0.03203199431300163, 'disgust': 0.2112470418214798, 'fear': 0.021075986325740814, 'joy': 0.0023892209865152836, 'neutral': 0.08736763149499893, 'sadness': 0.6443672180175781, 'surprise': 0.0015208552358672023}",0.7266268864931416,0.05473066193394405,0.29413925281446884
context_761,"{'anger': 0.27686449885368347, 'disgust': 0.12836621701717377, 'fear': 0.08752068132162094, 'joy': 0.004329693503677845, 'neutral': 0.06447207182645798, 'sadness': 0.3882174789905548, 'surprise': 0.05022932589054108}","{'anger': 0.04397820681333542, 'disgust': 0.07864806801080704, 'fear': 0.019370371475815773, 'joy': 0.006719781551510096, 'neutral': 0.8355768322944641, 'sadness': 0.012030279263854027, 'surprise': 0.0036764205433428288}","{'anger': 0.09249299764633179, 'disgust': 0.0034923057537525892, 'fear': 0.1157342791557312, 'joy': 0.0025255654472857714, 'neutral': 0.010606699623167515, 'sadness': 0.7711632251739502, 'surprise': 0.003984880167990923}","{'anger': 0.004929244052618742, 'disgust': 0.009117506444454193, 'fear': 0.9105589389801025, 'joy': 0.005413583479821682, 'neutral': 0.04585733264684677, 'sadness': 0.00872884038835764, 'surprise': 0.015394541434943676}",0.19362813371100374,0.8431092016861642,0.1928565458672843
context_762,"{'anger': 0.06869906932115555, 'disgust': 0.011524633504450321, 'fear': 0.21651390194892883, 'joy': 0.008733376860618591, 'neutral': 0.10224605351686478, 'sadness': 0.14090248942375183, 'surprise': 0.4513804614543915}","{'anger': 0.01194451842457056, 'disgust': 0.01457045879215002, 'fear': 0.5468565225601196, 'joy': 0.00990254245698452, 'neutral': 0.1292157918214798, 'sadness': 0.27676600217819214, 'surprise': 0.010744170285761356}","{'anger': 0.004656446631997824, 'disgust': 0.0030423698481172323, 'fear': 0.9487132430076599, 'joy': 0.001964099472388625, 'neutral': 0.02818472497165203, 'sadness': 0.009847892448306084, 'surprise': 0.0035910755395889282}","{'anger': 0.016304239630699158, 'disgust': 0.03896995261311531, 'fear': 0.23256297409534454, 'joy': 0.008597244508564472, 'neutral': 0.6788205504417419, 'sadness': 0.021012816578149796, 'surprise': 0.003732290118932724}",0.5267517783145834,0.41708649180271695,0.32782156147055774
context_763,"{'anger': 0.0034897555597126484, 'disgust': 0.10691683739423752, 'fear': 0.026513414457440376, 'joy': 0.004359289072453976, 'neutral': 0.05539364740252495, 'sadness': 0.7865535020828247, 'surprise': 0.016773538663983345}","{'anger': 0.002102063735947013, 'disgust': 0.02940683811903, 'fear': 0.0114700673148036, 'joy': 0.00463169114664197, 'neutral': 0.04669954255223274, 'sadness': 0.8519268035888672, 'surprise': 0.05376291647553444}","{'anger': 0.0066176545806229115, 'disgust': 0.012956845574080944, 'fear': 0.013398440554738045, 'joy': 0.03038748726248741, 'neutral': 0.11291423439979553, 'sadness': 0.7987704873085022, 'surprise': 0.024954864755272865}","{'anger': 0.0011767774121835828, 'disgust': 0.006845354102551937, 'fear': 0.008505972102284431, 'joy': 0.006363950669765472, 'neutral': 0.02813050150871277, 'sadness': 0.9273903369903564, 'surprise': 0.02158716879785061}",0.9937940350796493,0.9898357939994786,0.9908148274712646
context_764,"{'anger': 0.0989389643073082, 'disgust': 0.025174293667078018, 'fear': 0.5420098900794983, 'joy': 0.00601437920704484, 'neutral': 0.09560918062925339, 'sadness': 0.18303541839122772, 'surprise': 0.04921790957450867}","{'anger': 0.014700401574373245, 'disgust': 0.006687645800411701, 'fear': 0.8272770047187805, 'joy': 0.003768292721360922, 'neutral': 0.11579486727714539, 'sadness': 0.02620059996843338, 'surprise': 0.0055710612796247005}","{'anger': 0.021121883764863014, 'disgust': 0.017865881323814392, 'fear': 0.021366184577345848, 'joy': 0.036343879997730255, 'neutral': 0.7955154776573181, 'sadness': 0.10474245250225067, 'surprise': 0.00304419151507318}","{'anger': 0.054087426513433456, 'disgust': 0.03126445412635803, 'fear': 0.3400771915912628, 'joy': 0.015103570185601711, 'neutral': 0.5364609956741333, 'sadness': 0.020397532731294632, 'surprise': 0.0026088005397468805}",0.9435847434430917,0.23090985840023914,0.6508641012681489
context_765,"{'anger': 0.02981557883322239, 'disgust': 0.012946043163537979, 'fear': 0.06332341581583023, 'joy': 0.004480674397200346, 'neutral': 0.038935720920562744, 'sadness': 0.5771308541297913, 'surprise': 0.273367702960968}","{'anger': 0.010708855465054512, 'disgust': 0.007626185193657875, 'fear': 0.002663013758137822, 'joy': 0.004935299511998892, 'neutral': 0.0557735338807106, 'sadness': 0.9104446172714233, 'surprise': 0.007848492823541164}","{'anger': 0.004707648418843746, 'disgust': 0.007895896211266518, 'fear': 0.004925078246742487, 'joy': 0.006864071357995272, 'neutral': 0.18609382212162018, 'sadness': 0.7797635197639465, 'surprise': 0.009749921970069408}","{'anger': 0.004738913383334875, 'disgust': 0.0052398391999304295, 'fear': 0.6827150583267212, 'joy': 0.002968313405290246, 'neutral': 0.013116930611431599, 'sadness': 0.20987075567245483, 'surprise': 0.08135023713111877}",0.903082765442742,0.8921907558965043,0.4047061361351998
context_766,"{'anger': 0.6415978074073792, 'disgust': 0.02161916345357895, 'fear': 0.11157704144716263, 'joy': 0.0023349167313426733, 'neutral': 0.03982071578502655, 'sadness': 0.08678675442934036, 'surprise': 0.09626362472772598}","{'anger': 0.031788170337677, 'disgust': 0.10595019161701202, 'fear': 0.009874537587165833, 'joy': 0.011426646262407303, 'neutral': 0.8001354932785034, 'sadness': 0.038652338087558746, 'surprise': 0.0021726537961512804}","{'anger': 0.10996019095182419, 'disgust': 0.06074249744415283, 'fear': 0.1713075339794159, 'joy': 0.0022972908336669207, 'neutral': 0.6277459263801575, 'sadness': 0.013544172048568726, 'surprise': 0.014402301982045174}","{'anger': 0.12925884127616882, 'disgust': 0.18239307403564453, 'fear': 0.24261997640132904, 'joy': 0.002710952190682292, 'neutral': 0.1443534791469574, 'sadness': 0.28931277990341187, 'surprise': 0.009350903332233429}",0.1100489790968836,0.26863926566656426,0.4738442483591496
context_767,"{'anger': 0.7413447499275208, 'disgust': 0.21716833114624023, 'fear': 0.007316537667065859, 'joy': 0.0008312431746162474, 'neutral': 0.026335373520851135, 'sadness': 0.004299099091440439, 'surprise': 0.0027046301402151585}","{'anger': 0.027305908501148224, 'disgust': 0.020819632336497307, 'fear': 0.017947502434253693, 'joy': 0.006075109820812941, 'neutral': 0.916118323802948, 'sadness': 0.006756791844964027, 'surprise': 0.004976674914360046}","{'anger': 0.04836656525731087, 'disgust': 0.01533432025462389, 'fear': 0.0026333818677812815, 'joy': 0.3367999196052551, 'neutral': 0.24855169653892517, 'sadness': 0.19406042993068695, 'surprise': 0.15425366163253784}","{'anger': 0.0012489109067246318, 'disgust': 0.004734775982797146, 'fear': 0.0015997329028323293, 'joy': 0.006456793285906315, 'neutral': 0.015096000395715237, 'sadness': 0.968176007270813, 'surprise': 0.002687849337235093}",0.0692255739602523,0.125055028578968,0.008734968806564436
context_768,"{'anger': 0.033500444144010544, 'disgust': 0.011753750964999199, 'fear': 0.9180189371109009, 'joy': 0.0015856868121773005, 'neutral': 0.01411851029843092, 'sadness': 0.005573006812483072, 'surprise': 0.015449616126716137}","{'anger': 0.0392223596572876, 'disgust': 0.005493230652064085, 'fear': 0.6089723110198975, 'joy': 0.00530687952414155, 'neutral': 0.015462026931345463, 'sadness': 0.006201504729688168, 'surprise': 0.3193417191505432}","{'anger': 0.008511657826602459, 'disgust': 0.0045824903063476086, 'fear': 0.8951177000999451, 'joy': 0.0039299726486206055, 'neutral': 0.07755083590745926, 'sadness': 0.006468757055699825, 'surprise': 0.0038385940715670586}","{'anger': 0.003451148746535182, 'disgust': 0.0007527440320700407, 'fear': 0.9914211630821228, 'joy': 0.0006637965561822057, 'neutral': 0.0017180152935907245, 'sadness': 0.0013950858265161514, 'surprise': 0.0005979678244329989}",0.8933437939963914,0.9970033169656338,0.9991478139657516
context_769,"{'anger': 0.7270144820213318, 'disgust': 0.21087417006492615, 'fear': 0.008340335451066494, 'joy': 0.0007309440989047289, 'neutral': 0.030540864914655685, 'sadness': 0.014076345600187778, 'surprise': 0.008422832936048508}","{'anger': 0.0032151753548532724, 'disgust': 0.004010188393294811, 'fear': 0.00840737484395504, 'joy': 0.0013123705284669995, 'neutral': 0.027395229786634445, 'sadness': 0.007574416697025299, 'surprise': 0.9480852484703064}","{'anger': 0.7610285878181458, 'disgust': 0.03658485412597656, 'fear': 0.128322035074234, 'joy': 0.0015548798255622387, 'neutral': 0.04595606401562691, 'sadness': 0.02442479506134987, 'surprise': 0.0021287789568305016}","{'anger': 0.6316092610359192, 'disgust': 0.10879591852426529, 'fear': 0.005589363630861044, 'joy': 0.0016937650507315993, 'neutral': 0.03758640214800835, 'sadness': 0.21317340433597565, 'surprise': 0.0015519761946052313}",0.016948237134872812,0.9607739311611407,0.9486460414713471
context_770,"{'anger': 0.0013356558047235012, 'disgust': 0.0008575738756917417, 'fear': 0.9882497787475586, 'joy': 0.000900628452654928, 'neutral': 0.004066477529704571, 'sadness': 0.0027480018325150013, 'surprise': 0.0018418317195028067}","{'anger': 0.002367028733715415, 'disgust': 0.0006318804225884378, 'fear': 0.9680770039558411, 'joy': 0.001149128656834364, 'neutral': 0.0023197501432150602, 'sadness': 0.0035181986168026924, 'surprise': 0.021937059238553047}","{'anger': 0.006310512777417898, 'disgust': 0.0017055770149454474, 'fear': 0.6770966649055481, 'joy': 0.0027728003915399313, 'neutral': 0.009683240205049515, 'sadness': 0.0030669309198856354, 'surprise': 0.2993643879890442}","{'anger': 0.0015808568568900228, 'disgust': 0.0011329473927617073, 'fear': 0.9813485741615295, 'joy': 0.0016938226763159037, 'neutral': 0.008452478796243668, 'sadness': 0.0046830871142446995, 'surprise': 0.0011082630371674895}",0.9997813430405593,0.9152888591804644,0.9999872250717243
context_771,"{'anger': 0.05769794434309006, 'disgust': 0.40693414211273193, 'fear': 0.30634814500808716, 'joy': 0.0023811939172446728, 'neutral': 0.164409801363945, 'sadness': 0.031251490116119385, 'surprise': 0.03097728081047535}","{'anger': 0.0062231882475316525, 'disgust': 0.0031807555351406336, 'fear': 0.7022924423217773, 'joy': 0.0025363608729094267, 'neutral': 0.012365234084427357, 'sadness': 0.0025385168846696615, 'surprise': 0.27086344361305237}","{'anger': 0.012396945618093014, 'disgust': 0.005006495863199234, 'fear': 0.886706531047821, 'joy': 0.0024470449425280094, 'neutral': 0.08035099506378174, 'sadness': 0.0035085841082036495, 'surprise': 0.009583461098372936}","{'anger': 0.012374790385365486, 'disgust': 0.006535279098898172, 'fear': 0.9146222472190857, 'joy': 0.002242972142994404, 'neutral': 0.0546027272939682, 'sadness': 0.005804091691970825, 'surprise': 0.0038178139366209507}",0.5589839659296341,0.5987971188975437,0.5916456358386835
context_772,"{'anger': 0.28813818097114563, 'disgust': 0.03212905675172806, 'fear': 0.15141016244888306, 'joy': 0.0029039669316262007, 'neutral': 0.10132870823144913, 'sadness': 0.1635812222957611, 'surprise': 0.2605086863040924}","{'anger': 0.04399602487683296, 'disgust': 0.011210530996322632, 'fear': 0.003814936615526676, 'joy': 0.6824366450309753, 'neutral': 0.1694314181804657, 'sadness': 0.038588523864746094, 'surprise': 0.05052189528942108}","{'anger': 0.019545573741197586, 'disgust': 0.09484302997589111, 'fear': 0.23161357641220093, 'joy': 0.004128752741962671, 'neutral': 0.6145502924919128, 'sadness': 0.02008073963224888, 'surprise': 0.015237923711538315}","{'anger': 0.31113532185554504, 'disgust': 0.1412217617034912, 'fear': 0.026728570461273193, 'joy': 0.0034569946583360434, 'neutral': 0.3506675958633423, 'sadness': 0.16240903735160828, 'surprise': 0.004380674567073584}",0.16040735409475249,0.37045869288974864,0.6791457458333602
context_773,"{'anger': 0.3778853416442871, 'disgust': 0.03399946913123131, 'fear': 0.16648495197296143, 'joy': 0.006178098730742931, 'neutral': 0.040711190551519394, 'sadness': 0.05792468786239624, 'surprise': 0.3168162703514099}","{'anger': 0.07489786297082901, 'disgust': 0.08737476915121078, 'fear': 0.011833183467388153, 'joy': 0.007089290767908096, 'neutral': 0.7962331771850586, 'sadness': 0.015199480578303337, 'surprise': 0.0073721744120121}","{'anger': 0.003662746399641037, 'disgust': 0.0043741618283092976, 'fear': 0.8828065395355225, 'joy': 0.0016798070864751935, 'neutral': 0.0064038606360554695, 'sadness': 0.0013537023914977908, 'surprise': 0.09971915930509567}","{'anger': 0.004877167753875256, 'disgust': 0.027464278042316437, 'fear': 0.9326364398002625, 'joy': 0.001780867576599121, 'neutral': 0.02328450232744217, 'sadness': 0.007092985790222883, 'surprise': 0.0028637105133384466}",0.1626807470043269,0.38583421849748456,0.32630772476932524
context_774,"{'anger': 0.22480548918247223, 'disgust': 0.5584468841552734, 'fear': 0.011158128269016743, 'joy': 0.004661119543015957, 'neutral': 0.1358465850353241, 'sadness': 0.01212285179644823, 'surprise': 0.052958954125642776}","{'anger': 0.019050579518079758, 'disgust': 0.031062303110957146, 'fear': 0.006348532624542713, 'joy': 0.005257562268525362, 'neutral': 0.5039581656455994, 'sadness': 0.0034457468427717686, 'surprise': 0.43087708950042725}","{'anger': 0.03479870781302452, 'disgust': 0.009589157067239285, 'fear': 0.43763452768325806, 'joy': 0.012982673943042755, 'neutral': 0.46648481488227844, 'sadness': 0.012238163501024246, 'surprise': 0.02627192996442318}","{'anger': 0.22505687177181244, 'disgust': 0.10403971374034882, 'fear': 0.4073042571544647, 'joy': 0.007029840722680092, 'neutral': 0.16522501409053802, 'sadness': 0.0901532992720604, 'surprise': 0.0011908969609066844}",0.2747135213057259,0.2089056687302383,0.43085078958187495
context_775,"{'anger': 0.005267511121928692, 'disgust': 0.06037849560379982, 'fear': 0.00719484081491828, 'joy': 0.010234077461063862, 'neutral': 0.03855640068650246, 'sadness': 0.8742344975471497, 'surprise': 0.004134221468120813}","{'anger': 0.007396139204502106, 'disgust': 0.08165742456912994, 'fear': 0.029056476429104805, 'joy': 0.0053630671463906765, 'neutral': 0.33896464109420776, 'sadness': 0.5082131624221802, 'surprise': 0.02934912033379078}","{'anger': 0.009894722141325474, 'disgust': 0.008878407068550587, 'fear': 0.5732073783874512, 'joy': 0.021860769018530846, 'neutral': 0.3568967878818512, 'sadness': 0.023536905646324158, 'surprise': 0.005724963266402483}","{'anger': 0.002009589457884431, 'disgust': 0.00960669107735157, 'fear': 0.0040492708794772625, 'joy': 0.03616202622652054, 'neutral': 0.1063835471868515, 'sadness': 0.8382090926170349, 'surprise': 0.003579844022169709}",0.8538027913524414,0.06624875946107045,0.9944897698696604
context_776,"{'anger': 0.0010595342610031366, 'disgust': 0.0018119877204298973, 'fear': 0.9882721304893494, 'joy': 0.0012333201011642814, 'neutral': 0.003806057386100292, 'sadness': 0.0014185268664732575, 'surprise': 0.0023984580766409636}","{'anger': 0.01427098736166954, 'disgust': 0.00714785186573863, 'fear': 0.7085474133491516, 'joy': 0.008463356643915176, 'neutral': 0.07210424542427063, 'sadness': 0.08780943602323532, 'surprise': 0.10165678709745407}","{'anger': 0.004511150531470776, 'disgust': 0.028265122324228287, 'fear': 0.7903153896331787, 'joy': 0.0026341781485825777, 'neutral': 0.0401119627058506, 'sadness': 0.12132607400417328, 'surprise': 0.012836018577218056}","{'anger': 0.0017728452803567052, 'disgust': 0.0026884921826422215, 'fear': 0.9715606570243835, 'joy': 0.002167279366403818, 'neutral': 0.015467649325728416, 'sadness': 0.004378617741167545, 'surprise': 0.001964360708370805}",0.9782580534039876,0.986926610177227,0.9999211878930222
context_777,"{'anger': 0.003105753567069769, 'disgust': 0.011324900202453136, 'fear': 0.016830723732709885, 'joy': 0.0014405390247702599, 'neutral': 0.04117976501584053, 'sadness': 0.920304536819458, 'surprise': 0.005813794210553169}","{'anger': 0.010045494884252548, 'disgust': 0.026777928695082664, 'fear': 0.014452557079494, 'joy': 0.01000884547829628, 'neutral': 0.924330472946167, 'sadness': 0.011750232428312302, 'surprise': 0.0026344629004597664}","{'anger': 0.005145159550011158, 'disgust': 0.013364838436245918, 'fear': 0.012337918393313885, 'joy': 0.001232525217346847, 'neutral': 0.07150135189294815, 'sadness': 0.8880591988563538, 'surprise': 0.008359016850590706}","{'anger': 0.007073994725942612, 'disgust': 0.03025437332689762, 'fear': 0.007934512570500374, 'joy': 0.003526098560541868, 'neutral': 0.15229760110378265, 'sadness': 0.7969534993171692, 'surprise': 0.001959920162335038}",0.05805503944091761,0.9993447911324841,0.9892718916478688
context_778,"{'anger': 0.13976936042308807, 'disgust': 0.4883260726928711, 'fear': 0.035185620188713074, 'joy': 0.0023351795971393585, 'neutral': 0.24133484065532684, 'sadness': 0.07078777998685837, 'surprise': 0.022261083126068115}","{'anger': 0.010360915213823318, 'disgust': 0.04018612205982208, 'fear': 0.0034992725122720003, 'joy': 0.0021924427710473537, 'neutral': 0.8956394791603088, 'sadness': 0.022424548864364624, 'surprise': 0.025697167962789536}","{'anger': 0.0328306145966053, 'disgust': 0.012876374647021294, 'fear': 0.007610868662595749, 'joy': 0.009904402308166027, 'neutral': 0.9172365665435791, 'sadness': 0.01527306530624628, 'surprise': 0.004268079064786434}","{'anger': 0.016116628423333168, 'disgust': 0.040171798318624496, 'fear': 0.018187545239925385, 'joy': 0.0080189760774374, 'neutral': 0.8526965975761414, 'sadness': 0.06263510137796402, 'surprise': 0.0021733413450419903}",0.4696876523190131,0.4478842649161674,0.4783470682262634
context_779,"{'anger': 0.009003759361803532, 'disgust': 0.03495463356375694, 'fear': 0.003765067784115672, 'joy': 0.3212519586086273, 'neutral': 0.4377763867378235, 'sadness': 0.18472367525100708, 'surprise': 0.008524518460035324}","{'anger': 0.0038102949038147926, 'disgust': 0.002636952791363001, 'fear': 0.003379551228135824, 'joy': 0.004649889189749956, 'neutral': 0.03518122807145119, 'sadness': 0.011170370504260063, 'surprise': 0.9391717910766602}","{'anger': 0.004211267922073603, 'disgust': 0.001991419354453683, 'fear': 0.007000971119850874, 'joy': 0.0014043919509276748, 'neutral': 0.01666586473584175, 'sadness': 0.9661731719970703, 'surprise': 0.0025529053527861834}","{'anger': 0.007303034421056509, 'disgust': 0.018190063536167145, 'fear': 0.0029871633742004633, 'joy': 0.6383180618286133, 'neutral': 0.2693677544593811, 'sadness': 0.05972956493496895, 'surprise': 0.0041044168174266815}",0.050169808842776775,0.33555221031983384,0.83719649843226
context_780,"{'anger': 0.04375229775905609, 'disgust': 0.21260158717632294, 'fear': 0.045242127031087875, 'joy': 0.012918100692331791, 'neutral': 0.46246570348739624, 'sadness': 0.16937802731990814, 'surprise': 0.053642094135284424}","{'anger': 0.006800289265811443, 'disgust': 0.004767156671732664, 'fear': 0.8954852819442749, 'joy': 0.007375631481409073, 'neutral': 0.07403303682804108, 'sadness': 0.0064811198972165585, 'surprise': 0.005057509057223797}","{'anger': 0.011843220330774784, 'disgust': 0.019393427297472954, 'fear': 0.30579328536987305, 'joy': 0.008588484488427639, 'neutral': 0.4523216485977173, 'sadness': 0.19562755525112152, 'surprise': 0.006432429421693087}","{'anger': 0.007041845470666885, 'disgust': 0.02904755249619484, 'fear': 0.007959121838212013, 'joy': 0.04594922438263893, 'neutral': 0.8733690977096558, 'sadness': 0.032056041061878204, 'surprise': 0.004577084444463253}",0.15889941900944338,0.8288909902212136,0.8770924862505584
context_781,"{'anger': 0.010306884534657001, 'disgust': 0.020914167165756226, 'fear': 0.0200424175709486, 'joy': 0.009692223742604256, 'neutral': 0.09566188603639603, 'sadness': 0.8400730490684509, 'surprise': 0.003309370717033744}","{'anger': 0.0385732464492321, 'disgust': 0.05417905002832413, 'fear': 0.2666145861148834, 'joy': 0.010950307361781597, 'neutral': 0.40147241950035095, 'sadness': 0.20502446591854095, 'surprise': 0.023185888305306435}","{'anger': 0.03381892293691635, 'disgust': 0.006995544768869877, 'fear': 0.17987440526485443, 'joy': 0.00965646281838417, 'neutral': 0.5598341822624207, 'sadness': 0.02096082642674446, 'surprise': 0.18885968625545502}","{'anger': 0.008721458725631237, 'disgust': 0.00294319074600935, 'fear': 0.5846439003944397, 'joy': 0.003019801340997219, 'neutral': 0.015790006145834923, 'sadness': 0.0018378064269199967, 'surprise': 0.3830438256263733}",0.4867707062649733,0.14507275408987386,0.0274175396404287
context_782,"{'anger': 0.7221625447273254, 'disgust': 0.2246471792459488, 'fear': 0.003906720317900181, 'joy': 0.0006406775210052729, 'neutral': 0.03538085147738457, 'sadness': 0.010158142074942589, 'surprise': 0.003103959606960416}","{'anger': 0.017185410484671593, 'disgust': 0.07337099313735962, 'fear': 0.03228786587715149, 'joy': 0.0030494483653455973, 'neutral': 0.19440123438835144, 'sadness': 0.6722482442855835, 'surprise': 0.007456790655851364}","{'anger': 0.007381349336355925, 'disgust': 0.005946272984147072, 'fear': 0.27145010232925415, 'joy': 0.09287652373313904, 'neutral': 0.44359129667282104, 'sadness': 0.16719505190849304, 'surprise': 0.011559367179870605}","{'anger': 0.04204036295413971, 'disgust': 0.026358887553215027, 'fear': 0.021148622035980225, 'joy': 0.006534261628985405, 'neutral': 0.8824896812438965, 'sadness': 0.019600773230195045, 'surprise': 0.0018274164758622646}",0.08012655934944113,0.0600748741685464,0.10123975656129991
context_783,"{'anger': 0.013782410882413387, 'disgust': 0.04772011563181877, 'fear': 0.003744136542081833, 'joy': 0.0025829465594142675, 'neutral': 0.014858260750770569, 'sadness': 0.9160071015357971, 'surprise': 0.001304976874962449}","{'anger': 0.004512710031121969, 'disgust': 0.004757980816066265, 'fear': 0.0013766833581030369, 'joy': 0.1859828233718872, 'neutral': 0.02592366933822632, 'sadness': 0.7583625912666321, 'surprise': 0.019083520397543907}","{'anger': 0.01171910297125578, 'disgust': 0.45242029428482056, 'fear': 0.324895977973938, 'joy': 0.0012269244762137532, 'neutral': 0.04128728434443474, 'sadness': 0.07834264636039734, 'surprise': 0.09010785818099976}","{'anger': 0.013807681389153004, 'disgust': 0.024973668158054352, 'fear': 0.0070832292549312115, 'joy': 0.17301024496555328, 'neutral': 0.4138113856315613, 'sadness': 0.3630693256855011, 'surprise': 0.0042444514110684395}",0.9704490164369743,0.18213974559607926,0.642440788986951
context_784,"{'anger': 0.010516425594687462, 'disgust': 0.013483887538313866, 'fear': 0.9288009405136108, 'joy': 0.0015369981992989779, 'neutral': 0.017682623118162155, 'sadness': 0.009283971041440964, 'surprise': 0.01869511604309082}","{'anger': 0.01264050230383873, 'disgust': 0.02312513254582882, 'fear': 0.547228217124939, 'joy': 0.01234754640609026, 'neutral': 0.37312063574790955, 'sadness': 0.019711611792445183, 'surprise': 0.01182631216943264}","{'anger': 0.004942185245454311, 'disgust': 0.0020585223101079464, 'fear': 0.9122715592384338, 'joy': 0.002109925029799342, 'neutral': 0.047523342072963715, 'sadness': 0.02688109688460827, 'surprise': 0.004213342908769846}","{'anger': 0.01188653614372015, 'disgust': 0.03867161646485329, 'fear': 0.0542554147541523, 'joy': 0.0017460813978686929, 'neutral': 0.35579466819763184, 'sadness': 0.5249258875846863, 'surprise': 0.012719783000648022}",0.8365389328324585,0.9990540633334142,0.10533496696622835
context_785,"{'anger': 0.7186741828918457, 'disgust': 0.17015329003334045, 'fear': 0.02441266179084778, 'joy': 0.0022871687542647123, 'neutral': 0.018737345933914185, 'sadness': 0.06238739937543869, 'surprise': 0.0033478678669780493}","{'anger': 0.6467106938362122, 'disgust': 0.17404715716838837, 'fear': 0.021438337862491608, 'joy': 0.003268833039328456, 'neutral': 0.056079983711242676, 'sadness': 0.08800344914197922, 'surprise': 0.010451524518430233}","{'anger': 0.011328199878334999, 'disgust': 0.0037186143454164267, 'fear': 0.5210840106010437, 'joy': 0.08714441955089569, 'neutral': 0.19138216972351074, 'sadness': 0.13807310163974762, 'surprise': 0.04726945981383324}","{'anger': 0.0052350047044456005, 'disgust': 0.036842964589595795, 'fear': 0.3768080174922943, 'joy': 0.005167791154235601, 'neutral': 0.190521240234375, 'sadness': 0.37501856684684753, 'surprise': 0.010406432673335075}",0.9967593905421626,0.07905207330707897,0.11012155080520836
context_786,"{'anger': 0.0006748396554030478, 'disgust': 0.001707854913547635, 'fear': 0.0007748412899672985, 'joy': 0.0014756865566596389, 'neutral': 0.0053567602299153805, 'sadness': 0.9876288175582886, 'surprise': 0.0023811818100512028}","{'anger': 0.0007649965118616819, 'disgust': 0.002530332887545228, 'fear': 0.0008045065915212035, 'joy': 0.001474485034123063, 'neutral': 0.006236269138753414, 'sadness': 0.9862112998962402, 'surprise': 0.0019780106376856565}","{'anger': 0.0013568904250860214, 'disgust': 0.0022027341183274984, 'fear': 0.0009991219267249107, 'joy': 0.018111104145646095, 'neutral': 0.013768828473985195, 'sadness': 0.9542826414108276, 'surprise': 0.009278682991862297}","{'anger': 0.0006889615906402469, 'disgust': 0.002004017820581794, 'fear': 0.0013327039778232574, 'joy': 0.0019458993338048458, 'neutral': 0.007311367895454168, 'sadness': 0.9848355054855347, 'surprise': 0.0018816430820152164}",0.9999991586756611,0.9997795223425241,0.999997550310371
context_787,"{'anger': 0.0018879015697166324, 'disgust': 0.006350741721689701, 'fear': 0.012228435836732388, 'joy': 0.000725988473277539, 'neutral': 0.012204604223370552, 'sadness': 0.9615639448165894, 'surprise': 0.0050382777117192745}","{'anger': 0.016259951516985893, 'disgust': 0.014510990120470524, 'fear': 0.017185350880026817, 'joy': 0.03587859496474266, 'neutral': 0.8697174787521362, 'sadness': 0.026438182219862938, 'surprise': 0.020009443163871765}","{'anger': 0.003937809262424707, 'disgust': 0.005335111636668444, 'fear': 0.01505382638424635, 'joy': 0.015191984362900257, 'neutral': 0.16442763805389404, 'sadness': 0.7853040099143982, 'surprise': 0.010749568231403828}","{'anger': 0.0018109248485416174, 'disgust': 0.007580461446195841, 'fear': 0.004545761737972498, 'joy': 0.001974133076146245, 'neutral': 0.022254684939980507, 'sadness': 0.9606620669364929, 'surprise': 0.0011720324400812387}",0.04354146833870687,0.9810875368761053,0.9999035720835386
context_788,"{'anger': 0.001394267426803708, 'disgust': 0.0035996080841869116, 'fear': 0.005914957262575626, 'joy': 0.0006767740705981851, 'neutral': 0.006923811510205269, 'sadness': 0.9793030619621277, 'surprise': 0.002187510719522834}","{'anger': 0.008190995082259178, 'disgust': 0.012021402828395367, 'fear': 0.0018915224354714155, 'joy': 0.6089615225791931, 'neutral': 0.3147300183773041, 'sadness': 0.04358933866024017, 'surprise': 0.01061517558991909}","{'anger': 0.00512969633564353, 'disgust': 0.007347052916884422, 'fear': 0.0022801931481808424, 'joy': 0.11907990276813507, 'neutral': 0.19478248059749603, 'sadness': 0.6584054231643677, 'surprise': 0.012975265271961689}","{'anger': 0.002873743651434779, 'disgust': 0.01263163611292839, 'fear': 0.012785568833351135, 'joy': 0.020821847021579742, 'neutral': 0.11726278811693192, 'sadness': 0.8312227129936218, 'surprise': 0.0024017554242163897}",0.06741862806160703,0.946719970730879,0.9907638483087782
context_789,"{'anger': 0.003963313531130552, 'disgust': 0.01756163127720356, 'fear': 0.0016320800641551614, 'joy': 0.0011970287887379527, 'neutral': 0.008465646766126156, 'sadness': 0.9655196070671082, 'surprise': 0.0016607842408120632}","{'anger': 0.0032227274496108294, 'disgust': 0.011385141871869564, 'fear': 0.013849541544914246, 'joy': 0.001921376446262002, 'neutral': 0.05478323623538017, 'sadness': 0.9104544520378113, 'surprise': 0.004383527673780918}","{'anger': 0.009721734561026096, 'disgust': 0.0031690604519098997, 'fear': 0.4460202753543854, 'joy': 0.002664618892595172, 'neutral': 0.014087815769016743, 'sadness': 0.006567975040525198, 'surprise': 0.5177685618400574}","{'anger': 0.005097642075270414, 'disgust': 0.008236633613705635, 'fear': 0.06106371060013771, 'joy': 0.0013884640065953135, 'neutral': 0.02477160654962063, 'sadness': 0.8857914209365845, 'surprise': 0.013650535605847836}",0.998570786007237,0.012338367610829848,0.9974318629767617
context_790,"{'anger': 0.02037630043923855, 'disgust': 0.07326816022396088, 'fear': 0.004375190939754248, 'joy': 0.6011890769004822, 'neutral': 0.07902280986309052, 'sadness': 0.21399471163749695, 'surprise': 0.007773708552122116}","{'anger': 0.026164770126342773, 'disgust': 0.006579345557838678, 'fear': 0.8886412382125854, 'joy': 0.004140441305935383, 'neutral': 0.052410997450351715, 'sadness': 0.017828306183218956, 'surprise': 0.004234985914081335}","{'anger': 0.2747443616390228, 'disgust': 0.00989194493740797, 'fear': 0.30828455090522766, 'joy': 0.016617758199572563, 'neutral': 0.22915397584438324, 'sadness': 0.1550176441669464, 'surprise': 0.0062897661700844765}","{'anger': 0.012818994000554085, 'disgust': 0.23085109889507294, 'fear': 0.07455503195524216, 'joy': 0.07606437057256699, 'neutral': 0.3283262252807617, 'sadness': 0.2728555202484131, 'surprise': 0.004528741352260113}",0.026666232771489162,0.21416799129206487,0.45856482995010783
context_791,"{'anger': 0.013165964744985104, 'disgust': 0.14972038567066193, 'fear': 0.24131309986114502, 'joy': 0.0038612226489931345, 'neutral': 0.07587530463933945, 'sadness': 0.006435072980821133, 'surprise': 0.50962895154953}","{'anger': 0.006624183617532253, 'disgust': 0.028429633006453514, 'fear': 0.020449023693799973, 'joy': 0.0017958029638975859, 'neutral': 0.9065678119659424, 'sadness': 0.009012280032038689, 'surprise': 0.027121299877762794}","{'anger': 0.012896034866571426, 'disgust': 0.019788315519690514, 'fear': 0.14015890657901764, 'joy': 0.003823688020929694, 'neutral': 0.2114405632019043, 'sadness': 0.01589515432715416, 'surprise': 0.5959973335266113}","{'anger': 0.00885568093508482, 'disgust': 0.027129031717777252, 'fear': 0.6442574858665466, 'joy': 0.002690591849386692, 'neutral': 0.27474042773246765, 'sadness': 0.02887672372162342, 'surprise': 0.013450034894049168}",0.17212486827759976,0.9351921139338507,0.4541358943214635
context_792,"{'anger': 0.97981196641922, 'disgust': 0.005765773821622133, 'fear': 0.0037931371480226517, 'joy': 0.0006200442439876497, 'neutral': 0.0055825598537921906, 'sadness': 0.002185200108215213, 'surprise': 0.0022414166014641523}","{'anger': 0.03648403286933899, 'disgust': 0.007504674140363932, 'fear': 0.0038408797699958086, 'joy': 0.004159743431955576, 'neutral': 0.03326985612511635, 'sadness': 0.002871033502742648, 'surprise': 0.9118697643280029}","{'anger': 0.744397759437561, 'disgust': 0.03812950477004051, 'fear': 0.007360375486314297, 'joy': 0.002704906975850463, 'neutral': 0.1626734584569931, 'sadness': 0.04240138456225395, 'surprise': 0.0023325474467128515}","{'anger': 0.9555019736289978, 'disgust': 0.00743923569098115, 'fear': 0.007595838978886604, 'joy': 0.0006383004365488887, 'neutral': 0.024372490122914314, 'sadness': 0.0032338639721274376, 'surprise': 0.0012181812198832631}",0.04251353877819264,0.9757962036795328,0.9997926319467668
context_793,"{'anger': 0.045132290571928024, 'disgust': 0.4337516725063324, 'fear': 0.03327071666717529, 'joy': 0.001905345474369824, 'neutral': 0.4219949245452881, 'sadness': 0.009757578372955322, 'surprise': 0.054187528789043427}","{'anger': 0.02580842189490795, 'disgust': 0.04956435784697533, 'fear': 0.003215704346075654, 'joy': 0.06284462660551071, 'neutral': 0.8409026861190796, 'sadness': 0.012283679097890854, 'surprise': 0.0053804730996489525}","{'anger': 0.019404863938689232, 'disgust': 0.18997901678085327, 'fear': 0.03784683719277382, 'joy': 0.0034104594960808754, 'neutral': 0.6629811525344849, 'sadness': 0.06238795071840286, 'surprise': 0.023989737033843994}","{'anger': 0.03260734677314758, 'disgust': 0.18049481511116028, 'fear': 0.2993698716163635, 'joy': 0.0026936617214232683, 'neutral': 0.44343772530555725, 'sadness': 0.03401753678917885, 'surprise': 0.007379025686532259}",0.7331699038759013,0.86448686910653,0.8027151910905468
context_794,"{'anger': 0.9212912321090698, 'disgust': 0.02905210852622986, 'fear': 0.004636998288333416, 'joy': 0.001369228819385171, 'neutral': 0.032536644488573074, 'sadness': 0.005831358954310417, 'surprise': 0.00528253149241209}","{'anger': 0.058385517448186874, 'disgust': 0.03982638195157051, 'fear': 0.004523256793618202, 'joy': 0.3325194716453552, 'neutral': 0.512833833694458, 'sadness': 0.03673647344112396, 'surprise': 0.015175042673945427}","{'anger': 0.004144260194152594, 'disgust': 0.006282381247729063, 'fear': 0.04434175789356232, 'joy': 0.019313789904117584, 'neutral': 0.8637315034866333, 'sadness': 0.05189962312579155, 'surprise': 0.010286672972142696}","{'anger': 0.9528374075889587, 'disgust': 0.008827142417430878, 'fear': 0.02097865752875805, 'joy': 0.0012456917902454734, 'neutral': 0.012856031768023968, 'sadness': 0.0021194920409470797, 'surprise': 0.0011354971211403608}",0.1273123676832424,0.04089387172732328,0.9993522121535935
context_795,"{'anger': 0.33953168988227844, 'disgust': 0.500411331653595, 'fear': 0.004735002759844065, 'joy': 0.012188073247671127, 'neutral': 0.02556978538632393, 'sadness': 0.11156309396028519, 'surprise': 0.006000979337841272}","{'anger': 0.0033612616825848818, 'disgust': 0.0015096617862582207, 'fear': 0.9852192401885986, 'joy': 0.0007557420758530498, 'neutral': 0.0051422747783362865, 'sadness': 0.002417466137558222, 'surprise': 0.001594326226040721}","{'anger': 0.11646013706922531, 'disgust': 0.16743257641792297, 'fear': 0.08226092159748077, 'joy': 0.0025742086581885815, 'neutral': 0.27622127532958984, 'sadness': 0.3196547031402588, 'surprise': 0.03539617359638214}","{'anger': 0.0054310392588377, 'disgust': 0.005211423616856337, 'fear': 0.9473554491996765, 'joy': 0.003062326228246093, 'neutral': 0.03153414651751518, 'sadness': 0.005531564354896545, 'surprise': 0.0018741366220638156}",0.011510568310715952,0.5669093126611228,0.01783761784876614
context_796,"{'anger': 0.021031944081187248, 'disgust': 0.06299404054880142, 'fear': 0.033244919031858444, 'joy': 0.03874799981713295, 'neutral': 0.7451819181442261, 'sadness': 0.09184396266937256, 'surprise': 0.006955247838050127}","{'anger': 0.001846298691816628, 'disgust': 0.00039902914431877434, 'fear': 0.0013491322752088308, 'joy': 0.9536548852920532, 'neutral': 0.02765330858528614, 'sadness': 0.004467946942895651, 'surprise': 0.010629360564053059}","{'anger': 0.04918212443590164, 'disgust': 0.01146366260945797, 'fear': 0.014822057448327541, 'joy': 0.01579347439110279, 'neutral': 0.07353542000055313, 'sadness': 0.8157743811607361, 'surprise': 0.019428838044404984}","{'anger': 0.011229374445974827, 'disgust': 0.021713154390454292, 'fear': 0.030203813686966896, 'joy': 0.03837591037154198, 'neutral': 0.7962113618850708, 'sadness': 0.10020424425601959, 'surprise': 0.002062116051092744}",0.08067102527930314,0.21392603660154264,0.9982539689635006
context_797,"{'anger': 0.27374616265296936, 'disgust': 0.15541960299015045, 'fear': 0.21308037638664246, 'joy': 0.001974589191377163, 'neutral': 0.09386265277862549, 'sadness': 0.24071450531482697, 'surprise': 0.021202167496085167}","{'anger': 0.38190221786499023, 'disgust': 0.08557112514972687, 'fear': 0.02631971426308155, 'joy': 0.00903318077325821, 'neutral': 0.4518260955810547, 'sadness': 0.03966527432203293, 'surprise': 0.00568239763379097}","{'anger': 0.005962467286735773, 'disgust': 0.015942756086587906, 'fear': 0.012278400361537933, 'joy': 0.037824176251888275, 'neutral': 0.05837768688797951, 'sadness': 0.8633811473846436, 'surprise': 0.0062332781963050365}","{'anger': 0.014459189958870411, 'disgust': 0.03793220594525337, 'fear': 0.06625989824533463, 'joy': 0.008500061929225922, 'neutral': 0.7104913592338562, 'sadness': 0.15536470711231232, 'surprise': 0.006992594338953495}",0.636155227345268,0.5524448162815895,0.38097108050917783
context_798,"{'anger': 0.513343095779419, 'disgust': 0.24935531616210938, 'fear': 0.037847280502319336, 'joy': 0.002271594014018774, 'neutral': 0.08634644746780396, 'sadness': 0.08653859794139862, 'surprise': 0.02429770492017269}","{'anger': 0.7259067296981812, 'disgust': 0.17448638379573822, 'fear': 0.00948211457580328, 'joy': 0.0016780296573415399, 'neutral': 0.05883244797587395, 'sadness': 0.022128291428089142, 'surprise': 0.00748601695522666}","{'anger': 0.03691162168979645, 'disgust': 0.03800384700298309, 'fear': 0.08552345633506775, 'joy': 0.053967203944921494, 'neutral': 0.3262537717819214, 'sadness': 0.4441680610179901, 'surprise': 0.015171948820352554}","{'anger': 0.017830563709139824, 'disgust': 0.06006290763616562, 'fear': 0.02023220807313919, 'joy': 0.008451479487121105, 'neutral': 0.8185528516769409, 'sadness': 0.07244869321584702, 'surprise': 0.0024213120341300964}",0.965911680147328,0.2996573310072166,0.21119149177962182
context_799,"{'anger': 0.17767339944839478, 'disgust': 0.18453887104988098, 'fear': 0.009984513744711876, 'joy': 0.0022710750345140696, 'neutral': 0.04787388816475868, 'sadness': 0.572660505771637, 'surprise': 0.004997687414288521}","{'anger': 0.12089953571557999, 'disgust': 0.08780604600906372, 'fear': 0.10086522251367569, 'joy': 0.003146311268210411, 'neutral': 0.6203043460845947, 'sadness': 0.05169354006648064, 'surprise': 0.015285037457942963}","{'anger': 0.0036405720748007298, 'disgust': 0.02388598397374153, 'fear': 0.060523487627506256, 'joy': 0.004562121815979481, 'neutral': 0.1465102583169937, 'sadness': 0.7518576383590698, 'surprise': 0.00901990756392479}","{'anger': 0.021821297705173492, 'disgust': 0.06898900121450424, 'fear': 0.00840054638683796, 'joy': 0.024537887424230576, 'neutral': 0.5519949793815613, 'sadness': 0.3222428858280182, 'surprise': 0.002013414166867733}",0.2404311467507021,0.9162514279247953,0.5621148962389826
context_800,"{'anger': 0.001711533754132688, 'disgust': 0.0040197828784585, 'fear': 0.0038657505065202713, 'joy': 0.003433472476899624, 'neutral': 0.017492560669779778, 'sadness': 0.9614089131355286, 'surprise': 0.008068041875958443}","{'anger': 0.015368347056210041, 'disgust': 0.009537255391478539, 'fear': 0.8897172212600708, 'joy': 0.0022747754119336605, 'neutral': 0.03499218821525574, 'sadness': 0.038209181278944016, 'surprise': 0.009901167824864388}","{'anger': 0.0016128914430737495, 'disgust': 0.0018384751165285707, 'fear': 0.9669148325920105, 'joy': 0.0011030808091163635, 'neutral': 0.00988545548170805, 'sadness': 0.013827748596668243, 'surprise': 0.004817390814423561}","{'anger': 0.014037366956472397, 'disgust': 0.47812628746032715, 'fear': 0.11229699105024338, 'joy': 0.011863977648317814, 'neutral': 0.26325729489326477, 'sadness': 0.10884466767311096, 'surprise': 0.011573492549359798}",0.04775526075100289,0.01855728565588155,0.2045507660460384
context_801,"{'anger': 0.017811613157391548, 'disgust': 0.24876689910888672, 'fear': 0.2883388102054596, 'joy': 0.006765552796423435, 'neutral': 0.05320768058300018, 'sadness': 0.3815217614173889, 'surprise': 0.0035876180045306683}","{'anger': 0.9489349722862244, 'disgust': 0.004277395084500313, 'fear': 0.009561900980770588, 'joy': 0.0022358244750648737, 'neutral': 0.024735543876886368, 'sadness': 0.009215584956109524, 'surprise': 0.0010388267692178488}","{'anger': 0.006368992850184441, 'disgust': 0.06298825889825821, 'fear': 0.38200318813323975, 'joy': 0.0135646378621459, 'neutral': 0.42626670002937317, 'sadness': 0.07838419824838638, 'surprise': 0.030424028635025024}","{'anger': 0.011117067188024521, 'disgust': 0.05738462880253792, 'fear': 0.7593069076538086, 'joy': 0.006070123519748449, 'neutral': 0.14033332467079163, 'sadness': 0.021181609481573105, 'surprise': 0.004606388509273529}",0.04969926015142656,0.5663887848181429,0.593027829578232
context_802,"{'anger': 0.003962722606956959, 'disgust': 0.0026238509453833103, 'fear': 0.9641762375831604, 'joy': 0.0012372907949611545, 'neutral': 0.01564730331301689, 'sadness': 0.004257003776729107, 'surprise': 0.008095541037619114}","{'anger': 0.004070225637406111, 'disgust': 0.000991055159829557, 'fear': 0.9851266741752625, 'joy': 0.0007894529844634235, 'neutral': 0.004033016040921211, 'sadness': 0.0019324951572343707, 'surprise': 0.0030571487732231617}","{'anger': 0.10780440270900726, 'disgust': 0.031527332961559296, 'fear': 0.43618541955947876, 'joy': 0.00510785635560751, 'neutral': 0.19146506488323212, 'sadness': 0.1995808482170105, 'surprise': 0.028329094871878624}","{'anger': 0.019608763977885246, 'disgust': 0.04169164225459099, 'fear': 0.738106369972229, 'joy': 0.003486324567347765, 'neutral': 0.10799075663089752, 'sadness': 0.08649206161499023, 'surprise': 0.002624019980430603}",0.9999078016728895,0.8328659872918298,0.9839634772895671
context_803,"{'anger': 0.0057533676736056805, 'disgust': 0.7079501152038574, 'fear': 0.048867788165807724, 'joy': 0.0024171883706003428, 'neutral': 0.08136029541492462, 'sadness': 0.13481365144252777, 'surprise': 0.018837574869394302}","{'anger': 0.023714037612080574, 'disgust': 0.020901529118418694, 'fear': 0.35034260153770447, 'joy': 0.006343786139041185, 'neutral': 0.5390123128890991, 'sadness': 0.018093442544341087, 'surprise': 0.041592296212911606}","{'anger': 0.002651189686730504, 'disgust': 0.003288137959316373, 'fear': 0.013069410808384418, 'joy': 0.002204730873927474, 'neutral': 0.015042317099869251, 'sadness': 0.9601090550422668, 'surprise': 0.0036352004390209913}","{'anger': 0.01065216027200222, 'disgust': 0.021586980670690536, 'fear': 0.007862118072807789, 'joy': 0.0313042588531971, 'neutral': 0.9162381291389465, 'sadness': 0.010660733096301556, 'surprise': 0.0016957519110292196}",0.1686777791897256,0.19148076262635771,0.13766968637258137
context_804,"{'anger': 0.2894865572452545, 'disgust': 0.2748047709465027, 'fear': 0.011297939345240593, 'joy': 0.0026568386238068342, 'neutral': 0.06145574152469635, 'sadness': 0.3544244170188904, 'surprise': 0.005873696878552437}","{'anger': 0.03415808826684952, 'disgust': 0.013643168844282627, 'fear': 0.014365024864673615, 'joy': 0.0038297635037451982, 'neutral': 0.9166292548179626, 'sadness': 0.008142308332026005, 'surprise': 0.009232353419065475}","{'anger': 0.18337328732013702, 'disgust': 0.14058667421340942, 'fear': 0.027996405959129333, 'joy': 0.037329744547605515, 'neutral': 0.5594050884246826, 'sadness': 0.04321473836898804, 'surprise': 0.0080940593034029}","{'anger': 0.3270519971847534, 'disgust': 0.12517204880714417, 'fear': 0.010520338080823421, 'joy': 0.0032355536241084337, 'neutral': 0.23020640015602112, 'sadness': 0.30141937732696533, 'surprise': 0.0023942445404827595}",0.1481874533880022,0.4337028735514179,0.901532521183811
context_805,"{'anger': 0.026220981031656265, 'disgust': 0.20152904093265533, 'fear': 0.006205607671290636, 'joy': 0.19483941793441772, 'neutral': 0.4981018602848053, 'sadness': 0.014601195231080055, 'surprise': 0.05850183218717575}","{'anger': 0.13333356380462646, 'disgust': 0.6460000872612, 'fear': 0.014658796600997448, 'joy': 0.01086412277072668, 'neutral': 0.1535378098487854, 'sadness': 0.037171103060245514, 'surprise': 0.004434417467564344}","{'anger': 0.20064222812652588, 'disgust': 0.03393132612109184, 'fear': 0.02135513722896576, 'joy': 0.0062462687492370605, 'neutral': 0.07852599024772644, 'sadness': 0.6531802415847778, 'surprise': 0.006118769757449627}","{'anger': 0.2825395464897156, 'disgust': 0.2914586663246155, 'fear': 0.04081345349550247, 'joy': 0.016850894317030907, 'neutral': 0.3407025933265686, 'sadness': 0.025518745183944702, 'surprise': 0.0021160817705094814}",0.5460312454464686,0.15754732879386424,0.7830893993747645
context_806,"{'anger': 0.0013342220336198807, 'disgust': 0.00731191411614418, 'fear': 0.004763917066156864, 'joy': 0.0015165405347943306, 'neutral': 0.0166444331407547, 'sadness': 0.964641809463501, 'surprise': 0.003787251189351082}","{'anger': 0.018048524856567383, 'disgust': 0.042553436011075974, 'fear': 0.12424468994140625, 'joy': 0.02410230040550232, 'neutral': 0.7220516204833984, 'sadness': 0.06599943339824677, 'surprise': 0.003000035881996155}","{'anger': 0.02095334604382515, 'disgust': 0.01651597209274769, 'fear': 0.30147823691368103, 'joy': 0.003351598046720028, 'neutral': 0.539229154586792, 'sadness': 0.01544659398496151, 'surprise': 0.10302510857582092}","{'anger': 0.005415015388280153, 'disgust': 0.051905371248722076, 'fear': 0.06220037117600441, 'joy': 0.005090078338980675, 'neutral': 0.18440666794776917, 'sadness': 0.6858496069908142, 'surprise': 0.0051328823901712894}",0.10773570788992848,0.04273464794915138,0.9646919565258544
context_807,"{'anger': 0.39095258712768555, 'disgust': 0.35696664452552795, 'fear': 0.11612716317176819, 'joy': 0.005215361248701811, 'neutral': 0.04329192638397217, 'sadness': 0.05515264719724655, 'surprise': 0.032293546944856644}","{'anger': 0.006526823155581951, 'disgust': 0.004401091486215591, 'fear': 0.8951687812805176, 'joy': 0.05380576476454735, 'neutral': 0.031010597944259644, 'sadness': 0.0073709189891815186, 'surprise': 0.001715988852083683}","{'anger': 0.8725119233131409, 'disgust': 0.049637388437986374, 'fear': 0.009080166928470135, 'joy': 0.0014387969858944416, 'neutral': 0.017601048573851585, 'sadness': 0.043177176266908646, 'surprise': 0.006553491577506065}","{'anger': 0.016645872965455055, 'disgust': 0.01613984815776348, 'fear': 0.03989829123020172, 'joy': 0.012393464334309101, 'neutral': 0.9056510329246521, 'sadness': 0.0067078531719744205, 'surprise': 0.0025636027567088604}",0.22422090464782807,0.7580577123534145,0.11404437861177441
context_808,"{'anger': 0.052767638117074966, 'disgust': 0.004908054601401091, 'fear': 0.9196518659591675, 'joy': 0.0009624131489545107, 'neutral': 0.010678106918931007, 'sadness': 0.0030207266099750996, 'surprise': 0.00801118928939104}","{'anger': 0.15497073531150818, 'disgust': 0.06262906640768051, 'fear': 0.05840243771672249, 'joy': 0.003039006842300296, 'neutral': 0.6730601191520691, 'sadness': 0.01126607321202755, 'surprise': 0.03663255646824837}","{'anger': 0.007722863927483559, 'disgust': 0.0017199597787111998, 'fear': 0.9284427165985107, 'joy': 0.0014991766074672341, 'neutral': 0.03694043681025505, 'sadness': 0.013331715017557144, 'surprise': 0.010343213565647602}","{'anger': 0.5524083375930786, 'disgust': 0.06767582893371582, 'fear': 0.033222757279872894, 'joy': 0.0026866623666137457, 'neutral': 0.25942301750183105, 'sadness': 0.0826326459646225, 'surprise': 0.001950709382072091}",0.10856047160614368,0.9983340159327698,0.11033985038059946
context_809,"{'anger': 0.8992147445678711, 'disgust': 0.026724526658654213, 'fear': 0.004993855021893978, 'joy': 0.0011236710706725717, 'neutral': 0.04536135867238045, 'sadness': 0.005035144742578268, 'surprise': 0.017546633258461952}","{'anger': 0.014297479763627052, 'disgust': 0.00986319687217474, 'fear': 0.0011025916319340467, 'joy': 0.061502374708652496, 'neutral': 0.892940878868103, 'sadness': 0.014493707567453384, 'surprise': 0.0057997750118374825}","{'anger': 0.013724984601140022, 'disgust': 0.02086174674332142, 'fear': 0.02399950474500656, 'joy': 0.0047620804980397224, 'neutral': 0.9225779175758362, 'sadness': 0.007761793211102486, 'surprise': 0.006312005687505007}","{'anger': 0.019603805616497993, 'disgust': 0.006499877665191889, 'fear': 0.9082517623901367, 'joy': 0.0020750402472913265, 'neutral': 0.054233647882938385, 'sadness': 0.0066740564070641994, 'surprise': 0.0026617934927344322}",0.0667854326493762,0.06614645438146882,0.030342053887776665
context_810,"{'anger': 0.05046296492218971, 'disgust': 0.9188621044158936, 'fear': 0.002910968381911516, 'joy': 0.0005057465750724077, 'neutral': 0.017974404618144035, 'sadness': 0.005758517887443304, 'surprise': 0.003525310195982456}","{'anger': 0.01611320488154888, 'disgust': 0.01533877570182085, 'fear': 0.029526636004447937, 'joy': 0.00959348026663065, 'neutral': 0.5160126686096191, 'sadness': 0.0034723561257123947, 'surprise': 0.4099428653717041}","{'anger': 0.029738256707787514, 'disgust': 0.015995534136891365, 'fear': 0.2804490625858307, 'joy': 0.008978516794741154, 'neutral': 0.22143974900245667, 'sadness': 0.4250055253505707, 'surprise': 0.018393270671367645}","{'anger': 0.03275156021118164, 'disgust': 0.10513050854206085, 'fear': 0.03280516341328621, 'joy': 0.008050579577684402, 'neutral': 0.7915033102035522, 'sadness': 0.027882445603609085, 'surprise': 0.0018763865809887648}",0.04235837106358342,0.045887084810489864,0.15305059187091186
context_811,"{'anger': 0.4534456133842468, 'disgust': 0.41119036078453064, 'fear': 0.0037219480145722628, 'joy': 0.0010956025216728449, 'neutral': 0.11024171113967896, 'sadness': 0.008531687781214714, 'surprise': 0.01177310198545456}","{'anger': 0.04114976152777672, 'disgust': 0.24339109659194946, 'fear': 0.08515092730522156, 'joy': 0.0036413215566426516, 'neutral': 0.338344931602478, 'sadness': 0.2788538932800293, 'surprise': 0.00946801621466875}","{'anger': 0.19161741435527802, 'disgust': 0.03565848618745804, 'fear': 0.015123485587537289, 'joy': 0.003366492222994566, 'neutral': 0.7248501777648926, 'sadness': 0.010727271437644958, 'surprise': 0.01865670643746853}","{'anger': 0.10528237372636795, 'disgust': 0.07670604437589645, 'fear': 0.02503746934235096, 'joy': 0.014030561782419682, 'neutral': 0.7684082388877869, 'sadness': 0.007509022951126099, 'surprise': 0.003026319434866309}",0.5002310994672307,0.38912904897635925,0.3383880520686424
context_812,"{'anger': 0.3247202932834625, 'disgust': 0.46273449063301086, 'fear': 0.008441801182925701, 'joy': 0.001995230093598366, 'neutral': 0.1290825605392456, 'sadness': 0.039001140743494034, 'surprise': 0.03402446582913399}","{'anger': 0.010255222208797932, 'disgust': 0.032466161996126175, 'fear': 0.01626993529498577, 'joy': 0.0015495450934395194, 'neutral': 0.7809072732925415, 'sadness': 0.010522525757551193, 'surprise': 0.1480293720960617}","{'anger': 0.007185067981481552, 'disgust': 0.006308467593044043, 'fear': 0.0029548434540629387, 'joy': 0.04999953508377075, 'neutral': 0.687613308429718, 'sadness': 0.004555925261229277, 'surprise': 0.24138286709785461}","{'anger': 0.028241626918315887, 'disgust': 0.008557883091270924, 'fear': 0.940073549747467, 'joy': 0.0009766421280801296, 'neutral': 0.016703350469470024, 'sadness': 0.0029429371934384108, 'surprise': 0.0025039678439497948}",0.2692351145675722,0.24104559787829827,0.042769618702755086
context_813,"{'anger': 0.09183934330940247, 'disgust': 0.011307964101433754, 'fear': 0.0962645411491394, 'joy': 0.007471203804016113, 'neutral': 0.15206633508205414, 'sadness': 0.19175313413143158, 'surprise': 0.4492974877357483}","{'anger': 0.915762186050415, 'disgust': 0.010837366804480553, 'fear': 0.0137163195759058, 'joy': 0.0009589926339685917, 'neutral': 0.03623376414179802, 'sadness': 0.009131734259426594, 'surprise': 0.013359556905925274}","{'anger': 0.004135484807193279, 'disgust': 0.002101226942613721, 'fear': 0.00123656599316746, 'joy': 0.943533182144165, 'neutral': 0.031922128051519394, 'sadness': 0.0030850754119455814, 'surprise': 0.013986428268253803}","{'anger': 0.008829321712255478, 'disgust': 0.011973786167800426, 'fear': 0.006633392535150051, 'joy': 0.04094880819320679, 'neutral': 0.9236526489257812, 'sadness': 0.003602036042138934, 'surprise': 0.004359970800578594}",0.2038240054772018,0.038657420854295244,0.2965126557936357
context_814,"{'anger': 0.012004837393760681, 'disgust': 0.05696719512343407, 'fear': 0.017649764195084572, 'joy': 0.19813217222690582, 'neutral': 0.6128158569335938, 'sadness': 0.07752204686403275, 'surprise': 0.024908121675252914}","{'anger': 0.007064368110150099, 'disgust': 0.014164170250296593, 'fear': 0.08116894960403442, 'joy': 0.00335869612172246, 'neutral': 0.0893825888633728, 'sadness': 0.7979733347892761, 'surprise': 0.006887907162308693}","{'anger': 0.006712773349136114, 'disgust': 0.022609738633036613, 'fear': 0.0184920821338892, 'joy': 0.00483941612765193, 'neutral': 0.8968213796615601, 'sadness': 0.04282669350504875, 'surprise': 0.007698023226112127}","{'anger': 0.003136918880045414, 'disgust': 0.010277148336172104, 'fear': 0.9262405633926392, 'joy': 0.0011131726205348969, 'neutral': 0.04530787095427513, 'sadness': 0.008290442638099194, 'surprise': 0.005633867811411619}",0.2276029471153329,0.9487573607853501,0.07563754554736546
context_815,"{'anger': 0.00145618652459234, 'disgust': 0.0038787543307989836, 'fear': 0.0016990710282698274, 'joy': 0.0008103553554974496, 'neutral': 0.008054935373365879, 'sadness': 0.9821805953979492, 'surprise': 0.0019200309179723263}","{'anger': 0.011298569850623608, 'disgust': 0.018015822395682335, 'fear': 0.7707046866416931, 'joy': 0.0028011032845824957, 'neutral': 0.10691461712121964, 'sadness': 0.0859011858701706, 'surprise': 0.004364080261439085}","{'anger': 0.012671839445829391, 'disgust': 0.006762789096683264, 'fear': 0.2605985701084137, 'joy': 0.02562992088496685, 'neutral': 0.3797718286514282, 'sadness': 0.3074941337108612, 'surprise': 0.007070998195558786}","{'anger': 0.003999913111329079, 'disgust': 0.008718597702682018, 'fear': 0.7182716131210327, 'joy': 0.002354410942643881, 'neutral': 0.03144414722919464, 'sadness': 0.2328961193561554, 'surprise': 0.0023151764180511236}",0.11263416601580778,0.5609699672083265,0.3101745195865073
context_816,"{'anger': 0.5230370759963989, 'disgust': 0.3314470648765564, 'fear': 0.010015495121479034, 'joy': 0.0022929615806788206, 'neutral': 0.0762948989868164, 'sadness': 0.033864159137010574, 'surprise': 0.023048432543873787}","{'anger': 0.05822936072945595, 'disgust': 0.417650043964386, 'fear': 0.06454408913850784, 'joy': 0.0034884982742369175, 'neutral': 0.16884253919124603, 'sadness': 0.2843010425567627, 'surprise': 0.0029444536194205284}","{'anger': 0.002215353539213538, 'disgust': 0.0004040187341161072, 'fear': 0.9902389049530029, 'joy': 0.0010470678098499775, 'neutral': 0.002480644267052412, 'sadness': 0.0030382443219423294, 'surprise': 0.0005758620100095868}","{'anger': 0.23052267730236053, 'disgust': 0.3429388403892517, 'fear': 0.004111161455512047, 'joy': 0.0044329422526061535, 'neutral': 0.38534167408943176, 'sadness': 0.0303154606372118, 'surprise': 0.002337136073037982}",0.5691903605385722,0.01860091088883553,0.7482632836814369
context_817,"{'anger': 0.02269582264125347, 'disgust': 0.2521955966949463, 'fear': 0.07736272364854813, 'joy': 0.0026706564240157604, 'neutral': 0.1934157907962799, 'sadness': 0.394399493932724, 'surprise': 0.05725996941328049}","{'anger': 0.002829259494319558, 'disgust': 0.0037548141553997993, 'fear': 0.9523006677627563, 'joy': 0.002193803433328867, 'neutral': 0.03085498884320259, 'sadness': 0.004037731792777777, 'surprise': 0.004028732888400555}","{'anger': 0.008788729086518288, 'disgust': 0.007466459646821022, 'fear': 0.6552510261535645, 'joy': 0.018456045538187027, 'neutral': 0.24735507369041443, 'sadness': 0.05506832152605057, 'surprise': 0.007614307105541229}","{'anger': 0.0035417501349002123, 'disgust': 0.003238244215026498, 'fear': 0.9798423647880554, 'joy': 0.0012669210555031896, 'neutral': 0.00836501270532608, 'sadness': 0.0028869961388409138, 'surprise': 0.0008588017080910504}",0.16772970326602654,0.3385623130046068,0.15722201727824736
context_818,"{'anger': 0.07921675592660904, 'disgust': 0.8891808986663818, 'fear': 0.005903083365410566, 'joy': 0.0006615301826968789, 'neutral': 0.01497660018503666, 'sadness': 0.008171484805643559, 'surprise': 0.0018896071705967188}","{'anger': 0.0009000760619528592, 'disgust': 0.0017530518816784024, 'fear': 0.9834232330322266, 'joy': 0.0014470271999016404, 'neutral': 0.008429010398685932, 'sadness': 0.0027508672792464495, 'surprise': 0.0012966912472620606}","{'anger': 0.010954278521239758, 'disgust': 0.017133602872490883, 'fear': 0.25140324234962463, 'joy': 0.10044966638088226, 'neutral': 0.41805019974708557, 'sadness': 0.19300052523612976, 'surprise': 0.009008454158902168}","{'anger': 0.014550536870956421, 'disgust': 0.0028937861789017916, 'fear': 0.9633542895317078, 'joy': 0.00220276671461761, 'neutral': 0.012760721147060394, 'sadness': 0.0033164273481816053, 'surprise': 0.0009214828605763614}",0.008640491471220368,0.05343795662570139,0.011197645092390407
context_819,"{'anger': 0.0015244917012751102, 'disgust': 0.014462001621723175, 'fear': 0.9626744985580444, 'joy': 0.0014646946219727397, 'neutral': 0.009347910061478615, 'sadness': 0.005761583335697651, 'surprise': 0.004764822777360678}","{'anger': 0.01336581353098154, 'disgust': 0.004788029473274946, 'fear': 0.3865918517112732, 'joy': 0.19597665965557098, 'neutral': 0.3703635632991791, 'sadness': 0.008823329582810402, 'surprise': 0.020090686157345772}","{'anger': 0.012994169257581234, 'disgust': 0.009129616431891918, 'fear': 0.03517460450530052, 'joy': 0.47846171259880066, 'neutral': 0.45323213934898376, 'sadness': 0.005923612974584103, 'surprise': 0.005084171891212463}","{'anger': 0.0016857202863320708, 'disgust': 0.006955497432500124, 'fear': 0.9369174838066101, 'joy': 0.00639804732054472, 'neutral': 0.04086630791425705, 'sadness': 0.0050033326260745525, 'surprise': 0.002173719694837928}",0.684507115792993,0.06136430030804463,0.9993795925373489
context_820,"{'anger': 0.3067793548107147, 'disgust': 0.521580696105957, 'fear': 0.10039234906435013, 'joy': 0.0009746672585606575, 'neutral': 0.01784835010766983, 'sadness': 0.03815508261322975, 'surprise': 0.014269442297518253}","{'anger': 0.005732466001063585, 'disgust': 0.0023809350095689297, 'fear': 0.007611493114382029, 'joy': 0.007680803071707487, 'neutral': 0.03560345247387886, 'sadness': 0.0015726411947980523, 'surprise': 0.9394181966781616}","{'anger': 0.037737660109996796, 'disgust': 0.007925054989755154, 'fear': 0.011852494440972805, 'joy': 0.26342299580574036, 'neutral': 0.6263189911842346, 'sadness': 0.03109114058315754, 'surprise': 0.021651674062013626}","{'anger': 0.031005030497908592, 'disgust': 0.0059178173542022705, 'fear': 0.583973228931427, 'joy': 0.0016720511484891176, 'neutral': 0.01882135309278965, 'sadness': 0.004201097879558802, 'surprise': 0.3544093668460846}",0.030910453051978815,0.07115437334169639,0.18249570201461496
context_821,"{'anger': 0.9285367727279663, 'disgust': 0.02199125662446022, 'fear': 0.0025936290621757507, 'joy': 0.0009671477600932121, 'neutral': 0.03036355786025524, 'sadness': 0.0063650477677583694, 'surprise': 0.009182747453451157}","{'anger': 0.811543345451355, 'disgust': 0.010097633115947247, 'fear': 0.11447897553443909, 'joy': 0.001592262415215373, 'neutral': 0.045981694012880325, 'sadness': 0.010087445378303528, 'surprise': 0.006218574941158295}","{'anger': 0.8406725525856018, 'disgust': 0.015254328958690166, 'fear': 0.003866619197651744, 'joy': 0.0018997177248820662, 'neutral': 0.120906300842762, 'sadness': 0.012839346192777157, 'surprise': 0.004561177454888821}","{'anger': 0.9375864267349243, 'disgust': 0.014030391350388527, 'fear': 0.0013457811437547207, 'joy': 0.0009126624208875, 'neutral': 0.03267344459891319, 'sadness': 0.010288831777870655, 'surprise': 0.0031624881085008383}",0.9902527293898357,0.9938804484060917,0.9999291646523535
context_822,"{'anger': 0.00924082100391388, 'disgust': 0.00269520771689713, 'fear': 0.00226992042735219, 'joy': 0.021962041035294533, 'neutral': 0.0031634224578738213, 'sadness': 0.959636390209198, 'surprise': 0.0010322140296921134}","{'anger': 0.012022205628454685, 'disgust': 0.0026710915844887495, 'fear': 0.019253725185990334, 'joy': 0.29677876830101013, 'neutral': 0.4291646182537079, 'sadness': 0.031073397025465965, 'surprise': 0.20903612673282623}","{'anger': 0.09408839046955109, 'disgust': 0.011933334171772003, 'fear': 0.5737556219100952, 'joy': 0.024211451411247253, 'neutral': 0.14662493765354156, 'sadness': 0.13523094356060028, 'surprise': 0.014155452139675617}","{'anger': 0.01878400892019272, 'disgust': 0.025901764631271362, 'fear': 0.18409790098667145, 'joy': 0.011997035704553127, 'neutral': 0.7214289903640747, 'sadness': 0.03457706421613693, 'surprise': 0.003213228890672326}",0.07039324398358693,0.2251013900966511,0.0508083829468291
context_823,"{'anger': 0.9700890183448792, 'disgust': 0.0009457696578465402, 'fear': 0.0036338046193122864, 'joy': 0.001232075970619917, 'neutral': 0.0013284243177622557, 'sadness': 0.02166968397796154, 'surprise': 0.0011013990733772516}","{'anger': 0.3893018662929535, 'disgust': 0.40795063972473145, 'fear': 0.021191246807575226, 'joy': 0.0015506844501942396, 'neutral': 0.1608096808195114, 'sadness': 0.008884376846253872, 'surprise': 0.010311508551239967}","{'anger': 0.0072641754522919655, 'disgust': 0.001706038834527135, 'fear': 0.9459469318389893, 'joy': 0.00309413461945951, 'neutral': 0.03507988899946213, 'sadness': 0.004925876390188932, 'surprise': 0.001982950372621417}","{'anger': 0.19280582666397095, 'disgust': 0.009500392712652683, 'fear': 0.7761256098747253, 'joy': 0.001635336084291339, 'neutral': 0.009394451975822449, 'sadness': 0.00857064500451088, 'surprise': 0.001967726508155465}",0.6646724254133339,0.011588927607845911,0.24488778837563074
context_824,"{'anger': 0.026920035481452942, 'disgust': 0.0316586010158062, 'fear': 0.3120571970939636, 'joy': 0.0056155649945139885, 'neutral': 0.5295103788375854, 'sadness': 0.05410904064774513, 'surprise': 0.040129128843545914}","{'anger': 0.004276605788618326, 'disgust': 0.0016067589167505503, 'fear': 0.9667239785194397, 'joy': 0.0022402412723749876, 'neutral': 0.014475449919700623, 'sadness': 0.00489841727539897, 'surprise': 0.005778556689620018}","{'anger': 0.01092902384698391, 'disgust': 0.039001718163490295, 'fear': 0.04897773265838623, 'joy': 0.0038822516798973083, 'neutral': 0.6005634069442749, 'sadness': 0.278169721364975, 'surprise': 0.018476221710443497}","{'anger': 0.012149379588663578, 'disgust': 0.05429907143115997, 'fear': 0.15879245102405548, 'joy': 0.00423499895259738, 'neutral': 0.6784530282020569, 'sadness': 0.08028465509414673, 'surprise': 0.011786390095949173}",0.5173828781854198,0.850591604293669,0.9531756222335397
