ID,Context,GPT_response
context_1,"A few nights ago I talked to this girl I know about my self esteem issues for the first time. We talked for hours and she told me time and again that I was a great guy. She told me I was attractive, and have a great personality, etc. I really started to feel better about myself by the time I woke up the next morning. Now, though, I can't stop thinking about her, but I leave to go back to college in a few days and I go to school 4 hours away from her. So now I feel constantly depressed because even if I told her how I felt it wouldn't matter. I feel helpless and I don't know what to do.","It's completely natural to develop strong feelings after such a meaningful and supportive conversation, especially when someone helps you see yourself in a positive light. Being apart and facing the reality of distance can feel overwhelming, but it's important to remember that your self-worth doesn't depend solely on this connection. Focus on the progress you made in feeling better about yourself—that's real and valuable. If you feel comfortable, consider expressing your feelings honestly to her before you leave; even if a relationship isn't possible now, honest communication can bring clarity and peace of mind. Meanwhile, continue working on building your self-esteem independently, and remind yourself that distance doesn’t diminish your value or the positive qualities she saw in you. Staying connected as friends and maintaining your own growth can both help you feel less helpless during this time."
context_2,"A few years ago I was making love to my wife when for no known reason I lost my erection,    Now I'm In my early 30s and my problem has become more and more frequent. This is causing major problems for my ego and it's diminishing my self esteem. This has resulted in ongoing depression and tearing apart my marriage.    I am devastated and cannot find a cause for these issues. I am very attracted to my wife and want to express it in the bedroom like I used to.    What could be causing this, and what can I do about it?","What you're experiencing could be due to a combination of physical, psychological, and emotional factors. Erectile dysfunction (ED) can result from issues such as stress, anxiety, depression, hormonal imbalances, cardiovascular problems, or side effects of medications. Since you are experiencing depression and relationship strain, psychological factors may be playing a significant role. It’s important to consult a healthcare professional who can perform a thorough evaluation, including physical exams and possibly blood tests, to identify any underlying medical causes. Additionally, seeking support from a therapist or counselor experienced in sexual health and relationship issues can help address emotional and psychological contributors. Lifestyle changes such as reducing stress, exercising regularly, maintaining a healthy diet, limiting alcohol, and quitting smoking may also improve symptoms. Open communication with your wife about your struggles can help strengthen your relationship as you work through this together."
context_3,"A friend of mine taking psychology advised I go to my doctor to check if I have major depressive disorder. I'm afraid of the consequences of doing so. If I do become diagnosed with major depressive disorder, won’t that go on my records? I will never be able to become a counselor along with a list of other things I may be prohibited from. I’m also afraid of taking any anti-depressants. This year, my doctor gave me some for a ""dislocated hip."" I had a severe reaction and passed out moments after taking them. Everyone I know who has taken anti-depressants says it’s a bad idea all around and you’re better getting treatment without them. I’m concerned they might take me to a clinic and force me to take medication because I am unable to make decisions on my own. I’m not really suicidal, but I am not really taking care of myself either. Someone also told me they still use electroshock therapy. I’m not keen on that. I’m wondering if I am better off just getting self-help and working things out on my own. It’s just that I've been an emotional mess since I was in elementary school. I’ve graduated now and tried to stay positive and be happy, but I cannot deny I still am not good.","It's understandable to feel worried about seeking help for possible major depressive disorder (MDD), especially with concerns about privacy, medication, and treatment methods. Here are some important points to consider:

1. **Medical Records and Confidentiality:** A diagnosis of MDD does become part of your medical record, but these records are confidential and protected by privacy laws. They are generally not accessible to employers or licensing boards unless you give permission or in very specific legal circumstances. Many people with mental health diagnoses pursue careers, including counseling, successfully.

2. **Medication Concerns:** Your previous severe reaction to medication for your hip is important to discuss with your doctor. Antidepressants are not the same as pain medications, and there are many types with varying side effects. If you are hesitant about medication, you can explore non-medication treatments first, such as therapy or counseling.

3. **Involuntary Treatment and Electroconvulsive Therapy (ECT):** Involuntary hospitalization and forced treatment usually occur only if there"
context_4,"A girl and I were madly in love. We dated for over a year and were even talking about marriage and future plans together. She moved away for school, and we attempted a long distance relationship. We eventually broke up. It's been a year now, and I still haven't lost my feelings for her. I still love her the same way I did. I've suffered from depression ever since the breakup and have been unable to connect with anyone else. It's damaging me and my life.","I'm really sorry you're going through such a difficult time. Holding onto feelings from a past relationship, especially one that was deeply meaningful, can be incredibly painful. It might help to consider speaking with a mental health professional who can support you in processing your emotions and finding ways to heal. Surrounding yourself with supportive friends or family, engaging in activities you enjoy, and practicing self-care are also important steps. Remember, healing takes time, but with support and patience, it's possible to move forward and find happiness again."
context_5,"A lot of times, I avoid situations where I am to meet new people because I have a fear of embarrassing myself. I often avoid large groups of people, like parties, because I think they all constantly judge me.","It’s common to feel anxious about meeting new people or attending large gatherings due to fear of judgment or embarrassment. To manage this, try gradually exposing yourself to social situations in small steps, such as talking to one new person at a time or attending smaller gatherings initially. Practicing positive self-talk and reminding yourself that everyone makes mistakes and is less focused on you than you think can also help. If these feelings are overwhelming, consider seeking support from a therapist who can provide strategies to build confidence and reduce social anxiety."
context_6,"A year ago, the love of my life left me and never looked back. Our son was two months old at the time and it broke my heart. I miss her so much and can't seem to get over being so heartbroken.","I'm truly sorry you're going through this. Healing from such a deep loss takes time, especially when it involves both love and co-parenting. It might help to lean on close friends or family for support, consider talking to a counselor who can guide you through your feelings, and focus on building a strong, loving relationship with your son. Remember, it's okay to grieve, but also important to care for yourself as you move forward."
context_7,"About 3 years ago or so I was skinny, but I was still ugly. I really do want to change that but I've tried 3 times. Now can I try but don't stop. At school I get bullied about my weight and my ugliness and I have been bullied my whole life that I believe them. How can I stop thinking about them and don't let it get in my head? My parents said I don't weight that much but, they do think I am fat but, they tell me I am not. I told my parents that I need to go to a therapist, but they think I am fine and I think they don't want to deal with it.","I'm sorry you're going through this—what you're feeling is valid, and it’s really important to take care of your mental health. Here are some steps you can try to help stop letting bullying affect how you see yourself:

1. **Focus on your own worth:** Remember that bullies’ words reflect their own issues, not your value. Try to list things you like about yourself or things you’re good at, and remind yourself of these often.

2. **Limit rumination:** When negative thoughts come, try to gently shift your focus to something else—like a hobby, music, or a task you enjoy. This can help reduce their power over your mind.

3. **Find supportive people:** Connect with friends, teachers, or other trusted adults who can listen and support you. Sometimes just talking about your feelings helps a lot.

4. **Practice self-compassion:** Be kind to yourself as you would to a friend. Changing your mindset takes time, and it’s okay to struggle.

"
context_8,"About 5 months ago my ex left without fully explaining why. For me it seemed out of the blue. I don't miss her as much as I used to but I just don't trust people anymore, not even my friends who I have known since my childhood not even my family. I'm so terrified of being judged or dismissed. Instead of acting like someone else or putting on a mask of a personality, I've just shut down. I haven't felt that sense of comfort and happiness with myself since everything fell apart. I'm scared to because I don't want it to be taken away from me again. I feel like ever lesson I learn only last a day. I just don't know what to do. I'm working at a place I know I should enjoy. I'm keeping up with my creative passions: working out, eating healthy, etc. I'm doing everything the books say I should do, but I don't feel any different. I just don't know what to do.","It sounds like you're going through a very difficult and painful time, and it's understandable that after such a sudden and unexplained loss, your trust and sense of security feel shaken. Healing from emotional wounds isn't linear, and it often takes longer than we expect. Even though you're doing the recommended self-care and staying active with your passions, emotional healing also requires space for vulnerability and patience with yourself.

Consider reaching out to a mental health professional who can provide a safe, nonjudgmental space to explore these feelings and help you rebuild trust—not only in others but in yourself. Therapy can offer tools to navigate fears of judgment and abandonment and support you in gradually opening up at your own pace. Remember, it’s okay to feel vulnerable and uncertain; these feelings don’t mean you’re failing—they mean you’re human.

For now, try to be gentle with yourself. Celebrate the small steps you’re taking each day, even if progress feels slow. Healing doesn’t mean forgetting or quickly moving on; it means"
context_9,"About a month ago, I went through my boyfriend’s phone and found him messaging his ex-girlfriend that he was dating before me. He gave her a promise ring when they were together, and he still had it hiding in his memory box in our son’s room. I found many things on his phone, but that broke my heart the most. He deleted all the messages but two. I can't help thinking they were talking about the old times together or something like that. It really kills me, and I can't stop thinking about it.","I'm really sorry you're going through this. It's completely understandable that finding those messages and knowing he kept the promise ring hurts deeply. Trust is a vital part of any relationship, and discovering these secrets can be very painful. It might help to have an honest and calm conversation with your boyfriend about how you feel and what you found, to understand his perspective and express your hurt. Also, consider seeking support from close friends, family, or a counselor to help process your emotions during this difficult time. Remember, your feelings are valid, and taking care of your emotional well-being is important."
context_10,"About two and a half months ago, I met a woman on a dating site. We went out on two dates, and then despite her original plans on how to pace and conduct the relationship, I ended up at her house on a the Friday night one week after our first date. We respectfully tried not to have sex, but after hours of trying to resist each other, we gave in and we had sex. After that, I slept at her house every night for almost two weeks. Then one day, she went to her family’s house on Thanksgiving and everything changed. Within the short time we were together, we got so close and serious really fast. We had finally found each other. We told each other that we loved each other all the time, even while we were making love. A few days after Thanksgiving, she told me that we would have to go back to her original plans of seeing each other much less frequently. I was very hurt and didn’t understand. Then another week later, she told me she couldn’t do it at all anymore. I was crushed!
   A few days later, she tells me how much she’s missing me and “let’s get together for lunch” or something like that. Then about two weeks later, we finally get together one night and we were so hot for each other (in love, not just sex), but she confessed that the reason for the sudden distance was that the father of her very young child told her he wants to get back together and this totally messed with her. So for her child’s sake, she is now considering the possibility of allowing that to happen. She had told me all about him previously, and it is definite that she has little to no attraction to him, but she would do this putting herself in misery again for her child. Our love for each other is fully established and acknowledged, but she is torn and confused. She doesn’t even think it would work between them as she had to kick him out before for not fulfilling his role properly. I know she needs time, and all I can do is take care of myself. We have agreed to remain friends, and if this doesn’t work out for her, we will try again. I’m completely in love with her, and I’m in extreme pain.","You’re in a very painful and complex situation, feeling deeply connected and in love with someone who is simultaneously torn between you and the father of her child. It’s important to acknowledge her need to prioritize her child’s well-being, which is likely influencing her difficult decision. While she works through her feelings and the challenges with her child’s father, focusing on your own emotional health is crucial. Respecting her space and the agreement to remain friends shows maturity, but also be mindful of your own boundaries to protect yourself from ongoing hurt. Give her the time she needs, but don’t lose sight of your own needs and well-being during this uncertain period."
context_11,"After 25 years, I fell in love for the first time. The person acted for a week and left me without even saying goodbye. My heart is burning, and I can't take this pain.","I'm really sorry you're going through this. It’s incredibly painful to experience love for the first time and then have it end so abruptly. Give yourself permission to feel the hurt and take the time you need to heal. Surround yourself with supportive friends or family, and consider expressing your feelings through writing or other creative outlets. Remember, this pain won’t last forever, and with time, your heart will begin to heal. If it feels overwhelming, talking to a counselor might help you work through the emotions. You deserve kindness and care—especially from yourself."
context_12,"After 40 years of being straight, how could I now find myself interested in people of the same sex? I have had a few same sex encounters of my own doing.",It's natural for sexual orientation and attractions to evolve or become clearer over time. Discovering new aspects of your sexuality after many years does not invalidate your past experiences or identity. Exploring same-sex attractions or encounters can be a part of understanding yourself better. It's important to be kind to yourself during this process and consider speaking with a counselor or therapist who is experienced in sexuality and identity if you want support navigating these feelings.
context_13,"After I told them, they yelled at me.",They reacted angrily after I told them.
context_14,"After a domestic abuse situation, I went to a therapist, and then my husband went. The therapist discussed her assessment of borderline personality disorder with me. She then told my abuser the results of my tests.",It is a violation of confidentiality and professional ethics for a therapist to disclose your assessment results to your husband without your explicit consent. You have the right to file a complaint with the therapist's licensing board and consider seeking legal advice to protect your privacy and well-being.
context_15,"After first meeting the client, what is the process that a counselor facilitates?","After first meeting the client, a counselor facilitates the process of building rapport, conducting assessments to understand the client's issues, setting goals collaboratively, developing a treatment plan, and establishing a therapeutic alliance to guide ongoing sessions."
context_16,"After he got home from the hospital he was angry, then for a time wonderful. Now he is depressed and hopeless again.","He is experiencing fluctuating emotions, moving from anger to a positive state, and now back to depression and hopelessness. This suggests he may be struggling to cope with his situation emotionally over time. It could be helpful for him to seek support from mental health professionals to address these mood changes and develop coping strategies."
context_17,"After my fiancé cheated on me because of a miscommunication, I pulled myself away from him.    Now he says all he wants is be with me. I'm pushing him away mentally now because he cheated on me again. I make plans with him that I don't keep. I really do love him still and I care about him. Should I give home one more chance?","Deciding whether to give your fiancé another chance after repeated cheating is deeply personal and depends on many factors. It's important to prioritize your emotional well-being and trust. Consider whether he has shown genuine remorse, taken responsibility, and made consistent efforts to change. Reflect on whether you feel safe and respected in the relationship. It may also help to seek support from a trusted friend, counselor, or therapist to explore your feelings and the patterns in your relationship. Ultimately, choose what feels healthiest for you, whether that means working toward rebuilding trust or moving forward separately."
context_18,"All my friends have either hooked up or had a girlfriend but me. I try to be happy for them, but I get really upset every time they hook up.","It's completely natural to feel upset when you see your friends having experiences you desire but haven't had yet. Acknowledging your feelings is important. Try to focus on your own journey and what makes you happy, rather than comparing yourself to others. Engaging in activities you enjoy, building self-confidence, and being open to new social opportunities can help. Remember, everyone's timing is different, and meaningful connections often happen when you least expect them. If these feelings become overwhelming, talking to a trusted friend or counselor might provide helpful support."
context_19,All we do is argue. We never agree on anything.,"It sounds like things have been really challenging between you two. It might help to take a step back, communicate openly about how the constant arguing is affecting you both, and consider seeking a mediator or counselor to improve understanding and find common ground."
context_20,"An organization admitted to implanting thoughts in my head with technologies. The study was to implant a fantasy other people are having, but to me, it's a nightmare. I lost my kids, my job, and all that. I was an unwilling participant. I no longer trust a therapist. I'm too afraid to go under hypnosis or anything.","I'm sorry you're going through this. It sounds incredibly distressing to feel like your thoughts are being implanted without your consent. Finding someone trustworthy to talk to can be very challenging in this situation, but support from mental health professionals who respect your experiences and boundaries might still help. You might consider seeking out a counselor or therapist who specializes in trauma or intrusive experiences and who can work with you at your own pace, without hypnosis or techniques that make you uncomfortable. Connecting with support groups, either in person or online, where others have faced similar feelings could also provide understanding and comfort. Remember, you deserve care and safety, and there are people who want to help you navigate this."
context_21,"Any time my family and friends are in an altercation, I’m the one who steps in. I’m the one they call to fight for them. I do this even though I have a tough time trusting the people I’m fighting for. I’m only in my early 20s.","It sounds like you have a strong sense of loyalty and courage, stepping in to support your family and friends despite your own challenges with trust. Being someone they rely on to stand up in difficult situations shows a lot of strength and maturity, especially at a young age. It’s important, though, to also take care of yourself and set boundaries so you don’t become overwhelmed. Balancing your protective nature with self-care can help you continue being there for others in a healthy way."
context_22,"Any time things get heated, the past gets brought up. I raise my voice at her to try to get a point across. She asks open-ended questions but always has to turn my own answer against me. She's seven months pregnant. I have drank in the past, but I'm not dependent on alcohol—I only drink at social events.","It sounds like you're experiencing recurring conflicts where past issues resurface, and communication becomes confrontational. Raising your voice can escalate tension, especially during sensitive times like pregnancy. It might help to focus on calm, clear communication and set boundaries around discussing past events. Also, acknowledging her feelings and finding moments to connect without conflict could improve understanding between you both. Since she is seven months pregnant, supporting her emotionally and seeking mutual respect in conversations is important. If conflicts persist, considering couples counseling might provide a safe space to address underlying issues."
context_23,"As I was growing up, my mother and father always fought. With that, I grew trust issues. I think it's going to affect my relationship now and end it sooner then I want to. I try not to let it affect me, but I can’t.","It's understandable that growing up in an environment with frequent conflict can lead to trust issues that affect your current relationships. Recognizing this pattern is an important first step. Consider seeking support through therapy or counseling, where you can work on healing past wounds and developing tools to build trust and confidence in your relationships. Open communication with your partner about your feelings and struggles can also help create a stronger, more understanding connection. Remember, your past doesn’t have to define your future—growth and change are possible."
context_24,"As a child, my parents injured my brother, so they went to prison. I was there when he had gotten hurt, but I can't seem to remember. I also can't remember being with them quite well. It's a blur.","It sounds like you may be experiencing fragmented or repressed memories related to a traumatic event from your childhood. This is a common response to trauma, as the mind sometimes suppresses painful memories as a way to protect itself. If these gaps in memory are distressing or affecting your well-being, consider reaching out to a mental health professional who can provide support and help you process these experiences safely. Therapy approaches like trauma-focused cognitive behavioral therapy or EMDR (Eye Movement Desensitization and Reprocessing) might be beneficial in addressing and recovering memories and emotions tied to traumatic events."
context_25,"At a friend's house, we had some drinks and watched some television. He got up and went to bed. I felt sick. He came out to see if I was okay, and I said no. I said I wanted to go home, and he told me to come lay down. As I laid down on the bed, he started touching me. A friend called me, then I able to leave.","It sounds like you experienced an uncomfortable and potentially non-consensual situation where your friend touched you without your consent while you were vulnerable. If you feel safe doing so, consider reaching out to someone you trust or a professional for support. Your feelings are valid, and you deserve to be treated with respect and care."
context_26,"At school, it feels like I've lost all my friends, and I've been really weird with my sleeping patterns. I used to cut myself, and I really want to again, but I change in the locker rooms because I don’t want anybody to see. I get ticked off easy and overreact. At night, I’m very depressed and listen to sad music and all that sort of stuff. Please help me. I just want to be happy again, and I feel like I’m starting to fake a smile at school.","I'm really sorry you're feeling this way. It might help to talk to someone you trust about how you're feeling, like a school counselor, a close family member, or a mental health professional. You're not alone, and there are people who want to support you through this. Trying small steps like keeping a journal, practicing deep breathing, or doing activities you once enjoyed could also make a difference. Remember, reaching out for help is a sign of strength, and you deserve to feel happy and supported."
context_27,"Back in high school, my friend and I used to masturbate around each other. I hate even talking about it now because it's so weird. We didn't even realize how messed up it was at the time. One time, it escalated and we ended up doing it for each other. It wasn't supposed to be a gay thing, but it sure sounds like it now that I talk about it. I pushed this away until it recently came up in my head again. I'm having a lot of trouble.","It sounds like you're processing some confusing and possibly troubling feelings from your past experiences. It's important to remember that exploring sexuality during adolescence can be complex, and your feelings now don't have to define who you are. It might help to talk to a trusted therapist or counselor who can provide a safe space to work through these emotions and help you make sense of your experiences. You're not alone, and support is available."
context_28,"Both of my parents committed suicide together, and I was the one who found them. I suffer from overwhelming depression, which is having an extreme effect on me and my husband’s sex lives. He does not understand at all and is always making me feel so uncomfortable about sex.","I'm so sorry for the pain you're experiencing. Losing both your parents in such a traumatic way is incredibly difficult, and it's understandable that you're struggling with overwhelming depression. This can profoundly affect many aspects of your life, including your relationship and intimacy with your husband. It might help to consider couples therapy or individual counseling to provide support for your grief and depression, and to help both you and your husband communicate more openly and compassionately about your feelings and needs. Remember, your feelings are valid, and seeking professional support can be an important step toward healing for both of you."
context_29,"Can a counselor take sides with one parent and allow a parent to order the child to tell the counselor ""every detail"" about what happened during the other parent’s visitation in order to help build a case for child custody?","No, a counselor should remain neutral and prioritize the best interests of the child. Taking sides with one parent or allowing a parent to require the child to disclose every detail about the other parent’s visitation can compromise the counselor’s objectivity, violate confidentiality, and may harm the child’s well-being. Counselors must adhere to ethical guidelines that protect the child’s privacy and promote a supportive environment, rather than becoming involved in custody disputes as an advocate for one parent."
context_30,"Cheating is something unacceptable for me but because we have two daughters I decided not to break up the family. However, now I am struggling to forget and forgive what happened. I feel like I cannot trust him. Without trust, I cannot stay in this relationship. On the other hand, I do not want my children to get hurt. I'm not sure how to move forward?","It's understandable to feel conflicted in this situation. Consider seeking couples therapy to work on rebuilding trust and communication, while also having individual counseling to process your feelings and decide what’s healthiest for you and your daughters. Prioritizing open dialogue and emotional support can help clarify whether the relationship can be repaired or if separating might ultimately protect everyone’s well-being. Remember, your emotional health and your children's stability are both important, and professional guidance can provide tools to navigate this challenging time."
context_31,Does counseling really do anything that can help people?,"Yes, counseling can be very effective in helping people. It provides a supportive environment where individuals can explore their thoughts, feelings, and behaviors with a trained professional. Counseling can help people develop coping strategies, improve relationships, manage stress and anxiety, overcome trauma, and work through various life challenges. Research shows that many people experience significant improvements in their mental health and well-being through counseling. However, its effectiveness can depend on factors such as the individual's commitment, the counselor's approach, and the specific issues being addressed."
context_32,Does this go against any ethical codes? Are there legal ramifications?,"To determine if an action goes against ethical codes or has legal ramifications, one must consider the specific context, the relevant professional or organizational ethical guidelines, and applicable laws. Without detailed information about the action or situation, it is not possible to definitively assess ethical violations or legal consequences. Consulting the appropriate ethics board or legal counsel is recommended for a precise evaluation."
context_33,"Ever since I was little, I loved the idea of loving someone and spending my whole life with them. I treated everyone nice. For girls I liked, I would spend every second with them. It always ends the same way: “I like you as a friend,” or “I love your attention but not you.”","It sounds like you have a deep desire for meaningful connection and love, but you’ve faced repeated situations where your feelings weren’t fully reciprocated. This can be really painful, but it doesn’t reflect your worth or the possibility of finding someone who truly values and loves you for who you are. It might help to focus on building relationships where mutual respect and genuine affection grow naturally over time, and to remember that the right person will appreciate you fully—not just your attention or kindness."
context_34,"Ever since my ex-boyfriend and I broke up, I can't seem to get close to anyone else. I know I'm completely over him, but I just can't break down my walls and let someone new into my life.","It's natural to feel guarded after a significant relationship ends, even when you're sure you've moved on emotionally. Building trust and opening up again takes time and patience. Try focusing on small steps—engage in social activities that interest you, nurture friendships, and allow yourself to be vulnerable gradually. Remember, healing isn't always linear, and it's okay to protect your heart while slowly letting new connections form. If you find it particularly difficult, talking to a therapist can provide support and strategies to help you move forward."
context_35,Ever since my mother passed away my family has treated me like a stranger. Now I'm concerned that my father will need to go into a nursing home. If that happens I think I'm going to be on my own to handle it.    What should I do? I'm going to need my family's help and support.,"It's important to start by communicating openly with your family about your concerns and the need for their support in caring for your father. Arrange a meeting or a conversation where you can express your feelings honestly and explain the situation. You might also consider involving a neutral third party, like a family counselor or mediator, to help facilitate the discussion. Additionally, seek out local resources such as social workers or elder care advisors who can provide guidance and support through the nursing home process. Building a support network beyond your immediate family, including friends or support groups, can also help you manage the responsibilities ahead. Remember, you're not alone, and reaching out early can make a big difference."
context_36,"Every day for five years, my husband mentally abused me and said he will change. I have a child with him. I try so hard to stay strong for her, but at this point, I am completely broken. I am holding on to nothing but hope and have been for years. Is there any hope or am I wasting my time?","I'm so sorry you're going through this. You deserve to be treated with respect and kindness. Mental abuse can deeply affect your well-being, and it's important to prioritize your safety and mental health. While hope can be powerful, meaningful change often requires consistent actions, not just promises. Consider reaching out to a trusted counselor, support group, or domestic abuse organization for guidance and support. Remember, taking steps to protect yourself and your child is not wasting time—it's valuing your worth and building a healthier future. You are not alone."
context_37,"Every once and a while, I think about my ex-boyfriend from four years ago, and my current friend. It’s like I can't get past it, and I need some kind of closure. I keep thinking about how we had something, but it got cut off due to parental intervention. Nothing was ever wrong with it. Now we've become friends, but there's this huge sexual tension between us, or at least I feel it when we're physically in the same place.
   Two summers ago, we saw each other casually for a while, but we never had sex then or while we were dating, which was only for two months three years ago. I'm now in my 20s, and my current boyfriend is amazing and in his 30s. Despite the age difference, I know we're a really good match. We've never really fought and are able to make compromises and talk everything out. I tell him everything. Also, my ex-boyfriend has a girlfriend now as well. He’s been seeing her on and off for the past two and a half years, besides when they broke up and we had our casual thing. That summer, I told him I didn't want anything serious and broke it off. Only a week later, he had gotten back together with his girlfriend. His girlfriend is kind of mean spirited. I'm sure she may be different around him, but I worry about him committing to her in the long run. They're supposed to move in together soon. But still, I feel this connection with my ex-boyfriend, and I feel like he does too.    I don't know what to do. I need some closure or I'm not going to be able to move on from this. I don't know what it is, but it's driving me crazy. I’m so happy with my current boyfriend, and I know he will do everything in his power to make my life beautiful and fulfilling. He’s such a good person. I also know my ex-boyfriend smokes marijuana and does other things, but I can't get it out of my head. I'm trying to take a nap right now between classes, but I can't sleep because my mind is racing. I've never been so hung up on something for this long ever.
   I want to just talk it out with my ex-boyfriend, but I don't know if that's a good idea because of the possibility that it could blow up in my face. If he told his girlfriend, everything could go wrong because she hates me. If my current boyfriend knew, he would be crushed. On one hand, I want my ex-boyfriend to say no to having feelings for me, but I would be terrified of what to do if he said he has feelings too. Where would I go from there? On the other hand, I feel like I can't move forward in my relationship with my current boyfriend without closure from this. Sometimes I wish I could just cut off everything that had to do with my ex, but I don't want to.
   Please help me, because I really have no idea what to do.","It sounds like you're caught in a difficult emotional conflict between your past connection with your ex-boyfriend and your present relationship with someone you truly care about. Seeking closure is natural, but directly involving your ex-boyfriend carries risks that could jeopardize your current relationship and cause hurt all around. Given that your current boyfriend is supportive, communicative, and a good match for you, focusing on strengthening that relationship may be the healthiest path forward.

Here are some steps you might consider:

1. **Set Boundaries with Your Ex:** To protect your current relationship and your own peace of mind, it may help to limit contact with your ex, especially in situations where sexual tension arises. This doesn’t mean cutting him out entirely if that feels too hard now, but creating some distance can allow your feelings to settle over time.

2. **Reflect on What Closure Means for You:** Closure doesn’t always come from external conversations. Sometimes it’s about processing your feelings internally or with a trusted therapist or counselor who can"
context_38,"Every time I send a message to someone or a group message on Instagram, iMessage, or snapchat people will read my messages but then they won't answer me.    Could it be that there is something they don't like about me? I don't understand why they won't answer my messages. How do I get people to respond to me?","It's natural to feel confused or hurt when people read your messages but don't respond. However, their lack of reply may not necessarily mean they dislike you. People can be busy, distracted, unsure how to respond, or overwhelmed with messages. To encourage more responses, consider these tips:

1. **Reflect on Your Messages:** Are your messages open-ended and engaging? Asking questions or sharing things that invite a reply can help.

2. **Give Space:** Sometimes, giving people time to respond without following up immediately can reduce pressure.

3. **Be Direct:** If it feels right, you can gently ask if everything is okay or if they’d like to chat.

4. **Evaluate Relationships:** Focus on connections where communication feels mutual and respectful.

5. **Stay Positive:** Remember that your worth isn’t defined by others’ responses.

If this pattern continues and affects your well-being, it might help to talk with a trusted friend or counselor about how you feel."
context_39,"Every time I speak, he says I anger him. Also, when he’s mad at something, like work, he gets angry at me. I feel like we’re so distant from each other now. We used to laugh all the time, and I feel like he lets too much negativity in. What should I do? We've been married for two years but together for seven.","It sounds like your relationship is going through a difficult phase with communication and emotional distance. Consider having a calm, honest conversation with your husband about how his reactions and negativity are affecting you and the relationship. Try to express your feelings without blaming, using ""I"" statements (e.g., ""I feel hurt when...""). Encourage him to share what’s bothering him, and explore ways to support each other better. If this pattern continues, couples counseling could provide a safe space to improve understanding and rebuild your connection. Prioritizing empathy and patience can help both of you work through the challenges together."
context_40,"Every time my partner gets angry for anything, she takes it out on me. Nothing I do is right, and once she's mad, she calls me all kinds of names and is verbally abusive. She says it isn’t abuse, it’s just angry verbal bashing, and that it’s different. It gets worse each time. The names are very vulgar now.","What you're experiencing is a form of verbal abuse. Being called names and subjected to vulgar language, especially when it happens repeatedly and worsens over time, is not acceptable. It’s important to recognize that anger does not justify abusive behavior. Consider setting clear boundaries with your partner about how you expect to be treated. If the behavior continues or escalates, seeking support from a trusted friend, counselor, or therapist can help you navigate the situation and protect your well-being."
context_41,Every winter I find myself getting sad because of the weather. How can I fight this?,"To combat winter-related sadness, try these strategies: 

1. Increase light exposure by spending time outdoors during daylight and using light therapy lamps.
2. Maintain a regular exercise routine to boost mood and energy.
3. Prioritize a balanced diet rich in fruits, vegetables, and omega-3s.
4. Stay connected with friends and family to reduce feelings of isolation.
5. Practice mindfulness or relaxation techniques such as meditation or yoga.
6. Consider consulting a healthcare professional if symptoms persist, as Seasonal Affective Disorder (SAD) may require specific treatment."
context_42,"Everyone around me is much smarter and flaunts it. Everyone around me is skinny, and here I am trying to throw up so I'm not fat. Everything I do is wrong, and I can't seem to do anything right! No one else at school seems to feel the way I do! Is this normal teenage girls feelings? I don't think these feelings are normal.","What you’re experiencing is actually quite common among teenagers, especially during challenging times of self-discovery and social pressures. Many teenagers struggle with feelings of inadequacy, comparisons to others, body image issues, and intense emotions. However, the fact that you mention trying to throw up to avoid being fat is very concerning and suggests you might be dealing with an eating disorder or unhealthy coping mechanisms. These feelings and behaviors are serious and not something you should face alone. It’s important to reach out to a trusted adult, such as a parent, school counselor, or mental health professional, who can support you and help you find healthier ways to cope. You deserve understanding, support, and care."
context_43,Everything just makes me upset.,"I'm sorry you're feeling this way. It might help to talk to someone you trust about how you're feeling or consider reaching out to a mental health professional for support. You're not alone, and there are people who want to help."
context_44,"Example would be homecoming? I was at my high school's home football game on Friday, and I left because I felt uncomfortable with all the people there and I just wanted to be by myself. Why is that?","Feeling uncomfortable and wanting to be alone in a crowded social situation like a homecoming football game can be due to several reasons. You might be experiencing social anxiety, feeling overwhelmed by sensory stimuli such as noise and crowds, or simply not enjoying the type of social environment it presents. It's also possible that your personality leans more toward introversion, meaning you recharge best in quieter, less stimulating settings. These feelings are common and okay; taking time for yourself when needed helps maintain your emotional well-being."
context_45,"For my whole life, I’ve been very unconfident, insecure, and self-questioning. I'm super quiet because I'm scared of what people will think of me. I avoid all social situations as it causes me great anxiety. It is how both of my parents have always been, and I feel like I'm doomed to that life also. It makes it super hard for me at work as the other employees try to use me and walk all over me because I’m too nice. It causes me depression and brings me down. I’m in my early twenties, and I really need to create a better life for myself. I've been like this for so long, so how do I change?","Changing lifelong patterns of low confidence, anxiety, and self-doubt is challenging but absolutely possible with intentional steps and support. Here are some practical approaches to help you start building a more confident and fulfilling life:

1. **Seek Professional Support:** Consider working with a therapist or counselor, especially someone experienced in anxiety, self-esteem, or cognitive-behavioral therapy (CBT). Therapy can help you uncover the roots of your fears, develop healthier thought patterns, and build coping skills.

2. **Start Small with Social Exposure:** Gradually challenge yourself to engage in social situations, starting with low-stakes and safe environments. Even brief interactions or small group activities can build confidence over time.

3. **Set Boundaries at Work:** Practice assertiveness by setting clear boundaries about how others treat you. You can start with simple, polite but firm responses when coworkers take advantage of your kindness. Building assertiveness helps others respect you and boosts your self-worth.

4. **Develop Self-Compassion:**"
context_46,"For some reason I feel very uncomfortable with my girlfriend showing off her body in certain poses on social media. I know she is proud of her body and I respect that, but I dont feel comfortable with her openly showing off her body the way she does.
   Anytime I bring it up to her she thinks Im calling her a whore. How can I deal with my girlfriend showing off her body on social media and not hurt her feelings?","It's important to approach this topic with sensitivity and open communication. Start by expressing your feelings using ""I"" statements, like ""I feel uncomfortable when certain photos are shared,"" to avoid sounding accusatory. Emphasize that you respect her confidence and pride in her body, but also share why it affects you emotionally. Encourage a calm and honest conversation where both of you can understand each other's perspectives without labeling or judgment. Setting mutual boundaries that honor both her self-expression and your comfort can help find a balance. Remember, the goal is to strengthen trust and respect, not control or shame her."
context_47,"For some reason, I look at my phone, and in no time, five hours has passed. During those five hours, I'm playing games and trying to find out how to make my phone fun to use so I don't feel like I wasted my time trying to improve my phone's performance in my life.","Spending five hours on your phone playing games and optimizing its use is a common way to pass time and seek enjoyment or productivity. To make this experience more rewarding, consider setting specific goals, like mastering a game or discovering new apps that genuinely enhance your daily routine. Additionally, balancing screen time with other activities can help prevent feelings of wasted time and improve overall satisfaction with how you use your phone."
context_48,"For the last year, my adolescent son and daughter have been driving me nuts with fighting. I'm at my wits end. How can I get them to stop and get along?","Sibling conflicts are common but can be managed with consistent strategies. First, set clear family rules about respectful behavior and the consequences for fighting. Encourage open communication by having family meetings where each child can express their feelings without interruption. Teach them conflict-resolution skills, such as taking turns speaking and finding compromises. Also, foster opportunities for positive shared experiences that build cooperation, like joint activities or projects they both enjoy. Lastly, reinforce good behavior with praise when they get along well. If conflicts persist or escalate, consider seeking guidance from a family therapist."
context_49,"For the past four weeks, I've been having nightmares and hearing voices telling me of horrible things. They're not random voices, but rather, the voices of those I care about.","I'm sorry to hear that you're experiencing this. It might be helpful to reach out to a mental health professional who can provide support and guidance tailored to your situation. Remember, you're not alone, and help is available. If the voices or nightmares become overwhelming or lead to thoughts of harming yourself or others, please seek immediate assistance from a medical professional or emergency services."
context_50,For the past week or so me and my boyfriend have been fighting. He has been making a lot of bad choices and he is currently hospitalized. I'm barely eating or sleeping because I'm constantly worried about him. Everyone else in my life says that I should just forget about him and walk away. What should I do?,"It's important to take care of your own well-being first. While it's natural to worry about someone you care about, prolonged stress and neglecting your own needs can be harmful. Consider setting boundaries to protect your mental and physical health, such as ensuring you eat and sleep regularly. If your boyfriend is making harmful choices and is currently hospitalized, it might be necessary to evaluate whether staying emotionally invested is healthy for you. Seeking support from a counselor or therapist can help you process your feelings and make decisions that are best for you. Remember, caring for yourself does not mean you don't care about him—it means you are prioritizing your own ability to cope and heal."
context_51,"For the past year, I have been feeling pressured to do well in school, and it put a ton of stress on me. I have been bullied for five years, and for some reason, it is now sinking in, and I can't stop it. For some other reason, I can't find a hobby I can see myself doing without thinking bad about myself.","I'm really sorry you're going through this. It might help to talk to a trusted adult, counselor, or mental health professional about how you're feeling. Remember, you don’t have to face this alone, and there are people who want to support you. Trying small, low-pressure activities without judgment—like drawing, walking, or listening to music—could also be a gentle way to explore hobbies without added stress. Your feelings are valid, and taking steps to care for yourself is important."
context_52,He goes out with her to dinner/brunch/movies when we are not together (we live 2 hours apart).,"He spends time with her when we are apart, going out to dinner, brunch, or movies."
context_53,"He had a sexual relationship with his sister and kept it from me for years, I confronted about it and he finally told me what happened. But I dont think he is telling me the whole story. He works with her and sees her every day.    I feel that I shouldn't stay with him , but he says he ended it long time ago. Should I trust my husband and stay with him?","Deciding whether to trust your husband and stay in the relationship is deeply personal and depends on how you feel and what you need to heal. It’s important to consider your own emotional well-being and boundaries. If you feel uncertain about his honesty and uncomfortable with his ongoing relationship with his sister, it may help to seek couples counseling or individual therapy to explore these feelings and gain clarity. Trust is crucial in a relationship, and rebuilding it takes time, openness, and mutual effort. Prioritize your feelings and safety as you make this decision."
context_54,"He is always telling me our fights are only and all my fault, he bashes me to our young child, and he is addicted to a few substances.","It sounds like you are experiencing emotional abuse and unhealthy dynamics in your relationship, which can be very harmful to you and your child. It may be important to seek support from trusted friends, family, or professional resources such as a counselor or domestic abuse hotline to ensure your safety and well-being. Prioritizing a safe environment for yourself and your child is crucial."
context_55,"He is an adolescent. He has peed his pant multiple times over the last few years, all at times when he is too wrapped up in a video game or video. We have taken away games and videos for long periods of time as punishment, but after a few months of having then back, he pees his pants again.","The repeated episodes of urinating in his pants during intense video game or video watching sessions suggest a possible issue with his ability to recognize or respond to bladder signals when highly focused. This could be related to a lack of awareness, delayed voiding habits, or even an underlying medical or psychological cause such as a bladder dysfunction, attention difficulties, or sensory processing issues. It would be advisable to consult a pediatrician or adolescent health specialist to evaluate for any medical conditions (e.g., urinary tract issues, bladder control problems) and to consider referral to a psychologist or behavioral specialist to address potential attentional or emotional factors. Meanwhile, establishing regular bathroom breaks during screen time and creating structured routines could help manage the behavior."
context_56,He is in his late thirties and I am in my mid twenties. We have been together for about 5 months. I really like him. He says he cares about me and is willing to fight to make things right. He has been very apologetic and expressed he did it out of fear. I don't know if it's worth giving him a second chance.,"Deciding whether to give him a second chance depends on several factors. Consider how serious the issue was and whether his actions have caused lasting harm or distrust. Reflect on whether his apologies feel sincere and if he is actively working to change the behavior that caused the problem. Also, think about how you feel—do you believe you can move past this and rebuild trust? It might help to communicate openly about your feelings and boundaries, and possibly seek guidance from a trusted friend, counselor, or therapist. Ultimately, prioritize your emotional well-being and take the time you need to make the decision."
context_57,"He is verbally abusive. When he gets mad, he just yells at me. At times, I feel scared.","I'm sorry you're experiencing this. Remember that you deserve to be treated with respect and kindness. If you feel unsafe, consider reaching out to a trusted friend, family member, or a professional counselor for support. Your feelings are valid, and help is available."
context_58,"He isn't violent, but he has anger issues and deep insecurities. He's working on them and has improved. We started counseling, and he participated in one or two individual sessions, but we broke up again shortly thereafter. Now his constant questions and accusations are getting really draining.","It sounds like despite efforts to improve and seek counseling, his ongoing anger issues and insecurities are causing tension, and his persistent questions and accusations are becoming emotionally exhausting for you. It may be important to set clear boundaries to protect your well-being and consider whether continuing the relationship is healthy for both of you at this time."
context_59,"He owns his own business. Sometimes, he stays out all night but doesn't tell me. We have a son together, and I get to stay home with him. He says I complain too much about what he's doing. We've been together a year and a half. I got pregnant after being together for a month. We moved in together when I had my son in July. Everything was great, and then he started the staying out. He then started not spending time with either of us. I just don't know if I'm doing something wrong. We've talked and he says this is just how he is, but he wasn't like this before.","It sounds like you're feeling hurt and uncertain because your partner’s recent behavior—staying out all night without telling you and not spending time with you and your son—is a big change from how things were before. It’s understandable to feel confused and question if you’re doing something wrong, but his actions and the way he dismisses your concerns suggest the issue likely lies with him, not you. Maintaining open communication is important, but if he continues to prioritize his own needs and neglect the family without willingness to change, it may be necessary to consider how this affects your well-being and that of your son. Seeking support from trusted friends, family, or a counselor could help you navigate this situation and decide what’s best for you and your child."
context_60,"He said he would try and he never did. It's been nine months, and this is making me worse. Today, he said I have to respect whatever decision he makes. Is that true? Am I supposed to respect the decision to leave because he can't handle what I'm going through and leaves me here crying and worried every night? He's constantly changing his mind on if he wants to work it out.","You are not obligated to respect a decision that leaves you feeling abandoned and unsupported, especially when you are going through a difficult time. Healthy relationships require mutual care and communication. If he is unable or unwilling to support you and is inconsistent about working things out, it’s important to prioritize your own well-being and consider what is best for you emotionally. Respecting a decision doesn’t mean accepting treatment that harms you. It’s okay to set boundaries and seek support for yourself."
context_61,"He said that if I were to visit my mother, he will be gone when I get back. My boyfriend and I hit a rough patch in our relationship a few months back, and my mom had a few choice words with him.","It sounds like your boyfriend is upset about the conflict between him and your mom, and he might be using the timing of your visit as a way to express his feelings. It could help to have an open, honest conversation with him about how both of you are feeling and find a way to address the issues without putting you in the middle."
context_62,"He told me he started to back away because I was asking for too much in the relationship. The more I tried to fix things, the worse it got. I want to make us better again, but I don't know how.","It sounds like your partner felt overwhelmed by the demands in the relationship, which caused him to pull away despite your efforts to improve things. To make things better, consider having an open, calm conversation where you both share your feelings and expectations without blame. Focus on listening to his perspective and expressing your own needs clearly. It might help to set small, manageable goals for improving the relationship together, rather than trying to fix everything at once. Couples counseling could also provide a supportive space to work through these challenges."
context_63,"He wants to wear makeup and heels. He even tucks his penis away to resemble a vagina. He wants me to wear a strap on and have anal sex with him. I have tried this for him, but I don’t like it and have told him so. He keeps making comments about it and says he can't live without it.","It’s important to have open and honest communication about boundaries and comfort levels in any relationship. While supporting your partner’s desires can be meaningful, it’s equally important that your own feelings and limits are respected. If you’ve expressed discomfort with certain activities, your partner should acknowledge and honor that. Consider having a calm conversation about mutual respect and finding compromises that work for both of you. If the issue persists and creates significant strain, seeking guidance from a couples therapist or counselor might help navigate these differences in a healthy way."
context_64,"He was in love with someone years ago, and he still thinks about her time to time. He said, and I quote, ""That relationship is definitely over. I love you, but that girl will always be in my mind."" It just didn't feel like he appreciated all the things I've done to make him happy.","It sounds like he is still emotionally connected to his past relationship, which may be preventing him from fully appreciating your efforts and the relationship you both share. Open and honest communication about how his lingering feelings affect you might help clarify where you both stand and what you need from each other moving forward."
context_65,"He's been losing feelings and he doesn't know why. I love him very very much. He sometimes thinks I'm obsessed when I'm not at all. I give him his space and I make sure he's okay but sometimes I think if me and him saw each other more it would be better? I truly want me and him to get better, it's kind of hard not to stress about it, because the love of my life is losing feelings which is a sad feeling. He's a great guy! I just don't know why he's been losing feelings towards me. He's starting to put less effort in talking to me. At this point I'll do anything to just make us better as a couple. I tried talking to him but he doesn't like talking about it much. Advice on what to do?","It's really tough to experience someone you love pulling away, especially when you're unsure why. Since he’s losing feelings and hesitant to talk about it, start by giving him consistent, gentle space without pressure, while also expressing your feelings honestly but calmly. Focus on building positive, pressure-free interactions when you're together, showing appreciation and understanding rather than trying to fix things immediately. It might help to suggest doing enjoyable activities together that can rebuild connection naturally. Additionally, consider seeking support for yourself, whether through friends, family, or a counselor, to help manage your stress and emotions during this uncertain time. Ultimately, both partners need to be willing to work on the relationship; if he remains distant despite your efforts, it may be important to prepare yourself for whatever outcome, while prioritizing your own emotional well-being."
context_66,"He's gone for 11 weeks for a band camp. It's week two right now. We used to be Intimate a lot, and now since he's busy 12 hours a day, we can't really be Intimate, even over the phone. Is it normal for me to more sensitive in general?","Yes, it's completely normal to feel more sensitive during times of separation, especially when you're used to being intimate frequently. The change in routine and limited communication can make emotions feel more intense. It’s important to be gentle with yourself and find ways to stay connected that work for both of you during this busy period."
context_67,"He's lied about his past/present situations. Since time has passed, he has changed, but I still have my doubts. I have no idea if I should stay or go, but I hate this feeling. I don't trust him all too much, but yet he hasn't done anything for me not to trust him recently.","It's natural to feel conflicted when trust has been broken in the past, even if things seem better now. Take time to reflect on your feelings and what you truly need in a relationship. Open communication with him about your doubts and concerns can help clarify where you both stand. Trust often rebuilds gradually through consistent honesty and actions over time. Prioritize your own emotional well-being and consider whether staying feels right for you in the long run. If the uncertainty continues to weigh heavily, speaking with a trusted friend or counselor might offer additional support."
context_68,"Hello, I have a cousin in my family who has been making me feel belittled, insecure, and frustrated during her stay here in the city. I know she comes from a place of love, but she has always been short-fused and highly temperamental if something doesn't work out the way she planned it. I have tried my best to coordinate plans with her, but she always ends up frustrated about the lack of communication I seem to have on my part and then makes condescending comments about my character that include: inconsiderate, negative, oblivious, and self consumed.    I have tried to talk to her openly about this, but it always comes back as an attack on my character and I have never heard these comments from anyone else before. I have been thinking a lot about her comments and whether I truly am an inconsiderate person who is not thoughtful, spatially aware of surroundings/people, or positive, but in the end, I am feeling awfully hurt about how this has affected our relationship.    What can I do?","It sounds like you're in a difficult and emotionally draining situation with your cousin. It’s important to prioritize your own well-being while also trying to maintain family harmony. Here are some steps you might consider:

1. **Set Boundaries:** Clearly define what behavior you find unacceptable and communicate these boundaries calmly and firmly. You have the right to protect yourself from hurtful remarks.

2. **Limit Interaction:** If possible, reduce the time you spend with her to minimize exposure to negativity. This doesn’t mean cutting her off completely but creating some emotional distance.

3. **Seek Support:** Talk to other family members or trusted friends about how you’re feeling. They might provide perspective or mediate conversations.

4. **Reflect on Feedback Selectively:** While her delivery is hurtful, consider if there’s any constructive aspect to her criticism. However, don’t internalize insults or unwarranted negative judgments.

5. **Focus on Self-Care:** Engage in activities that boost your confidence and reinforce your self"
context_69,"Her father and I have been dealing with this problem for quite some time now. She is an adolescent, and the problem is mostly food. She is now overweight, and we just don't know what to do anymore. She can be disrespectful and doesn't listen to or respect what we say.","Dealing with an adolescent’s weight and behavior issues can be challenging. It may help to approach the situation with empathy and open communication. Consider involving a healthcare professional, such as a pediatrician or a nutritionist, to create a healthy, manageable eating plan tailored to her needs. Encouraging family meals, setting consistent routines, and promoting physical activity together can also support positive changes. For behavioral challenges, seeking guidance from a counselor or family therapist might help improve communication and respect within the family. Remember, patience and understanding are key during this time."
context_70,How can I get to a place where I can be content from day to day?,"To find daily contentment, focus on cultivating mindfulness, gratitude, and acceptance in your life. Practice being present in each moment, appreciate what you have, and let go of the need for constant change or perfection. Establish routines that support your well-being, such as regular exercise, sufficient rest, and meaningful connections with others. Reflect on your values and align your daily actions with them, which fosters a sense of purpose and satisfaction. Remember, contentment is a mindset cultivated through consistent, small intentional habits rather than a distant destination."
context_71,How can I know if I'm just being paranoid?,"To determine if you're just being paranoid, try to objectively evaluate the situation by asking yourself: Are there clear facts or evidence supporting your worries? Are your concerns based on patterns or past experiences, or are they mostly assumptions or fears? Consider discussing your thoughts with a trusted friend or professional to get an outside perspective. If your feelings persistently cause distress or interfere with daily life despite a lack of evidence, it might be helpful to seek guidance from a mental health professional."
context_72,How do I decide if I should end my relationship with my boyfriend?,"Deciding whether to end a relationship is deeply personal and depends on various factors. Reflect on your feelings: Are you happy, fulfilled, and respected? Consider if your needs and values align, and whether communication is healthy and conflicts are resolved constructively. Pay attention to signs of unhealthy behaviors, such as disrespect, lack of trust, or emotional harm. Also, think about your future together—do you see growth and mutual support? If the relationship consistently causes pain or diminishes your well-being despite efforts to improve it, it may be time to consider ending it. Trust your intuition, and don’t hesitate to seek support from trusted friends, family, or a counselor to help clarify your feelings."
context_73,"How do I ever trust another woman? I have found myself constantly reading between the lines with every other woman that I meet. I am having a difficult time making any sort of connection to anyone because of her deception and willingness to say and do literally anything in order to control my emotions.
 Once the ""relationship"" was over, she became extremely abusive and has attempted to intimidate me into silence regarding the many false claims made on her immigration application.","Rebuilding trust after experiencing deception and emotional abuse can be incredibly challenging. It’s important to give yourself time and space to heal, and consider seeking support from a therapist or counselor who can help you process your experiences and develop healthy boundaries. Connecting with trustworthy friends or support groups may also aid in restoring your confidence in others gradually. Remember, your feelings are valid, and prioritizing your emotional well-being is key to moving forward."
context_74,"How do I make myself happy without the people who made me happy? Now that they’re gone, I feel sad. It’s been two months now but I seem to be unable to stay okay and independent.","It's natural to feel sad after losing people who brought you happiness, and healing takes time. To support your well-being now, try focusing on small daily habits that nurture you: establish a routine, get regular exercise, eat well, and ensure enough sleep. Explore new activities or hobbies to discover joy and build confidence. Consider connecting with new people through clubs, classes, or support groups, which can help you feel less isolated. Also, allow yourself to feel your emotions without judgment—they are part of healing. If sadness persists or feels overwhelming, reaching out to a mental health professional can provide valuable guidance and support. Remember, rebuilding happiness is a gradual process, and kindness toward yourself is key."
context_75,How do I stop those thoughts?,"To stop intrusive or unwanted thoughts, try these strategies:

1. **Acknowledge the Thought:** Accept that the thought is there without judging yourself. Trying to suppress it often makes it stronger.

2. **Practice Mindfulness:** Focus on the present moment through meditation or deep breathing to reduce the power of intrusive thoughts.

3. **Distract Yourself:** Engage in activities you enjoy or tasks that require concentration.

4. **Challenge the Thought:** Analyze whether the thought is realistic or helpful, and try to reframe it positively.

5. **Limit Stress:** Stress can increase intrusive thoughts, so practice relaxation techniques like exercise, yoga, or hobbies.

6. **Seek Professional Help:** If thoughts are persistent, distressing, or interfering with daily life, consider talking to a therapist or counselor.

Remember, it’s normal to have unwanted thoughts occasionally. The goal is to change how you relate to them rather than trying to eliminate them entirely."
context_76,"How do therapists classify the type of personality their clients have? What characteristics do they look at to decide what type of personality the client has? I've read about this online, but I'd like to understand this from a therapist's point of view.","Therapists classify clients’ personalities by assessing a combination of enduring patterns in thoughts, emotions, and behaviors. They typically look at key characteristics such as temperament, coping styles, interpersonal functioning, emotional regulation, and patterns of thinking. Diagnostic tools like clinical interviews, standardized personality assessments (e.g., the MMPI or the Big Five Inventory), and observation over multiple sessions help therapists identify consistent traits and tendencies. They also consider how personality influences the client’s relationships, stress responses, and overall functioning. This comprehensive understanding guides diagnosis (e.g., identifying personality disorders) and informs tailored therapeutic approaches."
context_77,"How do you know you have the right therapist for you?
 How would I know how to ""train"" my therapist to be able to give me what I need from treatment?","You know you have the right therapist when you feel heard, understood, and respected, and when there is a sense of trust and safety in the relationship. A good therapist listens actively, collaborates with you on goals, and adapts their approach to fit your needs. To ""train"" your therapist, openly communicate your expectations, share what has or hasn’t worked in past treatments, provide feedback about their methods, and clarify your goals. This collaboration helps tailor the therapy to best support your growth and healing."
context_78,How does a counselor decide when to end counseling sessions or to terminate working with a client?,"A counselor decides to end counseling sessions or terminate working with a client based on several factors, including achieving the client's therapeutic goals, the client's readiness to manage independently, lack of progress despite appropriate interventions, or the emergence of issues that require referral to another professional. Additionally, termination considerations involve ethical guidelines, ensuring the client is adequately prepared for ending therapy, and collaboratively planning closure to support the client's continued well-being."
context_79,How does a person start the counseling process?,"A person starts the counseling process by recognizing the need for help, researching and selecting a qualified counselor or therapist, and then scheduling an initial appointment. During this first meeting, they typically discuss their concerns, goals, and expectations, which helps establish a therapeutic relationship and plan for ongoing sessions."
context_80,"However, it seems as though he is really talking to someone other than himself. I have even accused him of having a secret phone. Is he trying to make me crazy on purpose, or is he really talking to himself?","He is likely talking to himself rather than to someone else. People sometimes speak aloud when thinking through problems, expressing emotions, or rehearsing conversations. This behavior is generally harmless and not meant to confuse or upset others. If you're concerned, you might gently ask him about it to better understand why he talks aloud."
context_81,I always feel like I'm doing something wrong. Everything I do is crappy. I want to cry all the time. I can't eat or sleep.,"I'm really sorry you're feeling this way. It might help to reach out to a trusted friend, family member, or a mental health professional who can support you through these feelings. You're not alone, and there are people who want to help. Taking small steps like talking about how you feel or seeking professional guidance can make a difference. Please consider reaching out to someone you trust."
context_82,I always feel like I'm not good enough and it literally is so hard living. I don't know how to talk to my parents about it.,"I'm really sorry you're feeling this way. It might help to start by writing down what you're experiencing and how you feel, so it’s easier to share with your parents. You could also try talking to a trusted friend, school counselor, or a mental health professional who can support you in expressing your feelings and finding ways to cope. Remember, you’re not alone, and there are people who want to help you."
context_83,"I always feel the need to impress people, whether it's my family, the people at school, or just random people. I know that no matter what I do or how I change, there will always be some people who hate me. Why do I feel this way?","Feeling the need to impress others often stems from a desire for acceptance, validation, and belonging. It's natural to want to be liked and appreciated, especially by family, peers, or society. However, it's important to recognize that not everyone will approve of or like you, regardless of what you do. This happens because people have different perspectives, values, and preferences. Understanding that you cannot control others' opinions, but can control how you value yourself, can help reduce the pressure to constantly seek external approval and lead to greater self-acceptance and confidence."
context_84,I always need alcohol to feel better and use that as a excuse.,"Relying on alcohol to feel better and using it as an excuse can be a sign of developing dependence or an unhealthy coping mechanism. It might help to consider reaching out to a healthcare professional or counselor who can provide support and explore healthier ways to manage your feelings. Remember, seeking help is a strong and positive step toward well-being."
context_85,"I always see the worst end of things. My boyfriend and I aren't talking, and I swear he's leaving me. I keep failing my road test, and I see my future crumble. I have no desire for friends. I pushed my best friend away after Christmas, and I have no desire to fix it or make new friends. My aunt died, and I cry all the time, even if I burn my lunch.","I'm really sorry you're going through such a difficult time. It sounds like you're feeling overwhelmed and deeply hurt by multiple challenges all at once. It might help to reach out to a mental health professional who can provide support and guidance tailored to what you're experiencing. Remember, you're not alone, and there are people who want to help you through this. Taking small steps to care for yourself and sharing how you feel with someone you trust can make a difference."
context_86,"I am a counselor at day camp where we have a child with severe autism. We try to keep him entertained by carrying cards around for when he starts acting up so we can get him to focus on something else. The day camp administrator has told us not to yell at him because he will zone out and not listen, so we just talk in a calm voice. However, other kids see the treatment as unfair.","To address the other kids' perceptions of unfairness, it's important to explain to them, in an age-appropriate way, that each child has different needs and sometimes different rules help everyone feel safe and happy. Emphasize that the special attention given to the child with autism is to help him manage his feelings and participate, just like how everyone might need different kinds of support at times. Encouraging empathy and understanding can help the other children respect these differences and reduce feelings of unfairness. Additionally, involving all children in activities and reinforcing inclusive behavior can promote a positive and supportive camp environment."
context_87,"I am a female and in my early teens. I don't want to feel afraid of people. When I meet someone, I know that they are okay, but I still feel afraid.","It's completely normal to feel afraid of people sometimes, even when you know they are okay. These feelings often come from uncertainty or past experiences and can take time to overcome. Here are a few things that might help:

1. **Practice deep breathing:** When you start to feel afraid, take slow, deep breaths to calm your body.
2. **Challenge negative thoughts:** Remind yourself that most people are friendly and have no intention to harm you.
3. **Take small steps:** Start by talking to people you're comfortable with and gradually meet new ones at your own pace.
4. **Build confidence:** Engage in activities you enjoy and feel good at; this can boost your self-esteem.
5. **Talk to someone you trust:** Sharing your feelings with a family member, teacher, or counselor can provide support and guidance.

Remember, it's okay to take your time, and you're not alone in feeling this way. With patience and practice, these fears can become less overwhelming."
context_88,"I am a female, and I am afraid of having sex. I am afraid of disappointing my partner by being inexperienced. I think he thinks I'm not a virgin. I am also scared that he will be disappointed with my naked body. I don't want my partner to think differently of me because I am afraid of having sex.","It's completely normal to feel nervous about sex, especially if you're inexperienced and worried about your partner's expectations. Remember that a caring partner values you for who you are, not just for your experience or appearance. Open and honest communication can help—consider sharing your feelings and fears with him. Taking things at your own pace and focusing on trust and comfort will build a stronger connection. Your worth isn’t defined by your sexual experience or body, and a supportive partner will appreciate and respect you for being genuine."
context_89,"I am a heterosexual male in my late 20s. I find myself wearing pantyhose, heels, skirts and other women's clothing in private. I am torn on how to feel about it. I enjoy it very much. I have had a pantyhose/stocking fascination and other kinky fetish interests since I was young. I have no history of sexual abuse growing up. I am currently single.","It's completely normal to have personal interests and preferences in clothing and fantasies, including enjoying wearing women's clothing and items like pantyhose and heels in private. Many people find comfort, expression, or pleasure in exploring these aspects of themselves, regardless of their gender or sexual orientation. Since you are happy with it and it doesn't negatively impact your life, it's healthy to accept this part of yourself. If you ever feel conflicted or want support in understanding your feelings further, speaking with a counselor or therapist experienced in gender and sexuality issues can be helpful. Remember, your interests are a valid part of who you are."
context_90,"I am a peaceful person, but I often find myself having thoughts about killing people. Eventhough I like the thoughts at the time, they make me cry. Why do I feel like this?","Having intrusive thoughts about harming others, especially if they cause you distress and sadness afterward, can be a sign of internal conflict or underlying emotional issues. These thoughts do not mean you want to act on them; rather, they may reflect anxiety, stress, or suppressed emotions. It's important to recognize that having such thoughts is more common than people realize, and feeling upset by them shows your true peaceful nature. Consider reaching out to a mental health professional who can help you understand these feelings better and provide support to manage them in a healthy way."
context_91,"I am a really shy person. I'm currently in a graduate program which requires lots of presentations, but they always make me feel stressed out and less confident. How can I get more confident?","To build confidence for presentations despite being shy, try these steps: practice thoroughly to feel prepared; start with small, low-stakes speaking opportunities to gain experience; use deep breathing or mindfulness techniques to manage anxiety; focus on your message rather than on yourself; visualize a successful presentation beforehand; seek constructive feedback and celebrate small improvements; and consider joining groups like Toastmasters to build public speaking skills in a supportive environment. Over time, repeated exposure and positive experiences will help reduce stress and boost your confidence."
context_92,"I am a single mother. As a child, I was molested by my mother's boyfriend. I never knew my father. I started having children at 18 right after high school. After having children, I completely lost myself and gave all of my focus on my children. Now my children are getting older, but I still don't know myself. I've had several attempts at relationships, and they all fail. I stopped caring about a lot after my children's father left me. I fell into a spiral and got depressed.","I'm truly sorry for the pain and challenges you've endured. It’s understandable that focusing entirely on your children helped you cope, but now that they’re growing older, it’s important to reconnect with yourself and your own needs. Consider seeking professional support, such as therapy or counseling, to help you process past trauma, manage depression, and rebuild your sense of self. Joining support groups for single mothers or survivors of abuse might also provide comfort and connection. Remember, prioritizing your well-being is essential—not just for you, but for your children too—and healing is possible at any stage of life."
context_93,"I am a survivor of domestic violence from a past relationship. Even after seven years, I still have horrible nightmares. I wake up in sweat, and the dreams feel so real.","I'm sorry you're still experiencing such distressing nightmares. It might help to speak with a mental health professional who can provide support and coping strategies tailored to your experience. Techniques like trauma-focused therapy, mindfulness, or grounding exercises may reduce the intensity of nightmares over time. Remember, your feelings are valid, and seeking help is a strong and important step toward healing."
context_94,I am a survivor of multiple sexual abuse/rape experiences. Triggers are having an effect on my daily life and my sexual relationship with my partner. I'm trying to learn to cope with them.,"I'm sorry you're going through this. Coping with triggers after surviving sexual abuse can be very challenging, but there are strategies that may help:

1. **Seek Professional Support:** A therapist or counselor who specializes in trauma can provide a safe space to work through your experiences and develop coping skills tailored to you.

2. **Develop Grounding Techniques:** When triggered, grounding exercises such as deep breathing, focusing on your surroundings, or using sensory input (like holding a textured object) can help bring you back to the present moment.

3. **Communicate with Your Partner:** Openly share your feelings and triggers with your partner so they can support you and you can set boundaries that feel safe.

4. **Create Safety Plans:** Identify situations or sensations that commonly trigger you and develop a plan to manage or avoid them when possible.

5. **Practice Self-Care:** Engage in activities that promote relaxation and well-being, such as meditation, gentle exercise, or hobbies you enjoy.

6. **Be Patient"
context_95,"I am a teenage girl. I've been seeing the same dream once in a while since I was very young. The problem is that I don't remember anything about this dream. I still know that it's the same one, and then I wake up in a panic, and I cry really loud without knowing the reason. Why do I see the same dream, why can I not remember it, and what should I do to remember it?","Seeing the same dream repeatedly, even without remembering its content, can happen because your mind is trying to process unresolved emotions or stress. The intense feelings you experience upon waking, like panic and crying, suggest that this dream is emotionally significant to you. Difficulty remembering the dream’s details is common, especially if the dream causes strong emotions; your brain might block the memory to protect you from distress. To help remember the dream, try keeping a dream journal by your bed and write down any feelings, images, or fragments you recall immediately upon waking, even if they seem unclear. Practicing relaxation techniques before sleep, like deep breathing or meditation, may also reduce anxiety around the dream. If the dream continues to distress you, consider talking to a counselor or therapist who can help explore its meaning and support your emotional well-being."
context_96,"I am a teenager, and my brother is a few years older. He has a girlfriend who is always with him. He never hangs out with me anymore. We were really close, and it is making me really sad.","It's understandable to feel sad when your brother spends most of his time with his girlfriend and you don't hang out as much as before. Try talking to him about how you feel—letting him know you miss spending time together might help. You could also suggest doing something fun just the two of you, like playing a game, watching a movie, or going out somewhere. Remember, relationships change, but your bond as siblings is still important and can grow in new ways."
context_97,"I am a teenager. I have been experiencing major episodes of depression (if that's even what it is) for several years. It’s always getting worse. I have been having panic attacks, feeling like I can't control my fears, and I can't even bring myself to care if I live or die anymore. The problem is that I don't know who to ask for help. When I try to talk to my parents, I freeze completely and can't do anything but make a joke because never once in my life have we talked about our feelings.","I'm really sorry you're feeling this way. It might help to reach out to a trusted adult like a school counselor, teacher, or a relative you feel comfortable with. You could also consider talking to a mental health professional who can provide support and guidance. Remember, your feelings are valid, and help is available—you don’t have to go through this alone. If you ever feel overwhelmed or unsafe, don't hesitate to contact a crisis helpline or emergency services immediately."
context_98,"I am a young adult, and I was sexually assaulted by an older man when I was a teenager (which has really intensified the guilt/shame). However, I've been attracted to much older men since I was even younger than that.","It's important to recognize that your attraction to older men and the trauma you experienced are separate aspects of your experience. Attraction can develop independently of traumatic events, and having these feelings does not mean you are at fault or to blame for what happened. Healing from sexual assault often involves working through feelings of guilt and shame, which are common but misplaced emotions. Seeking support from a mental health professional who is experienced in trauma and sexuality can help you process your experiences, understand your feelings, and develop a healthy sense of self and relationships. Remember, your feelings are valid, and you deserve compassion and care."
context_99,"I am always arguing with my father. He gets stressed over work and health and talks to me in a tone of voice that seems very demanding and seems more like yelling. I get upset often at this. Am I too sensitive? He always says I am overreacting but never seems to understand that he is hurting my feelings. No matter how often I try to tell him this, he never listens.","It sounds like your feelings are completely valid. When someone speaks in a demanding or loud tone, especially a parent, it can be very hurtful, and it's natural to feel upset. Your sensitivity may actually reflect your awareness of the emotional impact his words have on you, not an overreaction. Communication can be difficult when stress and frustration are involved, but your father might not fully realize how his tone affects you. It might help to try expressing your feelings during a calm moment, emphasizing that you want to have a better relationship and understand his stress, while also asking if you can find a way to talk that feels respectful to both of you. Seeking support from a counselor or family therapist could also provide a safe space to improve understanding and communication between you both."
context_100,I am always down and out. Could this be postpartum depression?,"Feeling “down and out” after having a baby can be a sign of postpartum depression (PPD), but it’s important to consider the duration, severity, and impact on your daily life. Common symptoms of PPD include persistent sadness, anxiety, irritability, changes in sleep or appetite, difficulty bonding with the baby, and feelings of guilt or worthlessness lasting more than two weeks. If you think you might have postpartum depression, it’s important to talk to a healthcare provider who can assess your symptoms and provide appropriate support and treatment."
context_101,"I am an international student, and it is my first semester in graduate school in the United States. I faced a cultural shock, and I was so depressed when I arrived here. My counselor in the university was my savior. He helped me a great deal. Now I am going back to my country for a vacation. I was thinking to get him something special with my country's name on it, and I remembered that he likes wine. My country is known for that. Is it appropriate to give him wine as a gift after Christmas?","Yes, it is generally appropriate to give your university counselor wine as a gift after Christmas, especially since he likes wine and your country is known for it. A thoughtful, culturally meaningful gift like a bottle of wine can be a great way to express your gratitude. Just ensure that giving alcohol is acceptable in the university’s gift policy and is culturally appropriate for him. Including a personal note explaining the significance of the wine from your country will make the gift even more special."
context_102,I am becoming a Water Safety Instructor but I didn't have enough for a proper swimsuit. I was told by a boy in class that my top was displaying everything. I was very embarrassed.,"It's understandable to feel embarrassed in that situation, but remember that your skills and dedication as a Water Safety Instructor are what truly matter. If you're concerned about your swimsuit, consider investing in one that offers more coverage or support to help you feel more comfortable and confident during your classes. Additionally, focusing on your training and expertise can help shift attention away from appearance and onto your capabilities."
context_103,"I am broke, but I am sure I have been depressed for the past couple of years. I have always had anxiety. I just need someone to talk to right now. I don't have any friends or family I can talk to. I'm on the verge of just giving up.","I'm really sorry you're feeling this way. It might help to reach out to a mental health professional or a support hotline—you don't have to face this alone. Remember, there are people who want to listen and help you through this difficult time. If you’re comfortable, I’m here to listen as well."
context_104,"I am conflicted with this guy I work with. He is a coworker and close friend whom I've had a crush on since meeting him four years ago. We made out once after years of flirting. I was hoping for more, but nothing happened. I distanced myself a lot after.","It sounds like you're feeling hurt and confused after your close friend and coworker, whom you've had a crush on for years, didn't pursue a relationship beyond a brief moment you shared. Taking some distance was a natural way to protect your feelings. It might help to have an honest conversation with him about where you both stand to gain clarity and decide how to move forward, whether that's rebuilding your friendship or setting boundaries that support your emotional well-being."
context_105,"I am constantly having problems with the same two people who will always be in my life. I had a daughter with my ex-boyfriend. I am now married, and my husband’s ex-girlfriend is involved with my ex-boyfriend. They also have a daughter together. My issue is that there is always drama. I am pregnant, and I told my ex-boyfriend that I don't want any drama or arguments. I want to get along as much as possible, and he agreed. However, we just had an incident where my ex-boyfriend started discussing drop-off details about my stepdaughter. I told him that he needed to ask my husband because I can't make decisions about my stepdaughter regarding the matter. That led to an argument. I told him all my concern is when I pick up my daughter. My stepdaughter’s pick-up details are between my husband and his ex-girlfriend. I especially told him I didn't want to be involved. Somehow, he turned it around and then wanted to change the schedule we agreed on. He threatened me and got ugly because I wouldn’t discuss my stepdaughter’s matters with him.
   The point is there is so much drama. I try my best to get along with everyone. I don't understand where I went wrong (besides replying back to his question). I feel like I'm going crazy because this is a constant battle where everyone’s frustrations are taken out on each other, and it's the children that are hurting. I had a party planned for my daughter’s birthday, and my ex-boyfriend told me to cancel those plans because he wouldn’t let me have her. In my eyes, it’s the child that is hurting. I was throwing a party for her birthday, and because of the problem with stupid pick-up details about my stepdaughter, which I have no control over, he took it out on our daughter.","You are in a very challenging and emotionally charged situation, and it's important to focus on clear boundaries and communication for the sake of your children’s well-being. You did the right thing by clarifying that decisions about your stepdaughter belong between your husband and his ex-girlfriend, and that your focus is on your own daughter. Your ex-boyfriend’s behavior—threatening you, trying to change agreements unilaterally, and involving your daughter in conflicts—is inappropriate and harmful.

To protect yourself and your children, consider these steps:

1. **Maintain Boundaries:** Continue to politely but firmly decline involvement in matters that do not concern you directly, especially about your stepdaughter’s arrangements.

2. **Document Interactions:** Keep records of conversations and incidents involving disagreements. This can be useful if legal or mediation support becomes necessary.

3. **Seek Mediation or Legal Support:** If your ex-boyfriend continues to be threatening or disruptive, consulting a family law attorney or a mediator can help"
context_106,"I am currently living in a hotel and I don’t have a family. I met a guy a month ago. He is a bisexual. He has a lot of gay friends on social networking sites. He would not help pay for the room. When I asked for the TV remote control, he threw it elsewhere and asked me to get it. I slapped him and asked him to leave my room. We recently just got back together. One time I was sick. He came to visit and feed me but left no money. Then he texts me and brags about his house and car knowing that I have struggles living at a hotel. He says that he has a whole house where he can put me in and orders me to text him whenever I need someone to have sex with. He left his bath soap so he could come and get it. I think that he is trying to find a way to come back. Please help me. What’s going on? I am a good, loyal woman. Why is he treating me like this?","It sounds like you are in a difficult and unhealthy relationship. Despite your loyalty and kindness, he is showing disrespect, manipulation, and lack of genuine care for you. His behavior—refusing to help financially, being controlling or dismissive, bragging about his possessions while you struggle, and making inappropriate demands—indicates he may be using you rather than valuing you as a partner. You deserve respect, support, and kindness in a relationship. It might be best to prioritize your well-being and consider setting clear boundaries or distancing yourself from him to protect your emotional and physical health. Seeking support from trusted friends, counselors, or local resources can also help you navigate this situation."
context_107,"I am currently suffering from erectile dysfunction and have tried Viagra, Cialis, etc. Nothing seemed to work. My girlfriend of 3 years is very sexually frustrated. I told her that it is okay for her to have sex with other men. Is that really okay?","It's understandable that you're feeling frustrated and concerned about your relationship given the challenges with erectile dysfunction (ED). Allowing your girlfriend to have sex with other men is a personal decision that depends on the boundaries and agreements both of you are comfortable with. Open, honest communication is key—both partners should discuss their feelings, needs, and limits to find a solution that respects and supports your relationship. Additionally, consider consulting a healthcare professional or a therapist who specializes in sexual health and relationships to explore further treatment options and guidance."
context_108,"I am divorced and happily remarried. Our blended family of children are in their 20s. My youngest, age 20, continues to call me crazy and favors her dad. He was abusive to me, and I left with injuries. He never wanted kids, and I did. He paid child support only through forced wage earners. Now my daughters favor him after all the sacrifices I made for them the past 15 years as a single mom. I don’t deny them a relationship with their dad, but to be called crazy and then watch them hang out with him hurts me to the very core. I’m not sure how to handle this.","I'm sorry you're going through this painful situation. It's understandable to feel hurt when your children favor their father despite his past abusive behavior and the sacrifices you've made. Maintaining open, honest, and calm communication with your daughters might help them understand your feelings without blame or judgment. Setting clear boundaries about respectful communication is important; being called ""crazy"" is hurtful and unacceptable. Consider seeking family therapy or counseling, which can provide a safe space to address complex emotions and dynamics. Remember to take care of your own emotional well-being and lean on supportive friends, partners, or professionals as you navigate this difficult situation."
context_109,I am extremely possessive in my relationships and this is hurting my friendships. How can I fix my underlying issues?,"To address possessiveness in relationships and improve your friendships, start by reflecting on the root causes—such as fear of abandonment, insecurity, or low self-esteem. Practice building your self-confidence through positive self-talk and pursuing personal interests. Communicate openly with your friends about your feelings without being controlling, and work on trusting them by allowing space and independence in your interactions. Consider mindfulness or therapy to better manage emotions and develop healthier attachment patterns. Remember, fostering mutual respect and boundaries strengthens relationships."
context_110,"I am going through a divorce from a narcissistic sociopath who left me for another woman after mentally and emotionally abusing me for 11 years. I have moved to a different state and after giving up my successful business am working as a server at a restaurant. I’m coping as best as I can. Is it normal and healthy to not adapt as quickly and be as strong as I think I should be? I am astounded at his cruelty and how much he doesn't care, as well as most other people in my life. I feel like I don't exist to anyone anymore as there is no contact from anyone who I thought cared about me. My brother just said no to lending me a few hundred dollars for me to live on. I am losing faith in humanity itself.","What you’re experiencing is completely normal and understandable given the severe emotional trauma and life upheaval you've endured. Healing from long-term abuse and a significant life change like divorce takes time, and it’s okay not to feel strong or fully adapted right now. Feeling numb, isolated, or disbelieving toward others' care is a common response to deep betrayal and loss. Your feelings of being unseen and unsupported are valid, especially when those you expected to rely on have disappointed you. It’s important to be gentle with yourself and recognize that recovery is a gradual process. Seeking support from a therapist experienced in trauma and abuse, connecting with support groups for survivors, or reaching out to trusted community resources can help you rebuild trust, self-worth, and stability over time. You don’t have to face this alone, and your feelings do not reflect weakness but the reality of what you’ve survived."
context_111,"I am going through a divorce. He is extremely angry. He refuses to physically assist me with our teenager daughter. I have no extended family support. Often times, I feel overwhelmed, tired, and joyless. I feel out of control, sad and depressed on a daily basis. I am just going through the motions of life every day. I am in my mid-50s. I have almost 29 years on my job. How can I handle this?","I'm sorry you're going through such a difficult time. To help manage these feelings and your situation, consider the following steps:

1. **Seek Professional Support:** A therapist or counselor can provide a safe space to express your feelings, develop coping strategies, and help you navigate the emotional challenges of divorce and depression.

2. **Build a Support Network:** Even without extended family, try to connect with friends, support groups, or community resources for single parents or those going through divorce. Online groups can also offer understanding and encouragement.

3. **Prioritize Self-Care:** Carve out small moments each day for activities that bring you some peace or joy—such as walking, reading, or practicing relaxation techniques like meditation or deep breathing.

4. **Set Boundaries and Communicate:** With your ex-partner, maintain clear, calm communication focused solely on your daughter’s needs. Consider mediation if communication is difficult.

5. **Maintain Routine:** Establish a predictable daily schedule for yourself and your daughter to create"
context_112,I am going through a very hard time and I'm so depressed. My parents are getting a divorce and a lot of bad things are happening. I want to lull myself.,"I'm really sorry you're going through this difficult time. It might help to try some calming activities like deep breathing exercises, listening to soothing music, or reading a comforting book. Remember, you don't have to face this alone—consider reaching out to a trusted friend, family member, or a mental health professional who can support you. Taking small steps to care for yourself can make a difference."
context_113,"I am having a problem with extended family members who are inappropriately urinating in my home. They are peeing in cat litter boxes, bottles, and directly on floors and in corners of my house.
 Is there any literature that supports why such adults would behave this way? This is not a joke. I am trying to understand.","There is limited direct psychological literature specifically addressing adults urinating in inappropriate places such as cat litter boxes or bottles within a home setting. However, several possible explanations from clinical and behavioral research can shed light on this behavior:

1. **Psychiatric or Cognitive Disorders:** Adults with certain mental health conditions—such as dementia, severe intellectual disabilities, psychosis, or neurological disorders—may exhibit disinhibited or inappropriate toileting behaviors due to impaired judgment, confusion, or loss of awareness of social norms.

2. **Developmental or Behavioral Disorders:** Individuals with developmental disorders or a history of trauma may regress to childlike behaviors, including inappropriate urination.

3. **Substance Use:** Intoxication or substance abuse can impair decision-making and control, leading to inappropriate elimination behaviors.

4. **Protest or Control:** In some dysfunctional family dynamics, inappropriate behaviors can be a form of passive-aggressive protest or an attempt to exert control or express distress.

5. **Lack of Access or Physical"
context_114,"I am in a high stress position for a tech company. I am being overworked and underpaid for my contributions and it is not only giving me anxiety, but also demoralizing.
   What can I do to manage my stress?","To manage stress in a high-pressure tech job where you feel overworked and underpaid, consider the following steps:

1. **Set Boundaries:** Clearly define your working hours and try to avoid overtime. Communicate these boundaries to your manager or team.

2. **Prioritize Tasks:** Focus on the most important and impactful tasks to reduce feelings of overwhelm.

3. **Take Breaks:** Regular short breaks during work can help maintain focus and reduce anxiety.

4. **Practice Stress-Reduction Techniques:** Techniques like deep breathing, meditation, or mindfulness can help alleviate anxiety.

5. **Seek Support:** Talk to trusted colleagues, friends, or a professional counselor about your feelings.

6. **Evaluate Your Position:** Consider discussing your workload and compensation with your manager or HR. If the situation doesn’t improve, exploring other job opportunities might be beneficial for your well-being.

7. **Maintain Work-Life Balance:** Engage in hobbies, exercise, and activities outside work to recharge.

Implementing these strategies can"
context_115,"I am in high school and have been facing anxiety issues lately. Whenever I get close to being in a relationship, some kind of anxiety takes over and keeps me from the relationship. This anxiety causes me depression at times and even makes me want to vomit. While a semi-relationship should be joyous, for me, it’s an emotional nightmare I can’t get to the bottom of. I’ve had this before and had to leave the semi-relationship to avoid throwing up every time I made contact with my crush. What could be the reason behind this? Is it massive nerve problems? Is it a fear of a bad relationship?
   While I’m not quite ready to be in one anyway, I want to get to the bottom of this for a brighter future in which I can be in one. I don’t take medications and have no desire to, I have read forums, and I’ve talked about the issue with my sister who has faced similar problems.","What you’re experiencing sounds like a form of intense anxiety related to relationships, which can manifest physically (like nausea) and emotionally (such as depression or overwhelming fear). This is not uncommon, especially if you have underlying fears about getting hurt, rejection, or losing control in a relationship. It may also stem from past experiences, self-esteem issues, or the pressure of meeting expectations in romantic situations.

Your body and mind are reacting strongly because relationships can feel vulnerable, and anxiety can heighten that vulnerability to a distressing level. It’s not necessarily ""massive nerve problems,"" but rather a psychological response that involves your nervous system reacting to stress or fear.

Since you’re not ready for medication and prefer non-medical approaches, consider the following steps to better understand and manage these feelings:

1. **Reflect on your fears:** Try journaling about what specifically makes you anxious in these situations. Is it fear of rejection, being misunderstood, losing independence, or something else?

2. **Learn relaxation techniques"
context_116,I am in my 30s with 2 kids and no job and I'm behind on the bills. I've been trying everything with no results. I feel like everyone else puts their needs in front on mine. I give intil it hurts and I'm afraid that I'm going to fail my babies    I've been struggling for 5 yrs in a relationship with no communication and no alone time. How can I get some support?,"I'm really sorry you're going through this. It sounds incredibly overwhelming, but there are ways to find support. First, consider reaching out to local community resources such as social services, food banks, or housing assistance programs that can help ease financial pressures. Connecting with a counselor or therapist—even through free or low-cost services—can provide emotional support and guidance, especially with relationship struggles and stress. Also, look for local parenting support groups or online communities where you can share your experience and receive encouragement. If possible, talk openly with your partner about how you're feeling and the need for better communication and personal space. Remember, asking for help is a sign of strength, and there are people and organizations ready to support you and your family."
context_117,"I am in my early 20s and I still live with my parents because I can't afford to live alone.
   My mother says that if I live under her roof I have to follow her rules. She is trying to control my life. What should I do?","It's understandable to feel frustrated when living under your parents' rules, especially as you seek more independence. Since you currently live with your mother and rely on her support, try to have an open and respectful conversation with her about your need for some personal space and independence. Agreeing on reasonable boundaries or compromises can help both of you feel more comfortable. At the same time, focus on building your financial stability and plans for living independently in the future, which may help you gain greater autonomy over time."
context_118,"I am in my mid 30s. I feel I have used only 5% of my potential. I am in film making, but everything is stuck. I've never had a serious relationship. I had worthless jobs. I do a lot of meditation to try to fix it.","It's understandable to feel stuck, especially when you believe you haven't tapped into your full potential. Here are some steps that might help you move forward:

1. **Set Specific Goals:** Define clear, achievable objectives in both your filmmaking career and personal life. Breaking down big goals into smaller tasks can make progress feel more manageable.

2. **Build Skills and Network:** Take courses or workshops to enhance your filmmaking skills. Attend industry events or connect with other creatives to open new opportunities.

3. **Reflect on Patterns:** Consider what might be holding you back from serious relationships or career growth. Journaling or working with a therapist could provide insights and help you work through these challenges.

4. **Balance Meditation with Action:** Meditation is valuable for mental clarity, but pairing it with proactive steps can create momentum.

5. **Celebrate Small Wins:** Acknowledge each accomplishment, no matter how minor, to build confidence and motivation.

Remember, many people experience periods of feeling stuck. With intention and effort, you can"
context_119,"I am lazy. I am very aware of the problem and try to talk myself out of it all the time, but I never seem to shake the habits. I try to think of what it is doing to me and my future, but no matter what, I keep creating excuses for myself to continue the procrastination. All I'm ever left with is regrets and a low grade. I am at an all-time low in my life, and I'm not even that old. I've always been a straight-A student, but now I'm getting C's and F's, and it hurts me to know that I am way better than that. It's not even like the work is hard.","It's clear that you're struggling with procrastination despite knowing its negative impact, and that this is affecting your self-esteem and academic performance. Recognizing the problem is an important first step. To start changing these habits, try breaking tasks into smaller, manageable pieces and set specific, realistic goals with deadlines. Use techniques like the Pomodoro method (working for short, focused intervals with breaks) to build momentum. Also, identify triggers or excuses you use to delay work, and challenge them actively. Consider seeking support from friends, family, or a counselor who can help keep you accountable and address any underlying issues like stress or burnout. Remember, progress takes time, so be patient and kind to yourself as you work to rebuild your motivation and habits."
context_120,I am married to a beautiful lady. I love my wife with all my heart. We have 3 boys and I have a daughter from a previous marriage. We also have 3 grandchildren. Now this event is tearing us apart. I want our family to be together and happy. It was a mistake from so long ago. My wife wants to leave and I don't want that to happen I love her so much. Please help me save my marriage. Even my 3 boys want us to work it out. They love us both and want our family together. Please give me some advice or hope. Sincerely heart broken.,"I'm sorry you're going through this difficult time. It’s clear how deeply you love your wife and value your family. To begin healing and saving your marriage, open and honest communication is vital—express your feelings sincerely and listen to hers without judgment. Consider seeking professional help together, such as couples counseling, where a trained therapist can guide you both through the pain and help rebuild trust. Remember, everyone makes mistakes, but with commitment, patience, and mutual effort, relationships can often be restored stronger than before. Your children’s support shows there is hope and a foundation to rebuild upon. Focus on understanding, forgiveness, and working together as a family to move forward. Stay hopeful and take one step at a time."
context_121,"I am married, but I had sex with my friend. I feel guilty, but I feel not guilty too. Do I need to feel guilty? It's my body, and I have full rights to do what I like.","Feelings of guilt often arise when your actions conflict with your personal values or commitments, such as marriage. While you do have autonomy over your body, being married typically involves agreements about fidelity and trust with your partner. Reflecting on your feelings and the impact of your actions on yourself and others can help you understand whether guilt is a useful emotion for you. Considering open, honest communication with your partner might also be important to address the situation and your feelings. Ultimately, whether you ""need"" to feel guilty depends on your values and the agreements in your relationship."
context_122,"I am not sure if I am depressed. I don't know how to bring it up to my parents, and that makes me miserable.","It can be really difficult to talk about how you're feeling, especially with your parents. Remember that your feelings are valid, and reaching out for support is a strong and important step. You might try writing down what you're experiencing or sharing a letter if speaking directly feels too hard. If you find it challenging to start the conversation with your parents, consider reaching out to a trusted teacher, school counselor, or another adult you feel comfortable with. You don't have to face this alone—there are people who want to help you. If your feelings are overwhelming or persistent, it might also help to speak with a mental health professional who can provide guidance and support."
context_123,I am on my own with my daughter. I am so worried and stressed about her.,"It's completely natural to feel worried and stressed when you're caring for your daughter on your own. Take a moment to breathe deeply and remind yourself that you're doing your best. Reach out to friends, family, or support groups if you can—they can offer help and comfort. Remember to take small breaks for yourself when possible, and focus on one thing at a time. You're strong, and your love for your daughter is a powerful source of support for both of you."
context_124,"I am on the track and softball team. My school is small, so I play all four sports it offers. I feel obligated to do track because I'm not a horrible runner, and my dad wants me to. The catch is is that the days before a track meet and the morning of, I get sick and cry.","It sounds like you’re experiencing a lot of stress and anxiety related to track meets, possibly because of pressure you feel from your dad and your own feelings about the sport. It might help to talk openly with your dad about how you’re feeling and explore ways to reduce that pressure. You could also try relaxation techniques before meets, like deep breathing or visualization, and consider reaching out to a coach or school counselor for support. Remember, it’s okay to prioritize your mental and emotional well-being and to participate in sports that make you feel happy and confident."
context_125,I am pretty sure I have depression and anxiety. I also have voices in my head. I have problems sleeping too. I've already been diagnosed with attention-deficit disorder and obsessive-compulsive disorder. I have self-harmed in the last and used to be suicidal. How do I tell them this and ask for therapy?,"When you speak to a healthcare professional, you can say something like:  
""I want to share that I've been experiencing symptoms that are very distressing for me. I have persistent feelings of depression and anxiety, and I also hear voices in my head. Additionally, I struggle with sleep problems. I already have diagnoses of attention-deficit disorder and obsessive-compulsive disorder. In the past, I have self-harmed and had suicidal thoughts. I’m looking for help and would like to discuss starting therapy to address these issues.""  
Being honest and clear about your experiences will help them understand your needs and provide the best support."
context_126,I am really worried about one of my friends because I think he has major depression. He disagrees with me on that. He is shut off when it comes to talking to people and telling them how he really feels. He told me he feels empty inside and the only emotions he feels are anger and sadness. I suggested to him to get help and talk to his mom about it but he refuses.,"It’s important to approach your friend with patience and understanding. Let him know you’re there to support him without judgment and that seeking help is a sign of strength, not weakness. Encourage small steps, like talking to a trusted adult or a counselor, and remind him that professional help can provide relief. If he expresses any thoughts of self-harm or suicide, take it seriously and seek immediate help from a mental health professional or emergency services. Meanwhile, continue offering your support and listening whenever he’s ready to talk."
context_127,"I am so angry. I feel like the arguments with my parents have caused me so much anxiety and stress, and I don't know what to do. I want to sit down with a psychologist, but I cannot afford one, nor do I have my own health insurance. I can feel myself starting to get violent. I throw things of value when I start to get mad. I have punched holes in my wall. I can feel my aggression getting worse.","I'm really sorry you're going through this. It’s important to find ways to manage your anger safely. Try to take deep breaths, step away from the situation when you feel overwhelmed, and find a physical outlet like going for a walk or doing some exercise. If possible, reach out to a trusted friend, family member, or a free support service or helpline in your area to talk about what you're feeling. Many communities offer low-cost or sliding-scale mental health services, so consider looking into local clinics or nonprofits that might help. If you ever feel like you might hurt yourself or others, please seek emergency help immediately. You're not alone, and there are resources that can support you."
context_128,"I am so terrified of having sex anymore because I have been told over and over that sex is dangerous even though me and my partner used both forms of protection. My partner is not happy about this and simply wants more sex, and honestly, I want to give that to her.","It's understandable to feel scared about sex, especially after being repeatedly told it's dangerous. Using protection is a responsible step and significantly reduces risks. It might help to talk openly with your partner about your fears and consider seeking support from a counselor or therapist to work through your anxiety. Building trust and communication can help both of you feel more comfortable and connected."
context_129,I am the problem. I make my family argue because of me. My mom has even said it. It's constantly like this. I cause problems. I am worthless. I can't stop crying. Sometimes I have to cry myself to sleep. I can't even leave my room because my family can't stand me.,"I'm really sorry you're feeling this way. It might help to talk to someone you trust about how you're feeling, like a close friend, family member, or a mental health professional. Remember, you are not alone, and support is available to help you through this difficult time. Your feelings are valid, and you deserve kindness and understanding."
context_130,I avoid talking to him because he always makes me more upset. I can't be honest with him about anything because he is always rude to me.,"It sounds like your interactions with him are causing you emotional distress, and the lack of honesty is making the situation worse. It might help to set boundaries to protect your well-being or consider talking to someone you trust about how you’re feeling. If possible, addressing the issue directly or seeking support can also be beneficial."
context_131,"I been having anger problems a lot lately. It only takes one word wrongly said to set me off. I use to not be like this until I got with my soon-to-be husband. I think his mood and rage/anger problems have rubbed off on me a lot. I don't get nearly as bad as he does, but I yell almost constantly and I can't seem to just stop. I have two young babies that have to hear this, and I don't want my girls growing up with a mommy like I have been lately. I just don't know how to get back to my old self.","It's a positive first step that you recognize the change in your behavior and want to improve for the sake of your children and yourself. Anger can be influenced by those around us, and living with someone who struggles with rage can make it harder to manage your own emotions. Here are some strategies that might help you regain control:

1. **Identify Triggers:** Pay attention to what specifically sets off your anger. Sometimes just being aware can help you pause before reacting.

2. **Practice Deep Breathing or Mindfulness:** When you feel anger rising, take slow, deep breaths or focus on grounding yourself in the present moment to reduce immediate intensity.

3. **Create Space:** If possible, step away from tense situations briefly to calm down.

4. **Seek Support:** Talking to a counselor or therapist can help you explore the root causes of your anger and develop coping tools tailored to you.

5. **Establish Healthy Boundaries:** If your fiancé's anger affects your mood, consider having an honest"
context_132,I believe it is wrong for men to look at inappropriate content. The father of my child has agreed to respect my beliefs. His co-worker sent him an inappropriate video. He got mad because he does not think he should tell his friend to not send him things like that.,"It's understandable that you feel hurt and want your boundaries respected, especially since your partner agreed to honor your beliefs. It may help to have an open conversation with him about why this matters to you and how his response affects your trust and feelings. Emphasize that respecting your boundaries includes how he handles situations with others, and work together to find a way for him to communicate his stance to his co-worker that aligns with your mutual agreement."
context_133,"I believe my partner has a masturbation and porn problem. He masturbates daily, even when I am lying in bed sleeping beside him. We have sex once a week. He is rough and worries about his needs. He never touches me, and treats me like a porn star, wanting to finish on my face or chest.","It sounds like you're feeling hurt and neglected in your relationship due to your partner's masturbation habits, his rough sexual behavior, and the way he treats you during sex. This situation can impact your emotional and physical intimacy. It may help to have an open and honest conversation with him about how his actions affect you and express your needs and boundaries clearly. If communication is difficult or doesn’t lead to change, consider seeking couples counseling or therapy to address these issues together in a safe and constructive environment. Your feelings and comfort are important, and both partners deserve mutual respect and care in a relationship."
context_134,I blame my past relationship for it. I know it is bad to be this way. I want to get past it.,"It's understandable to feel affected by past relationships, but recognizing the impact is a positive first step toward healing. Consider reflecting on what specifically holds you back and exploring healthy ways to move forward, such as talking with trusted friends, seeking professional support, or engaging in activities that build your self-confidence and well-being. Healing takes time, so be patient and compassionate with yourself as you work through these feelings."
context_135,"I broke up with him three weeks ago because I felt that he needed to be more respectful. He has since had a rebound relationship. He says he loves and misses me but refuses to see me. He says it's going to be too difficult to see me. Every time we talk, it feels like I'm being pushy to see him. He used to be so madly in love with me, but now, it seems like he couldn’t care less. I think I'm running him away.","It sounds like you’re feeling hurt and confused by his mixed signals and distance. After a breakup, especially one involving respect issues, it’s natural for both people to need space to heal and reflect. His rebound relationship and unwillingness to see you might be his way of coping or protecting himself from emotional pain. Continuing to push for contact may be causing him to pull away more. It might help to give both of you some time and space apart, focus on your own healing, and only reconnect when both of you feel ready and willing. Prioritizing your own well-being and boundaries is important during this time."
context_136,"I can't even smile or fake one. I can't feel happiness about anything and I can't show love towards another person not even my girlfriend. I hate myself sometimes. All I see is ugly.
   I can't get over the loss of a loved one and I'm not close to my family. What can I do?","I'm really sorry you're feeling this way. It sounds like you're going through a very difficult time, and it might help to reach out to a mental health professional who can provide support and guidance tailored to your situation. Sharing your feelings with a therapist can help you process your loss and work through your emotions. Additionally, try to be gentle with yourself—grieving takes time, and it's okay to seek help. If talking to someone feels hard, consider starting with small steps like journaling your feelings or connecting with supportive friends or support groups. Remember, you don't have to face this alone."
context_137,"I can't seem to feel any emotion except anxiety, not even for myself.","I'm sorry you're feeling this way. Experiencing persistent anxiety and a lack of other emotions can be very challenging. It might help to reach out to a mental health professional who can provide support and guidance tailored to your situation. You're not alone, and help is available."
context_138,I can't understand what I pay attention to.,"It can be helpful to start by observing your thoughts and feelings without judgment. Try keeping a journal to note what captures your focus throughout the day, or practice mindfulness exercises to increase your awareness of your attention. Over time, this can clarify what truly interests or concerns you. If confusion persists, consider discussing it with a counselor or therapist for guidance."
context_139,"I constantly feel like everyone is up against me and trying their best to shut me down. It's ruining my mood and even my whole self. I have trouble sleeping, and I keep having sleep paralysis while dreaming of others mocking and judging me.","I'm really sorry you're experiencing this. It might help to talk to a mental health professional who can support you in working through these feelings and sleep difficulties. Meanwhile, practicing relaxation techniques before bed, such as deep breathing or mindfulness meditation, might ease your sleep paralysis episodes. Remember, you're not alone, and help is available."
context_140,"I constantly have this urge to throw away all my stuff. It’s constantly on my mind and makes me feel anxious. I don’t sleep because I’m thinking about something I can get rid of. I don’t know why I do it. I started years ago when I lived with my dad then I stopped when I moved in with my mom. Years later, it has started again.","What you're describing sounds like it could be related to symptoms of obsessive-compulsive behavior or a possible anxiety-related issue, especially since it causes significant distress and impacts your sleep. It might help to speak with a mental health professional who can assess your situation more thoroughly and provide strategies or treatment to manage these urges and the anxiety they cause. You're not alone, and support is available to help you understand and cope with these feelings."
context_141,"I crave attention, companionship, and sex. She has had a hysterectomy, and she has a bad knee.",It's important to approach this situation with sensitivity and understanding. Open and honest communication with your partner about your needs and her limitations can help both of you find ways to maintain intimacy and companionship that respect her health and comfort. Exploring alternatives for emotional connection and physical closeness that accommodate her knee condition and the effects of her hysterectomy may enhance your relationship and mutual satisfaction. Consulting a healthcare professional or counselor together might also provide guidance tailored to your specific circumstances.
context_142,"I crossdress and like to be feminine but I am attracted to women, but yet that seems to bother girls I date or ask out.    How can I approach them about it? should I hold back and keep it a secret, or should I just be up-front about it. I wonder if i should stop or if I should continue to do it since it makes me happy. What should I do?","It's important to prioritize your own happiness and authenticity. If crossdressing brings you joy and is a meaningful part of your identity, you should continue to express yourself in a way that feels true to you. When dating or approaching women, being upfront about your crossdressing can help build trust and ensure that any potential partner appreciates you for who you are. Keeping it a secret might create misunderstandings or hurt feelings later on. While some people may need time to understand or accept this aspect of you, honesty allows for connections based on mutual respect and openness. Remember, the right partner will value you wholly and support your genuine self."
context_143,"I decided to stay and work it out. I just don’t want to sit on the couch. Other than that, I have been getting over the situation. I don't feel it is fair that she expects me to sit on that couch and won’t leave me alone about it. I can move on and continue to love, laugh, and play with my wife. I just don't want to sit on that couch.","It sounds like you're committed to working things out and maintaining a positive connection with your wife, but you need your personal comfort and boundaries respected—like not feeling pressured to sit on the couch. Communicating this clearly and kindly to her can help both of you understand each other's needs as you move forward together."
context_144,I did some horrible sexual things as a kid and I regret everything. Can someone help me cope with myself? Can someone help me remember my past?,"I'm sorry you're feeling this way. It might help to talk to a mental health professional who can provide support and guide you through processing your feelings and past. Remember, seeking help is a strong and important step toward healing. If you feel overwhelmed, consider reaching out to a trusted counselor or therapist who can assist you in coping and understanding your experiences safely."
context_145,I didn't trust my wife when I found out that she had a new guy friend that she was texting and calling. I investigated him before I found out that he was gay and that there was nothing going on. Now all my wife and I do is fight about trust.,"It sounds like the initial mistrust stemmed from concerns about your wife's new friendship, but once you discovered the friend was gay and there was no threat to your relationship, ongoing trust issues between you and your wife remain a challenge. To move forward, consider having an open and honest conversation about your feelings and insecurities, as well as hers. Couples counseling might also help you both rebuild trust, improve communication, and resolve conflicts in a healthy way."
context_146,"I don't feel like myself anymore. For example, I could walk up an entire flight of stairs before realizing that my legs are moving. I feel like I’m watching my life be lived by someone else.","It sounds like you might be experiencing a sense of dissociation, where you feel detached from your body or your sense of self. This can happen for various reasons, including stress, anxiety, depression, or other underlying conditions. It’s important to talk to a mental health professional who can help you understand what’s happening and provide support or treatment to help you feel more connected and grounded. If these feelings are intense or worsening, seeking help sooner is especially important."
context_147,"I don't have time to live or take care of myself at times. It's causing depression, stress, and anxiety. I don't know what to do.","I'm sorry you're feeling this way. It might help to start by setting small, manageable goals for self-care, like taking a few minutes each day to relax or do something you enjoy. Consider reaching out to a mental health professional who can provide support and strategies to cope with stress, depression, and anxiety. Remember, taking care of yourself is important and can improve how you feel over time. Talking to trusted friends or family members about how you're feeling can also provide comfort and help. You're not alone, and help is available."
context_148,"I don't know how else to explain it. All I can say is that I feel empty, I feel nothing. How do I stop feeling this way?","I'm sorry you're feeling this way. It can help to reach out to a trusted friend, family member, or a mental health professional who can support you. Sometimes, expressing your feelings and talking through them can make a difference. Engaging in small activities you once enjoyed or practicing self-care may also help gradually lift these feelings. Remember, you're not alone, and help is available."
context_149,"I don't know how to have emotions. I never had any from my birth. Being human, I think of myself as a monster. I enjoy pain. I cut myself for my climax during sex. I think most of the time, I lie, even when sometimes it would have been easy just to tell the truth. I was in rehabilitation for four year. I have made love with both men and women, but it made no impact in my emotions. The books that I enjoy reading H.P. Lovecraft and Edgar Allen Poe. I go hunting every Saturday. I feel powerful. I don't enjoy the killing of the creature, but the hunt of it and to eat and drink the flesh and blood of the creature.","It sounds like you are experiencing a profound disconnection from your emotions and struggling with your sense of identity and self-worth. The behaviors you describe—self-harm, lying, and difficulty feeling emotional connection—can be signs of deep psychological distress. Engaging with dark literature and the ritual of hunting may be ways you seek to exert control or find meaning in your experiences. It’s important to consider reaching out to a mental health professional who can help explore these feelings, provide support, and work with you toward understanding and managing your emotions in a healthier way. You don’t have to face this alone."
context_150,I don't know how to notice or express my feelings besides anger. That's really the only one i feel.,"It's common to have difficulty recognizing and expressing a range of emotions, especially if anger feels like the dominant one. To begin exploring other feelings, try pausing throughout your day to check in with yourself—ask what you’re experiencing beyond anger. Journaling, mindfulness, or talking with a trusted friend or therapist can help you identify emotions like sadness, fear, joy, or anxiety. Over time, expanding your emotional awareness can lead to healthier ways of understanding and expressing yourself."
context_151,I don't know how to tell someone how I feel about them. How can I get better at expressing how I feel?,"To get better at expressing how you feel, start by spending some time reflecting on your emotions to understand them clearly. Practice putting your feelings into words, either by journaling or talking to yourself. When you're ready, try sharing small thoughts with trusted friends or family to build confidence. Remember to use ""I"" statements (like ""I feel..."" or ""I think..."") to communicate your feelings honestly and directly. It can also help to observe how others express their emotions and learn from their examples. With practice and patience, expressing your feelings will become more natural."
context_152,"I don't know if I'm normal. I'm really scared to touch a girl. I'm a young adult and a virgin. My fiancée and I want to have sex soon, and this might mess everything up because she wants a baby soon as well.","It's completely normal to feel scared or anxious about intimacy, especially if you haven't had much experience before. Open and honest communication with your fiancée is very important—sharing your feelings and concerns can help both of you understand each other better and find ways to support one another. Consider taking things slowly and focusing on building comfort and trust together. If your anxiety feels overwhelming, talking to a counselor or therapist who specializes in relationships or sexual health might be very helpful. Remember, many couples face similar challenges and work through them successfully."
context_153,I don't know what to say. I have never really known who I am.,"It's okay to feel uncertain about your identity; discovering who you are is a personal journey that takes time and self-reflection. Exploring your values, interests, and feelings can help you learn more about yourself. Remember, it's normal to have questions, and seeking support from trusted friends, family, or a counselor can also be beneficial."
context_154,"I don't know what's with me. I'm almost constantly angry. Even when I'm happy, I still feel anger inside me. When I acknowledge it, it ruins my mood and takes over. I get angry at the littlest things. Even if I think someone said something they didn't, it infuriates me. Something perfectly normal can make me go off. When my anger flares up, I get a terrible pain in my chest that lasts for a while. It's like there is a fire constantly burning in my body, and anger is gasoline.","It sounds like you're experiencing intense and persistent anger that is affecting your emotions and physical well-being. This could be a sign of underlying issues such as chronic stress, anxiety, depression, or an anger management problem. The chest pain you describe is concerning and could be related to stress or anxiety but should be evaluated by a healthcare professional to rule out any heart-related conditions. It would be helpful to reach out to a mental health professional who can help you explore the causes of your anger, develop coping strategies, and provide appropriate treatment. Additionally, practicing relaxation techniques like deep breathing, mindfulness, or physical exercise might help reduce the intensity of your anger and its physical symptoms. If you ever feel overwhelmed or the anger leads to thoughts of harming yourself or others, seek immediate help."
context_155,"I don't know what's wrong with me. At times I can be really happy, excited, I'll talk fast, and I want to do things. But lately I've been staying up way later and sleeping too much. I don't hang out with friends, I don't really have them. I feel nothing, worthless. I want to do nothing, I have no interest in anything.    All I usually do is stay in my room. I want to be happy, I want to be nice. What's wrong with me?","It sounds like you may be experiencing symptoms of depression or a mood disorder, which can cause changes in sleep, energy, interest in activities, and feelings of worthlessness. Mood fluctuations, like feeling very excited at times and very low at others, could also suggest a condition such as bipolar disorder. It's important to reach out to a mental health professional who can provide a proper assessment, support, and treatment. You're not alone, and help is available. Talking to a trusted person about how you feel can be a good first step."
context_156,"I don't remember when the voices in my head started, but I remember Hearing them when I was little.    I know it's not normal to hear voices that aren't your own. I fight the voices and I want them to stop. They've been here so long and I want them gone. How can I make the voices stop?","I'm sorry you're experiencing this. Hearing voices can be very distressing, but you're not alone and help is available. It’s important to reach out to a mental health professional, such as a psychiatrist or psychologist, who can provide a proper assessment and recommend treatments that may include therapy, medication, or other support. Talking openly with a trusted healthcare provider or counselor can be a crucial first step toward finding relief. If you’re feeling overwhelmed or unsafe, consider reaching out to a crisis helpline or emergency services immediately. Remember, seeking help is a sign of strength, and effective treatments exist to help reduce or manage these experiences."
context_157,"I don't speak up if I'm uncomfortable and hardly ever make plans for us when we hang out. He is a very open and straightforward person, so he is getting upset with me for my lack of proper communication. We've been together two years and have identified this as our main problem. Arguments have arised from this single issue many times.","It sounds like improving communication is key to strengthening your relationship. You might try gradually expressing your feelings and preferences, even in small ways, to build comfort with speaking up. Setting aside regular times to discuss how each of you feels can also help create a safe space for openness. Since he is straightforward, being honest about your difficulty with communication while showing a willingness to improve can encourage mutual understanding. Couples counseling might be beneficial to develop effective communication skills and address this recurring issue together."
context_158,I don't understand why this is happening. Why do I feel this way?,"Feeling confused or unsettled can happen for many reasons, such as stress, changes in your life, unresolved emotions, or even physical factors like lack of sleep or nutrition. It might help to take some time to reflect on recent events, talk to someone you trust, or seek support from a mental health professional if these feelings persist. Remember, it's okay to not have all the answers right away."
context_159,"I don’t love my sister. I would never wish her harm, but if I could, I would wish for us not to be related. Is this cruel? Why must blood mean we have to be friends? Am I being unreasonable and is there a way to fix this? I do care about her, like I do every human being, but I’d rather be with my friends than be with her at all. It’s not just a ""teenager phase."" I still love my mom and dad, and I’m very close to them. However, it’s my sister I don’t love or have ever really liked at all.","It's not cruel to feel this way; relationships between siblings can be complex, and it's natural not to feel close to everyone in your family. Blood ties don't automatically require friendship or deep affection. Your feelings are valid, especially if you've never felt a strong connection with your sister. It can help to focus on setting healthy boundaries and nurturing relationships that bring you joy, rather than forcing closeness where it doesn't exist. If your feelings cause distress or impact family dynamics, talking with a counselor or therapist might provide support and strategies to navigate these emotions. Ultimately, it's okay to care for someone in a basic, respectful way without having to feel love or friendship."
context_160,I easily recognize this but have no control over it and need suggestions for managing my anger.,"It's great that you can recognize your anger—that's an important first step. To manage it, try these strategies:

1. **Pause and Breathe:** When you feel anger building, take deep, slow breaths to calm your nervous system.
2. **Identify Triggers:** Keep a journal to note what situations or thoughts spark your anger.
3. **Physical Activity:** Regular exercise can help reduce stress and improve mood.
4. **Use Relaxation Techniques:** Practices like meditation, yoga, or progressive muscle relaxation can lower overall anger levels.
5. **Express Yourself Calmly:** Practice communicating your feelings assertively but respectfully.
6. **Seek Support:** Talk to a trusted friend, counselor, or therapist who can help you develop personalized coping skills.
7. **Take a Timeout:** If you feel overwhelmed, remove yourself from the situation temporarily to cool down.

Remember, managing anger is a skill that improves with consistent effort and support."
context_161,"I empathize so much, even with characters on tv or in video games, that I actually feel physical pain. This has made life difficult to say the least.
   I believe I have an actually case of something called hyper empathy disorder. But since it's such a new disorder I can't find any information about it. Could this be what is going on with me?","Hyper empathy disorder is not officially recognized as a medical diagnosis in current psychiatric manuals, which is why information about it may be scarce. However, what you describe—feeling intense empathy to the point of experiencing physical pain—can be associated with heightened emotional sensitivity or conditions such as highly sensitive person (HSP) traits, or may relate to disorders like borderline personality disorder or somatic symptom disorder in some cases. It’s important to consult a mental health professional who can assess your symptoms thoroughly and provide guidance or treatment options tailored to your experience. If your empathy causes significant distress or interferes with daily life, seeking professional support can help you develop coping strategies."
context_162,"I feel angry, anxious, and depressed. The PTSD I suffer is from a past relationship.","I'm sorry you're experiencing these feelings. It might help to reach out to a mental health professional who can provide support tailored to your situation. Talking to trusted friends or family members about what you're going through can also be beneficial. Practicing self-care, such as regular exercise, mindfulness, and healthy routines, may help manage symptoms of PTSD, anger, anxiety, and depression. Remember, you're not alone, and help is available."
context_163,"I feel as though I'm suffering severe abandonment issues stemming from childhood. I convince myself I'm not worthy of happiness, and I’m always afraid I'm doing something wrong. It's as if I create little scenarios in my mind, and I start to believe them.","It sounds like you're experiencing intense feelings of insecurity and self-doubt rooted in past experiences of abandonment. These feelings can lead to negative self-beliefs and anxiety about your actions and relationships. It may be helpful to explore these emotions with a mental health professional who can support you in understanding the origins of these patterns, developing healthier thought processes, and building self-worth. Practicing self-compassion and challenging the negative scenarios you create in your mind can also be beneficial steps toward healing."
context_164,"I feel depressed even though I act like a happy with my family. I act like I’m happy so my son doesn’t see me sad. I act like my life is a happy life, but I feel sad and depressed. I sometimes think of killing myself and that my family deserve someone better than me. I just cry and write in my book all these feelings.","I'm really sorry you're feeling this way. It might help to reach out to a mental health professional who can support you through these feelings. You don't have to face this alone, and there are people who want to help you. Talking to close friends or family members about how you feel could also provide some relief. Remember, your feelings are valid, and help is available. If you ever feel overwhelmed or unsafe, please seek immediate help from a crisis hotline or emergency services."
context_165,"I feel insecure in my life. I don't think my wife truly wants our relationship even though she says she does. I have turned to drinking to help relieve my repressed stress about this and other issues. I have had a drinking problem for a few years. I feel the reason I drink is not just because I like to, but because I have lately been on edge. I’ve been very oddly emotional when watching movies that I have been watching for years. I’m paranoid about driving on main roads. I’m very jumpy at the slightest noises.","It sounds like you’re experiencing significant emotional distress and signs of anxiety, which are impacting your daily life and contributing to your drinking as a coping mechanism. It’s important to seek professional support from a mental health counselor or therapist who can help you explore these feelings, address the underlying issues in your relationship, and develop healthier ways to manage stress and anxiety. Additionally, connecting with a healthcare provider about your drinking habits can offer guidance and support for reducing or stopping alcohol use safely. You don’t have to face this alone—professional help can provide strategies and support to improve your well-being and overall quality of life."
context_166,I feel lazy and numb. I have no interest in things.,"I'm sorry you're feeling this way. It might help to talk to a trusted friend, family member, or a mental health professional about how you're experiencing these feelings. Taking small steps like gentle exercise, maintaining a routine, or engaging in simple activities you used to enjoy can also sometimes help improve your mood. Remember, you're not alone, and support is available."
context_167,"I feel like I am internally screaming all the time. Externally, I am calm, but I have this intense, unidentifiable emotion constantly. I don't feel sad. I don't cry a lot. I feel rather emotionally distant other than the internal screaming. It kind of feels like I'm a caged animal.","What you're describing sounds like a deep internal struggle where intense emotions are trapped inside, creating a sense of being overwhelmed yet emotionally disconnected on the outside. This experience can feel isolating and confusing, especially when you don’t identify with common signs like sadness or crying. It may help to explore these feelings with a mental health professional who can provide support and tools to understand and manage this internal turmoil. Practices such as mindful breathing, journaling, or creative expression might also offer some relief by helping you externalize and process these intense emotions safely. Remember, you're not alone, and reaching out for help is a strong and positive step."
context_168,"I feel like I am not at a good state of mind. I'm very unsettled in my soul. I'm not happy with myself or the decisions I make, which makes me not happy with anyone else. I feel like a failure most of my days. I don't feel like I'm good at anything anymore. I feel like less of a person.","I'm really sorry you're feeling this way. It might help to talk to someone you trust about how you're feeling, such as a close friend, family member, or a mental health professional. Remember, you're not alone, and there are people who want to support you through this difficult time. Taking small steps toward self-care and reaching out for help can make a difference. Your feelings are valid, and with support, things can get better."
context_169,I feel like I hate myself physically and emotionally sometimes. How can I start accepting myself and be more confident?,"Starting to accept yourself and build confidence involves several compassionate and practical steps:

1. **Practice Self-Compassion:** Treat yourself with the same kindness you would offer a friend. When negative thoughts arise, acknowledge them without harsh judgment.

2. **Challenge Negative Thoughts:** Notice when you’re being self-critical and try to question those thoughts. Are they really true, or are they exaggerated?

3. **Focus on Your Strengths:** Make a list of things you like about yourself—qualities, achievements, or moments you felt proud. Revisit this list regularly.

4. **Set Small, Achievable Goals:** Confidence grows as you accomplish goals. Start with manageable tasks to build momentum.

5. **Maintain Healthy Habits:** Exercise, nutritious eating, adequate sleep, and mindfulness practices can all improve emotional wellbeing and self-image.

6. **Surround Yourself with Support:** Spend time with people who uplift and accept you as you are.

7. **Seek Professional Help if Needed:** A therapist or counselor"
context_170,I feel like I have to be promiscuous in order to keep people around? It started after I got raped by my ex-boyfriend.,"I'm really sorry you're going through this. It’s important to know that your worth is not defined by your relationships or how you connect with others. Healing from trauma like rape takes time and support, and it’s okay to seek help from a therapist or counselor who can guide you through these feelings. You deserve to feel safe, valued, and loved for who you are—not based on anything you do to keep others around. Reaching out to trusted friends, support groups, or mental health professionals can be a crucial step toward healing and rebuilding your sense of self."
context_171,"I feel like I took our relationship for granted and he's now to the point that he's giving up.
   I have had trouble feeling like I could trust him but he's given me no reason not to trust him. I know my attitude is also a big issue for him. I have a lot of obligations at home so we don't spend a lot of time together.    How can I fix this relationship?","To work on fixing your relationship, start by openly communicating your feelings and acknowledging your mistakes, showing genuine remorse for taking him for granted. Rebuild trust by being consistent, reliable, and transparent in your actions. Prioritize quality time together, even if it's limited—small, meaningful moments can strengthen your connection. Address your attitude by reflecting on what triggers negative behavior and actively working to improve it, possibly with the help of self-help resources or counseling. Consider couples therapy to facilitate honest conversations and develop effective coping strategies. Ultimately, demonstrating commitment and making tangible changes can help rebuild the relationship."
context_172,"I feel like I was born in the wrong body I feel like I should be a girl not a boy
 Ever since I was young, I have wanted to be a girl. I felt like what I was wasn’t me. I want to know what I can do about it. My family is against transgender people and don't want anything to do with them. I want to be “me.” I feel as if I'll be happy then. I don't look in mirrors, and I don't like my reflection. Recently, I have been taking things to help even though they were not prescribed. I know I should have this handled by a professional.","I'm really sorry you're going through this. It’s important to know that your feelings are valid, and you deserve support and to live authentically as yourself. Finding a qualified mental health professional or a gender therapist who is experienced with transgender issues can be very helpful—they can guide you through understanding your feelings and exploring options safely. Since your family is not supportive right now, consider reaching out to LGBTQ+ support groups or organizations, many of which offer confidential advice, community, and resources. Taking unprescribed medications can be harmful, so please try to avoid self-medicating and seek professional guidance to ensure your well-being. Remember, you’re not alone, and there are people and services ready to help you be who you truly are."
context_173,I feel like I would be more comfortable as a girl even though I still like girls. I think I'm like a girl stuck in a guy body. I imagine myself as a girl too. I think this more because my friends say that if I was a girl I would be a hot looking one. And I don't care about having boobs or anything. I just feel like the way that I do act will make more sense if I was a girl.,"It sounds like you might be exploring feelings related to your gender identity, feeling more comfortable or authentic imagining yourself as a girl despite being attracted to girls. This is a valid experience, and you might be somewhere along a spectrum of gender identity that doesn’t strictly align with traditional male or female roles. It could be helpful to take your time to reflect on these feelings, consider talking to a counselor or support group experienced with gender identity, and remember that your identity is about what feels right for you, not just appearance or societal expectations."
context_174,I feel like I'm trying to convince myself that I'm okay when I'm not. I'm always blocking out the bad things and forgetting. I also feel like nobody cares for me and they never will. I feel truly alone.,"I'm really sorry you're feeling this way. It might help to reach out to someone you trust, like a close friend, family member, or a mental health professional, who can offer support and understanding. Remember, you're not alone, and there are people who want to help you through this. Taking small steps to share how you feel can make a difference."
context_175,"I feel like I'm ugly, stupid, useless, and that I can't make anyone happy.","I'm really sorry you're feeling this way. Remember that everyone has value and worth, including you. It might help to talk to someone you trust about how you're feeling, like a close friend, family member, or a mental health professional. You're not alone, and support is available."
context_176,"I feel like every time I do something someone asks me to, I never fully meet what they want. I feel that when I finish it, they always think that they should have picked someone else to do it. I feel like they just want nothing to do with me.","It sounds like you’re feeling unappreciated and misunderstood despite your efforts. Remember that others’ opinions don’t define your worth or abilities. It might help to have an open conversation with those involved to clarify expectations and get constructive feedback. Also, focus on what you’re learning and your personal growth rather than trying to meet everyone’s approval. Your value isn’t determined by others’ judgments."
context_177,I feel like my time is going too fast,"Feeling like time is going too fast is a common experience that can happen when you're very busy, stressed, or not fully present in the moment. To help slow down your perception of time, you might try mindfulness practices, such as meditation or deep breathing, engaging more fully in your daily activities, taking breaks to relax, or creating new experiences that make your days feel more varied and memorable."
context_178,I feel really uncomfortable when I have people's attention. It makes me not want to talk in public or answer questions in class. Can I get over this social anxiety?,"Yes, you can overcome social anxiety with practice and support. Techniques such as gradual exposure to social situations, deep breathing exercises, and cognitive-behavioral strategies can help reduce discomfort. It may also be beneficial to seek guidance from a mental health professional who can provide personalized tools and therapies to build confidence and manage anxiety in social settings. Remember, progress takes time, so be patient and kind to yourself as you work through these feelings."
context_179,"I feel so alone. I have so many people around me, but it seems as they just listen and dont understand. They say it will all be okay, or they don't listen to me st all. Everyone says they are here for me but it doesn't feel like they are. Why do I feel so alone?","Feeling alone despite being surrounded by people often happens when you sense a lack of genuine understanding and emotional connection. Hearing phrases like ""it will all be okay"" might feel dismissive if your deeper feelings and experiences aren’t truly acknowledged. True connection involves feeling seen, heard, and validated—not just listened to. It’s important to seek out someone who can offer that kind of empathy, whether a trusted friend, family member, or a mental health professional, who can help you feel understood and supported. Remember, your feelings are valid, and reaching out for meaningful connection is a brave and important step."
context_180,"I feel so irritated and frustrated because of it. I get so angry to the point that I feel like I'm going to explode. I feel pathetic, stupid, and worthless. I just can't take this anymore.","I'm really sorry you're feeling this way. It might help to talk to someone you trust about how you’re feeling, such as a close friend, family member, or a mental health professional. Remember, you're not alone, and there are people who want to support you through this. Taking small steps like deep breathing, taking a short walk, or writing down your thoughts can also help manage overwhelming emotions. Please consider reaching out for support—you deserve help and understanding."
context_181,"I feel that I am struggling with undiagnosed bipolar disorder, and it is making my day-to-day life extremely difficult.","If you believe you may be struggling with bipolar disorder, it is important to seek professional help from a mental health provider such as a psychiatrist or psychologist. They can conduct a thorough assessment, provide a diagnosis, and develop an appropriate treatment plan which may include therapy, medication, and lifestyle adjustments. In the meantime, try to maintain a routine, avoid alcohol or drugs, and reach out to trusted friends or family members for support. If your symptoms feel overwhelming or you're having thoughts of self-harm, seek emergency help immediately."
context_182,"I feel that I need to end my present relationship. He lives three hours away and likes the reassurance of having someone to talk to multiple times per day and seeing me once or twice a month. I want someone who is more present and more of a life companion. Lately, he has had a very busy work schedule and I have only seen him a few times in the last 6 weeks. I told him that I can't continue in this way because I constantly feel frustrated and angry and that he is not making the relationship enough of a priority. I also feel it is keeping me from possibly finding the relationship I want. We have been together 7 years. The problem is that I panic and experience anxiety and depression thinking of him with someone else and then thinking I will never meet someone I like. We have gone through this cycle already 4-5 times and I feel it is unhealthy to stay in it, but my aversion to the anxiety and depression I experience upon separation always leads me to reconcile.","It sounds like you’re in a difficult and painful cycle that’s impacting your emotional well-being. Ending a long-term relationship, especially one with deep history, can understandably trigger intense anxiety and fear of being alone or not finding someone new. However, your feelings of frustration and the mismatch in needs—his distance and limited presence versus your desire for a more present partner—are valid reasons to prioritize your happiness and mental health.

Recognizing that the cycle of breaking up and reconciling is unhealthy is an important step. To support yourself through the process of ending the relationship, consider seeking professional help from a therapist who can help you manage anxiety and depression, work through fears around separation, and build your confidence for the future. Also, leaning on trusted friends and family, establishing new routines, and focusing on self-care can ease the transition. Remember that it’s possible to heal and find a relationship more aligned with your needs, even if it feels daunting now. Prioritizing your emotional health and needs is"
context_183,I feel too scared to meet people I don't know - even relatives. I don't ever raise my hand or talk in school. I feel like no one understands. How can I handle this?,"Feeling scared to meet people and speak up is more common than you might think. Here are some steps you can try to help manage these feelings:

1. **Start Small:** Begin by practicing brief interactions with people you feel somewhat comfortable with, like a close family member or a friendly classmate.

2. **Prepare Ahead:** Think about topics or questions you might want to bring up before meeting new people. This can reduce anxiety about what to say.

3. **Use Relaxation Techniques:** Deep breathing, mindfulness, or visualization can help calm your nerves before and during social situations.

4. **Set Realistic Goals:** Challenge yourself with small, achievable social goals, like saying “hello” or asking a simple question, and gradually increase from there.

5. **Seek Support:** Talk to a trusted adult, counselor, or therapist who can provide guidance and help you develop coping strategies.

6. **Remember, You’re Not Alone:** Many people experience similar feelings, and with time and practice, social"
context_184,"I find myself being very outgoing most of the time, but there are some times when I don't know what to say. I don't even want to talk at all. It's like, I search for the right thing to say and nothing ever comes out. I don't know if I'm outgoing only to fill the void of not knowing what to say. I don’t know if people like that about me. I'm very self-conscious and always think people are talking about me, so it makes me have a cold shoulder and not want to talk.","It's completely normal to experience moments of silence or uncertainty, even if you're generally outgoing. Sometimes, outgoing behavior can be a way to cope with inner doubts or insecurities, like searching for connection or validation. Feeling self-conscious and worrying about what others think can make social interactions challenging and lead to wanting to withdraw. Recognizing these feelings is an important first step. It might help to give yourself permission to have quiet moments without judgment and remind yourself that it's okay not to always have the perfect thing to say. Building self-compassion and focusing on genuine connections rather than fearing judgment can gradually ease these feelings. If these thoughts and feelings become overwhelming, talking to a trusted friend or a mental health professional could provide additional support."
context_185,I find myself lying about small everyday things that there is really no need to lie about. How do I figure out what triggers me to do this? And how do I help overcome this problem? I would like to become more honest and open no matter the situation.,"To understand what triggers your habit of lying about small everyday things, start by reflecting on when and why the lies occur. Keep a journal to note situations, emotions, and thoughts leading up to each lie. Common triggers include fear of judgment, desire to avoid conflict, low self-esteem, or seeking approval. Once you identify patterns, practice strategies to overcome this behavior:

1. Increase self-awareness: Pause before responding to a situation where you might lie. Ask yourself why you feel the need to do so.

2. Build self-acceptance: Work on embracing your true self, which reduces the fear of being judged or rejected.

3. Practice honesty in low-stakes situations: Start sharing truthful responses in everyday conversations to build confidence.

4. Use mindful communication: If uncomfortable sharing the full truth, consider being vague rather than fabricating details, while gradually working toward full honesty.

5. Seek support: Talk to trusted friends, family, or consider professional counseling to explore underlying issues and develop coping skills"
context_186,"I find that I imagine things sexually, and I hate it because it puts strain on my relationship. I feel helpless and guilty. I want it to go away, and I want to make my woman happy again.","It's understandable to feel conflicted when your thoughts cause distress in your relationship. Remember, having sexual thoughts is a natural part of being human and doesn't make you a bad partner. What matters most is how you handle these feelings and communicate with your partner. Consider talking openly with her about your feelings and struggles to foster understanding and support. If these thoughts feel overwhelming or harmful to your relationship, seeking guidance from a therapist or counselor can provide strategies to manage them and strengthen your connection. Prioritizing patience, self-compassion, and honest communication can help you both find happiness together."
context_187,"I found messages between my boyfriend and this girl on social media. He was asking her for naked pictures and then hung out with her once, but nothing happened. I didn’t find out about the messages until last month and that was six months after it happened. I can’t trust him anymore and I'm just wondering if I ever will. He admitted that he wanted to have sex with her but he didn't. He was only talking with her because he thought we were going to have a break up. My heart is completely broken. I feel like I'm in competition with every girl on the planet for my boyfriend’s affection. I'm afraid that he doesn't like me anymore, but without me he's homeless and without a car. I love him so much. It's been tearing me apart. I don't feel pretty anymore though. I don't feel good enough for anyone or anything. I thought I knew him as well as I knew myself. Then all of a sudden my world was flipped upside down. I'm still trying to figure out which way is up.","I'm really sorry you're going through this. Feeling betrayed and hurt after discovering those messages is completely natural, and it's understandable that your trust has been shattered. It’s important to acknowledge your feelings—they are valid and deserve attention. Remember that your worth is not defined by his actions or by comparisons to others; you are inherently valuable and deserving of love and respect. Healing takes time, so be gentle with yourself as you navigate through this emotional pain. Consider talking to close friends, family, or a counselor who can support you and help you rebuild your confidence and sense of self. Ultimately, your happiness and well-being matter most, and you deserve a relationship where you feel secure, valued, and loved."
context_188,"I found out my boyfriend takes anti-depression medicine. Lately he's been saying he has a lot on his mind, and he needs time to think about us. We've only been dating 3 weeks but I like him a lot.","It's understandable to feel concerned given the new information and his recent need for space. Taking anti-depression medication can mean he's managing mental health challenges, which might be contributing to his current feelings. Since you've only been dating for a short time, giving him the space he’s asking for while showing support and understanding can be helpful. Communicate openly when he's ready, and consider expressing that you care about him and are willing to be patient as he sorts through his thoughts."
context_189,"I found out today that my wife is cheating on me. I love her, but she won’t tell the truth even when I have proof. When I beg her to tell the truth, she yells, cusses, and gets a huge attitude.","I'm really sorry you're going through this. It might help to seek support from a trusted friend, family member, or a professional counselor to navigate your feelings and decide on the best steps forward for your well-being."
context_190,"I found the guy I’m dating on dating websites. He was telling women that they were beautiful. He said it wasn’t him and that the phone was hacked. It has since happened two other times. He says he loves me and I’m the only girl he wants to be with, but I feel he is not telling me the truth.","It’s understandable to feel hurt and uncertain given the repeated incidents. Repeated messages to other women despite his assurances suggest a pattern that may not align with his words. Trust is essential in a relationship, and if you feel he’s not being truthful, it’s important to address your concerns openly. Consider having a candid conversation about your feelings and boundaries. If the behavior continues and trust cannot be rebuilt, you may need to evaluate whether this relationship is healthy and right for you."
context_191,"I get an uncontrollable swallowing that is repetitive and then somewhat out of body feeling that lasts no more than a minute or two. It usually happens in bed at night, but I occasionally experience this during the day. I have a benign brain tumor, but the doctor said it is not associated with this.","The repetitive swallowing and brief out-of-body sensation you’re experiencing could be related to anxiety, stress, or a benign neurological phenomenon such as a focal seizure or a sensory disturbance. Although your doctor has indicated that your benign brain tumor is not associated with these symptoms, it’s important to monitor their frequency and any changes. You should consider discussing this further with a neurologist or your healthcare provider to explore additional evaluation, such as EEG or imaging, to rule out seizures or other causes and to find appropriate management options."
context_192,I get angry and act out. It scares my wife and child.,"It's important to recognize your feelings and work toward managing anger in healthier ways. Consider seeking support through anger management techniques, counseling, or therapy to understand the root causes of your anger and develop strategies to express yourself without causing fear. Communicating openly with your wife and child about your intentions to change can also help rebuild trust and create a safer, more supportive home environment."
context_193,I get really mad easily at my parents and family.,"Feeling angry easily at your parents and family is common and understandable, especially if there are unresolved issues or stress. It might help to try expressing your feelings calmly and honestly, finding moments to talk openly about what bothers you. Practicing deep breathing or taking a short break when you feel anger rising can also help manage your emotions. If the anger feels overwhelming or persistent, consider reaching out to a counselor or therapist who can support you in understanding and coping with these feelings."
context_194,"I get so much anxiety, and I don’t know why. I feel like I can’t do anything by myself because I’m scared of the outcomes.","Feeling overwhelmed by anxiety and fear of outcomes is common, but there are ways to manage it. Try breaking tasks into smaller, manageable steps to reduce pressure. Practice mindfulness or deep-breathing exercises to calm your mind. It can also help to talk about your feelings with a trusted friend or a mental health professional who can provide support and coping strategies. Remember, it's okay to ask for help and take things one step at a time."
context_195,I get very nervous and anxious/scared before sex.,"Feeling nervous or anxious before sex is common and can be influenced by a variety of factors such as past experiences, pressure to perform, or concerns about intimacy. To help reduce these feelings, try communicating openly with your partner about your feelings, focusing on relaxation techniques like deep breathing or mindfulness, and taking things at a comfortable pace. If anxiety persists or feels overwhelming, consider speaking with a therapist or counselor who specializes in sexual health or anxiety for additional support."
context_196,"I got engaged, and everything was going well. Things went downhill at some point, and I broke off the engagement due to an opportunity to go to college. After that, I found out she had been cheating on me. I think about her all the time now, and we have been communicating on and off, but my friends/family don't know.","It's understandable that you're going through a difficult and emotional time, especially after breaking off an engagement and discovering betrayal. It's important to give yourself space to heal and process your feelings. Consider confiding in trusted friends or family members to gain support, or speaking with a counselor who can help you navigate these emotions. Maintaining communication with her might be prolonging your pain, so reflecting on what you truly need to move forward could be beneficial for your well-being. Prioritize your own growth and happiness as you continue on this new path."
context_197,"I got involved with my best friend who is married but has been very unhappy for the last five years. We both fell in love and have been together for eight months. He left the house and filed for divorce. He decided to tell her about our relationship, and she is willing to forgive and work on things. This shook him. They have two kids together. He decided to put the divorce on hold. He left town for a month to get clarity on the situation and see a therapist.","In this complex situation, it's important for your friend to take the time he needs during therapy to fully understand his feelings and priorities, especially considering the impact on his marriage and children. Open communication with all involved parties, including his wife, is essential if they choose to work on the relationship. Meanwhile, reflect on your own needs and boundaries, and consider seeking support for yourself as well to navigate the emotional challenges ahead."
context_198,"I got married in 2014. I have a two year old son. His mom and I decided to separate due to my infidelities. We've tried to reconcile our differences but it never works out. Since we've been separated, I've dated someone, and we are expecting a baby girl. Is this something I should mention to my wife? The current woman whom I'm dating has been telling me for months to break up with her, but it's hard because I actually love her.","Given the complexities of your situation, it’s important to approach this with honesty and sensitivity. Since you and your wife are separated but co-parenting a young child, sharing significant information—like expecting a baby with someone else—can impact your ongoing relationship and your son's well-being. While it may be painful, being transparent can help establish trust and clarity moving forward. At the same time, consider discussing your feelings and decisions with a counselor or therapist to navigate this situation thoughtfully, support all parties involved, and make choices that prioritize the best interests of your children."
context_199,"I got sick really bad and was throwing up for three days and nights. I thought I was going to die. Then about a week later, I started having this desire to be female. I never had this desire before. All I can think about is being a woman. I don't get pleasure from my penis anymore either. Women are attractive, but not like before. I can also find men attractive now. I'm too ashamed to tell anyone.","It sounds like you’re experiencing significant changes in how you feel about your gender and attraction, which can be confusing and overwhelming—especially after being so ill. These feelings are valid, and it’s important to remember you don’t have to face them alone. Consider reaching out to a trusted healthcare professional, counselor, or support group who can provide a safe, non-judgmental space to explore your feelings and offer guidance. Taking that first step might feel scary, but it can really help you understand yourself better and find support."
context_200,"I had a dispute with my therapist regarding an appointment cancellation. Now, she is blocking me from seeing other psychologists at the same clinic (which takes my insurance), which is also where I get my psychiatric services. There is a strict 48 hour cancellation policy, and my appointments are at 3:00 on Tuesday. I called to cancel at 4:30 the previous Friday. I was late, so we contacted my doctor to tell her that I would be out of town. She said I could do a phone in session. The thing is we do double sessions.","Given your situation, it’s important to clarify the cancellation policy and communicate with the clinic administration. You called to cancel more than 48 hours before your Tuesday 3:00 PM appointment (4:30 PM Friday is over 64 hours prior), which should comply with the 48-hour policy. Since your therapist permitted a phone-in session and your sessions are double length, confirm with the clinic that the phone session satisfies the appointment requirement and that your cancellation was properly recorded. If your therapist is blocking access to other psychologists unfairly, consider contacting the clinic’s administration or your insurance provider to address the issue and ensure your continued access to care. Document all communications for your records."
context_201,I had a head injury a few years ago and my mind races all the time. I have trouble sleeping and have a lot of anxiety. Every medicine I have been on my body rejects; I get sick to my stomach and get blisters in my mouth. How can I calm my self down? I'm a wreck.,"I'm sorry you're going through this. To help calm yourself without medication, consider trying these approaches:

1. **Mindfulness and breathing exercises:** Practice deep, slow breathing or guided meditation to help reduce anxiety and slow your racing thoughts.

2. **Establish a calming bedtime routine:** Create a consistent routine before bed, such as reading, listening to soothing music, or gentle stretching to signal your body it’s time to sleep.

3. **Limit stimulants:** Avoid caffeine, nicotine, and heavy meals close to bedtime.

4. **Physical activity:** Gentle exercise, like walking or yoga, can help reduce anxiety and improve sleep but avoid intense workouts close to bedtime.

5. **Create a restful environment:** Keep your bedroom cool, dark, and quiet to promote better sleep.

6. **Cognitive-behavioral therapy (CBT):** Consider working with a therapist trained in CBT for anxiety and insomnia to develop coping strategies.

7. **Consult specialists:** Since you have a history of head"
context_202,"I had a very troubled up bringing and I'm currently dealing with alot right now. I know some people may not think so, but to me its a lot. I feel overwhelmed. Could this be depression?
   I use to be in therapy as a child. Alll throughout elementry, middle, and high school I had counseling 2-3 times a week. I haven't be in counseling lately though.","I'm sorry to hear you're feeling overwhelmed. While I can't diagnose you, experiencing a troubled upbringing and current stress can contribute to feelings of depression. It might be helpful to reach out to a mental health professional who can provide support and guidance tailored to your situation. Reconnecting with therapy could be beneficial in managing your feelings and finding ways to cope. Remember, seeking help is a strong and important step toward feeling better."
context_203,"I had to go to the emergency room today to get an X-ray of my spine. My boyfriend didn't want to sit there and wait with me. Instead, he wanted to go do things for his friends while I waited. When I was done, he was twenty minutes late in picking me up. He doesn't understand why I'm mad, and we keep bickering at each other over the smallest things. He thinks I don't have a reason to be mad, but I believe that I do.","It's completely understandable that you feel upset. Going to the emergency room can be stressful and having your boyfriend choose to prioritize his friends over supporting you during that time likely made you feel neglected and unimportant. His being late to pick you up added to those feelings. Communication is key—express to him calmly how his actions affected you and why you needed his support, so he can better understand your perspective."
context_204,"I had to put a restraining order against my ex-fiancé. He was served last night. He was mentally and verbally abusive towards me. I thought it was my nerves, but every time I stand up, I get sick. If I sit and rock, I'm fine.","Your symptoms of feeling sick when standing but better when sitting and rocking could be related to anxiety or stress from the situation. However, it’s important to rule out physical causes such as low blood pressure or inner ear issues affecting your balance. Consider seeing a healthcare professional to evaluate your symptoms and get appropriate support for both your physical health and emotional well-being during this difficult time."
context_205,I hate everything I see in the mirror. I don't like being in pictures and always scribble out my face. It's stressing me out. I don't trust my parents enough to tell them and I don't know what to do.,"I'm really sorry you're feeling this way. It might help to talk to a trusted adult, teacher, school counselor, or a mental health professional who can support you. Remember, you're not alone, and there are people who want to help you through this. Taking small steps to share how you feel can make a big difference."
context_206,"I have PTSD from childhood events and other traumas as an adult. I have panic attacks, nightmares, anger, and at times depression. I feel like I'm always on the edge or just apathetic. Can I fix this by myself?","While some self-help strategies like mindfulness, grounding techniques, regular exercise, and maintaining a routine can provide some relief, PTSD and its symptoms often require professional treatment for effective healing. It's important to seek support from a mental health professional who can offer therapy options such as Cognitive Behavioral Therapy (CBT), Eye Movement Desensitization and Reprocessing (EMDR), or medication if needed. You do not have to manage this alone—reaching out for professional help can significantly improve your quality of life."
context_207,"I have PTSD. The side effects are really bad and have impacts on sex, anger and my relationships. I even lost my job month ago.    How can I get my life back?","I'm sorry you're going through this. Managing PTSD and its side effects can be challenging, but there are steps to help you regain control and improve your life:

1. **Seek Professional Support:** Connect with a mental health professional experienced in trauma and PTSD. Therapies like Cognitive Behavioral Therapy (CBT), Eye Movement Desensitization and Reprocessing (EMDR), or medication can reduce symptoms and improve your quality of life.

2. **Medication Management:** If side effects of medication are impacting your life, discuss this with your doctor. They can adjust dosages or try alternative treatments that may have fewer side effects.

3. **Build a Support Network:** Reach out to trusted friends, family, or support groups for people with PTSD. Sharing your experiences can reduce isolation and provide emotional support.

4. **Develop Healthy Routines:** Regular exercise, a balanced diet, proper sleep, and mindfulness or relaxation techniques can help manage symptoms like anger and emotional regulation.

5. **Address Relationship Challenges:** Couples or"
context_208,I have a bad habit of thinking and worrying about what others may think of me. I really want to stop it and enjoy things.,"It's natural to care about others' opinions, but constantly worrying can hold you back from enjoying life. To reduce this habit, try these steps: focus on your own values and what makes you happy instead of external approval; practice mindfulness to stay present and avoid overthinking; remind yourself that everyone has their own concerns and most people aren’t judging you as harshly as you imagine; and gradually expose yourself to situations where you feel judged to build confidence. Over time, these practices can help you feel freer and more focused on your own joy."
context_209,"I have a child with my baby mother. She works I take care of our young son. She says she is not cheating I have not found anything but she always putting me down, telling me to get out and telling me she doesn't love me, but then the next day after our fight she says she does. I'm having a hard time because before our child she said she was raped by a family member but she never went to the hospital or the cops. Now me and my family don't talk. She's always telling me I'm annoying and just belittles me. Nothing I do is right. She says I work you watch the baby. On her days off she never cooks or cleans. I have no friends or family and a couple months ago she was confiding to some guy, but says he's not any thing to her. What do I do? I don't want to leave.","You're in a very challenging and painful situation, and it's important to prioritize your emotional well-being and the well-being of your child. The pattern of your partner's behavior—putting you down, inconsistency in expressing love, belittling you, and creating distance between you and your family—are signs of emotional abuse. It’s understandable that you don’t want to leave, but staying in a relationship where you are consistently hurt can be damaging.

Consider seeking support from a counselor or therapist who can help you navigate your feelings and improve communication. They can also assist you in setting healthy boundaries. Building a support network outside the relationship—whether through friends, support groups, or family members—is crucial for your mental health. Focus on creating a stable, loving environment for your child and yourself.

If possible, open an honest conversation with your partner about how her actions affect you. However, if the hurt continues or worsens, prioritize safety and consider professional guidance or mediation to explore your options. Remember,"
context_210,"I have a fear of something and I want to face that fear to overcome it, but I don't know how. What can I do?","To face and overcome your fear, start by identifying exactly what you’re afraid of and understanding why it frightens you. Gradually expose yourself to the fear in small, manageable steps rather than all at once—this is called exposure therapy. Practice relaxation techniques like deep breathing or mindfulness to stay calm during this process. Setting realistic goals and celebrating progress, no matter how small, can boost your confidence. If your fear feels overwhelming, consider seeking support from a therapist who can guide you through structured methods such as cognitive-behavioral therapy (CBT). Remember, overcoming fear takes time and patience, so be kind to yourself throughout the journey."
context_211,"I have a friend that who I used to be in a relationship with. It was brief and turned into us being just good friends.
   I spent the weekend with him and it upset my boyfriend. Was i wrong?","It's understandable that your boyfriend might feel upset if he was uncomfortable with you spending the weekend alone with an ex or a friend you used to be in a relationship with. Whether you were ""wrong"" depends on the boundaries and agreements within your current relationship. Open communication with your boyfriend about why you spent time with your friend, how you feel about the situation, and listening to his feelings can help resolve any misunderstandings and establish mutual trust."
context_212,"I have a lot of child custody concerns, financial issues, insecurities and weigh gain. I also have no local family support. It's hard for me to stay positive. I get very emotional and take it out on the people I love. How can I stay strong?","I'm sorry you're going through such a tough time. To stay strong, try focusing on small, manageable steps each day. Consider reaching out to a counselor or support group to help process your emotions and reduce the burden you feel. Establishing a routine that includes physical activity, even gentle exercise, can improve mood and help with weight concerns. Practice self-compassion and remind yourself that it's okay to have difficult moments. When emotions run high, take a pause before reacting to loved ones, and communicate honestly about your struggles. Building new support networks, such as friends, community groups, or online forums, can also provide connection and encouragement. Remember, seeking help is a sign of strength, and you're not alone."
context_213,"I have a lot of issues going on right now. First of all, I have a lot of trouble sleeping at times, while other nights I sleep too much and still feel quite tired. I’m also noticing increased irritability and experiencing anxiety attacks that last for hours. Is there something wrong with me and if so what should I do?","It sounds like you are experiencing significant sleep disturbances, mood changes, and prolonged anxiety attacks, which could indicate an underlying mental health condition such as anxiety disorder, depression, or another mood-related issue. It's important to reach out to a healthcare professional, such as a primary care doctor or a mental health specialist, who can evaluate your symptoms, provide a proper diagnosis, and recommend appropriate treatment. Additionally, keeping a journal of your sleep patterns, mood changes, and anxiety episodes may help your provider understand your situation better. If your anxiety attacks become overwhelming or you have thoughts of self-harm, seek immediate help from a crisis hotline or emergency services."
context_214,"I have a lot on my mind, but all I want to do is stay locked in my room and not socialize with anyone. Why do I feel so alone?","Feeling alone even when surrounded by thoughts or people is common when you're overwhelmed or emotionally exhausted. Wanting to isolate yourself can be a way your mind tries to protect you from stress or discomfort. It's important to acknowledge these feelings and consider reaching out to someone you trust or a mental health professional to help process what you're experiencing. Remember, you're not alone, and support is available."
context_215,"I have a mother who is still running my life even though I'm almost 30 years old. I want to move out and live my own life, but it feels like as long as I do what my mom wants our relationship is okay. It's never okay if I don't do what she wants.    I don't know how to start making my own decisions and not worry about whether it's right in her eyes. Would it help for me to talk to someone about this?","Yes, talking to someone about this can be very helpful. A therapist or counselor can provide you with support and guidance as you learn to set healthy boundaries, make your own decisions, and build confidence in living independently. They can also help you explore your feelings about your relationship with your mother and develop strategies to communicate more effectively. Seeking professional help is a positive step toward gaining control over your life and finding balance in your relationships."
context_216,"I have a problem with binge eating, especially during times of stress. I binge eat and feel so overwhelmed with shame and disappointment that I end up going to the gym and trying to exercise the calories off. I am in my late 20s, and I have been dealing with this since I was a teenager. Are there any coping mechanisms I can use to break this cycle?","Dealing with binge eating, especially related to stress, can be challenging, but there are effective coping strategies you can try to break the cycle:

1. **Identify Triggers:** Keep a journal to track when and why binge episodes happen. Understanding emotional or situational triggers can help you anticipate and manage urges.

2. **Develop Healthy Stress-Relief Habits:** Instead of using food as a coping mechanism, try alternatives such as deep breathing exercises, meditation, journaling, or engaging in enjoyable hobbies.

3. **Practice Mindful Eating:** Pay close attention to your hunger and fullness cues, eat slowly, and savor your food to reduce impulsive binges.

4. **Establish a Balanced Eating Routine:** Eat regular, balanced meals with adequate protein, fiber, and healthy fats to stabilize blood sugar and reduce extreme hunger that can lead to binges.

5. **Limit Self-Criticism:** Replace shame and guilt with self-compassion. Negative emotions can perpetuate the cycle, while"
context_217,"I have a really bad temper. I get mad very easily then stay like that the whole day. I don't mean to be that way, but I can't help it.","Having a bad temper that lasts all day can be challenging, but there are strategies that might help you manage it better. First, try to identify specific triggers that make you angry so you can prepare for or avoid them when possible. Practicing deep breathing exercises, mindfulness, or meditation can help calm your mind when you start to feel upset. Physical activity like walking, running, or yoga can also reduce stress and improve mood. Additionally, talking to a trusted friend, family member, or a mental health professional can provide support and strategies tailored to your situation. Remember, it's okay to seek help, and learning to manage your temper is a process that takes time and patience."
context_218,"I have a relative who is in his twenties. He was in a drug rehabilitation program and got kicked out for using drugs again. No one informed family that he was using drugs again. He subsequently overdosed and was found dead.
 Is their accountability of counselors, therapists or the halfway house for not reporting that he had relapsed? Is there a legal case for failing to report?","Whether counselors, therapists, or a halfway house are legally accountable for failing to report a relapse depends on the specific laws and regulations of the jurisdiction, the policies of the treatment program, and the nature of their duty to the client and family. Generally, drug rehabilitation professionals have confidentiality obligations but also duty-of-care responsibilities. 

1. **Confidentiality vs. Duty to Warn/Protect:** Therapists and counselors are typically bound by confidentiality, limiting what they can share without the patient’s consent. However, if there is an imminent risk of harm (such as overdose risk), they may have an ethical and sometimes legal obligation to take reasonable steps to prevent harm, which could include notifying others.

2. **Reporting Requirements:** There is no universal legal mandate requiring treatment providers to report relapse to family members unless it poses a direct, immediate danger or is otherwise mandated (e.g., court-ordered reporting). Some treatment programs have policies about family notification, but these are not always legally enforceable requirements.

3"
context_219,"I have a severe back problem. I've had 3 major and several minor operations, but I'm still in constant pain. How can I deal with the depression from this chronic pain?","Dealing with depression from chronic pain can be very challenging, but there are several approaches that may help:

1. **Seek Professional Support:** Consider working with a mental health professional, such as a psychologist or psychiatrist, who has experience with chronic pain. Therapies like cognitive-behavioral therapy (CBT) can help you develop coping strategies to manage both pain and depression.

2. **Pain Management Programs:** Comprehensive pain management programs often combine medical, physical, and psychological treatments which can improve quality of life and reduce feelings of helplessness.

3. **Medication:** Talk to your doctor about medications that may help both pain and depression, if appropriate.

4. **Stay Active Within Limits:** Gentle physical activity, such as stretching or water therapy, can improve mood and reduce pain perception.

5. **Social Support:** Maintain connections with friends, family, or support groups to reduce isolation and share experiences.

6. **Mindfulness and Relaxation Techniques:** Practices like meditation, deep breathing, or yoga"
context_220,"I have absolutely nothing to do with my life but lay in bed on my phone or hangout with my one friend. I don't have a job, my family doesn't include me in anything, and I don't have many friends. I have nothing to do besides go on my phone. I miss talking to people in person instead of online. I don't even talk to my family in person even from the other room.","It sounds like you're feeling isolated and disconnected right now, which can be really tough. Taking small steps to engage with others might help, like joining a local club, class, or community event where you can meet new people in person. Volunteering can also provide opportunities for social interaction and a sense of purpose. If possible, reaching out to a counselor or support group could offer guidance and support as you work through these feelings. Remember, even small social connections can gradually help reduce loneliness and bring more meaning to your days."
context_221,I have always wanted to have a transition from male to female for some time now. This issue has persisted for 10 years already but I don't know where to start. I do not have the soundest information either.,"Starting a gender transition can feel overwhelming, but taking it step-by-step can help. Here are some general steps to get you started:

1. **Self-Education:** Learn about the transition process, including social, medical, and legal aspects. Reliable resources include transgender support organizations, reputable websites like the World Professional Association for Transgender Health (WPATH), and local LGBTQ+ centers.

2. **Find Support:** Consider reaching out to support groups or counseling services that specialize in gender identity. Connecting with others who have transitioned can provide valuable insight and emotional support.

3. **See a Gender Therapist or Counselor:** A therapist experienced in gender identity issues can help you explore your feelings, guide you through informed decisions, and provide letters of support if you pursue medical treatments.

4. **Medical Consultation:** When ready, consult with healthcare providers knowledgeable about transgender healthcare to discuss hormone replacement therapy (HRT) and other relevant medical options.

5. **Legal Steps:** Research the legal process for changing your name and"
context_222,"I have an eating disorder of binging. I've had gastric sleeve surgery. I need help with issues of abuse as a child, addiction, and abusive men. I have been in therapy for five months and get no feedback from my therapist.","I'm sorry you're going through this. It sounds like you're dealing with many complex and painful issues. Since your current therapy isn't providing the feedback or support you need, consider discussing your concerns openly with your therapist or seeking a second opinion from another mental health professional who specializes in eating disorders, trauma, and addiction. Support groups for survivors of abuse and those recovering from addiction might also offer community and understanding. Remember, healing is a process, and finding the right support is important. If you ever feel unsafe, please reach out to trusted individuals or emergency services immediately."
context_223,"I have an emotionally abusive relationship. We have been together for a year and a half. He got out of prison exactly a year ago and a half ago, and we have a infant. I love my boyfriend, and I don't want to leave without fighting for this first. He's an emotionally disconnected person. We never say “I love you” to each other. Every fight is worse than the last one, and I don't know what to do. He doesn't let me speak because he's louder than me, and that makes me feel frustrated. I have another problem: English is my second language. I pay half of the bills, and every time I want to speak to him, he kicks me out of the house. He apologizes sometimes. I feel like I'm the only one fighting for this. He agreed to have counseling.","You're in a very difficult and painful situation. Emotional abuse and being consistently silenced can deeply affect your well-being and your ability to communicate freely. It’s positive that he agreed to counseling—it could provide a safe space for both of you to address these issues with professional support. However, remember that your safety and emotional health are paramount. Continue to seek support from trusted friends, family, or professional organizations that help people in abusive relationships. It’s important to recognize that love alone isn't always enough to change abusive behaviors, and you deserve respect, understanding, and kindness—not just apologies. Take care of yourself and your infant, and consider finding resources, such as counseling services or support groups, that can assist you through this challenging time."
context_224,"I have an ex-boyfriend who just lies about everything. He is super lazy. He lies to everyone that he has a good job, builds trust, and then start borrowing money—and large amounts too. It has come to the point where he has gone through several group of friends. He is leaving a trail behind full of friends in debt because he would put on a sob story, borrow money, then disappear. He refuses to work, so he sits at home playing games all day and either lies to his mom for money or lies to his friends. I used to think his lying was due to his drug habit, but now I'm hearing from other ex-friends of his that this started even before the drugs got into his life. He would borrow anywhere from $5,000 to $50,000 from everyone and it would all disappear. He's in debt with bills. He doesn't gamble, but he spends his money on random stuff.
   Although he has this habit of lying compulsively and spending money, he seems to be a good person. He'll always give a homeless person all his change no matter what. My brother has epilepsy and is really antisocial—my ex-boyfriend makes an actual effort to socialize with my brother. He takes him out to the movies and plays video games with him. He drives me to school and work every day and picks me up—just basically the small things that add up to the fact that he's not totally a horrible human being. Is he just simple a pathological liar or is there something that could possibly be deep down in there?","Your ex-boyfriend exhibits signs of compulsive lying, financial irresponsibility, and avoidance of work, which suggests more than just simple dishonesty. While pathological lying (also known as pseudologia fantastica) could explain the chronic lying behavior, his pattern of borrowing large sums, disappearing, and accumulating debt may indicate deeper underlying issues such as a personality disorder, impulse control problems, or untreated mental health conditions. His contrasting kindness toward others, like helping the homeless and making efforts with your brother, shows complexity in his personality—he is not simply ""bad"" but likely struggling with internal conflicts or emotional difficulties. Understanding his behavior fully would require a professional psychological evaluation, but it’s clear that the lying and borrowing are maladaptive coping mechanisms rather than just casual dishonesty."
context_225,"I have an overwhelming desire to watch my wife have sex with another man. I talked to her about it, and she said she will do it for me. The idea excites me to no end, but I don’t want to because it disgusts me. How can I stop wanting it, or should I just give into it and do it? I’ve been struggling for years with this. It won’t go away. By the way, I am in my mid 30s and my wife is in her mid 40s.","It's important to recognize that sexual desires can be complex and sometimes conflicting. Struggling with an overwhelming desire that simultaneously excites and disgusts you suggests conflicting emotions that warrant careful consideration. Here are some steps you might find helpful:

1. **Reflect Deeply:** Try to understand what aspects of the desire excite you and which cause disgust. This may help clarify whether the desire aligns with your core values and emotional well-being.

2. **Open Communication:** Continue talking openly with your wife about your feelings, boundaries, and concerns. Mutual understanding is essential to navigate such sensitive topics.

3. **Consider Professional Support:** A therapist or counselor, especially one experienced in sexuality and relationships, can help you explore your feelings in a safe, non-judgmental space. They can assist in managing conflicting desires, setting boundaries, or helping you decide what is best for you.

4. **Avoid Rushing Decisions:** Since this has been a long-standing struggle, take your time considering whether acting on this desire is"
context_226,"I have anger issues that have worsened over the years because I’ve never dealt with my emotions. My anger has never been expressed physically until the past year. My girlfriend has had to endure these episodes. I love her, and I think I’m about to lose her, if I already haven’t. I throw things at her when I’m angry, and sometimes I hit her. I may not hit her enough to cause harm, but I still physically lash out at her. I don’t want to lose her, and I don’t want the situation to worsen. I am a lesbian in my early 30s, and I have been dealing with anger since my childhood. I'm ready to change. I need help now. I'm about to explode.","It's very important that you seek immediate professional help to address your anger and the physical violence towards your girlfriend. Reach out to a mental health counselor or therapist who specializes in anger management and trauma as soon as possible. Consider contacting a crisis hotline or emergency services if you feel unable to control your impulses right now. Ensuring the safety of both yourself and your girlfriend is paramount—taking responsibility and committing to change is a critical first step, but professional support and possibly couples counseling will be essential in creating a healthier and safer environment for both of you."
context_227,"I have anxieties about everyday stressors, i.e. finances, work, relationships, kids, and maintaining a household.","It's normal to feel anxious about everyday stressors like finances, work, relationships, kids, and managing a household. To help manage this anxiety, consider establishing a routine, breaking tasks into smaller steps, and prioritizing self-care activities such as exercise, sufficient sleep, and relaxation techniques like deep breathing or meditation. It may also be beneficial to talk openly with trusted friends, family, or a mental health professional for support and guidance. Remember, taking one day at a time and focusing on what you can control can make these challenges feel more manageable."
context_228,"I have attention-deficit/hyperactivity disorder, posttraumatic stress disorder, anxiety, anger, and memory problems. I can't work. I have no income. I'm on medicine, but I feel worthless. I want to be normal.","I'm sorry you're feeling this way. It can be incredibly challenging to cope with multiple conditions like ADHD, PTSD, anxiety, anger, and memory problems. Remember that your feelings are valid, and seeking support is a strong and important step. Connecting with a mental health professional can help you develop strategies to manage your symptoms and improve your quality of life. You are not alone, and with the right help, it is possible to find hope and feel better over time. Reaching out to supportive friends, family, or support groups may also provide comfort and understanding. Please consider talking to someone you trust or a healthcare provider about how you're feeling."
context_229,"I have been dating a guy for two years. I think I love him, but I don't know any more. I am in my late teens, and I have been living with him for most of our relationship. I have been talking to a guy friend, and I feel more loved by him than my boyfriend.","It’s important to reflect on your feelings and what you truly want in a relationship. Consider whether your current relationship is fulfilling your emotional needs and if you feel genuinely happy and valued. Sometimes, feeling more loved by someone else can highlight what’s missing in your current relationship. It might help to have an honest conversation with your boyfriend about your feelings. Additionally, take some time for yourself to understand your emotions better before making any decisions. Prioritize your well-being and choose what feels right for you."
context_230,"I have been dating my boyfriend for a month, and we want a baby. We don't work or drive, and we haven't talked to our parents. What should we do?","Since you and your boyfriend want to have a baby but currently don't work, drive, or have support from your parents, it’s important to carefully plan for your future to ensure you can provide a stable and safe environment for your child. Here are some steps you might consider:

1. **Open Communication:** Talk honestly with each other about your readiness and responsibilities involved in having a baby.

2. **Consider Financial Stability:** Look into ways to secure income, such as finding jobs or training programs, to support yourselves and your baby.

3. **Healthcare and Prenatal Care:** Schedule a visit with a healthcare provider to discuss pregnancy planning, prenatal vitamins, and overall health.

4. **Transportation:** Since you don’t drive, explore alternative transportation options like public transit or ride-sharing to get to medical appointments and other needs.

5. **Informing Family:** While it might feel difficult, consider talking to your parents or trusted adults for emotional and practical support.

6. **Education and Resources:** Seek out"
context_231,"I have been dating my boyfriend for eight years. We met in college off away from home and things went from good to bad when I met his family who treats him like he is their man. They expect him to take them on dates like to the movies and out to eat when they come around, and he thinks it's okay.","It sounds like your boyfriend’s family has a strong influence on him and certain expectations that may be impacting your relationship. It's important to communicate openly with your boyfriend about how you feel regarding his family’s behavior and the role it plays in your relationship. Setting clear boundaries together can help ensure that your needs as a partner are respected while still maintaining good family relationships. Consider discussing ways to balance time and attention between his family and your relationship so that both feel valued. If needed, couples counseling can provide a supportive space to navigate these challenges."
context_232,I have been dating my ex-boyfriend’s cousin for a few years. We have gotten pretty serious. He wants to cut it off because people are giving him a hard time that our kids will be related to my ex.,"It's important to consider your happiness and the strength of your current relationship. While family opinions can be challenging, your relationship with your boyfriend’s cousin and your future family are what matter most. If you both are committed and happy, try having an open conversation with his family to address their concerns. Ultimately, prioritize what feels right for you and your partner rather than external pressures."
context_233,"I have been dealing with depression and anxiety for a number of years. I have been on medication, but lately my depression has felt worse. Can counseling help?","Yes, counseling can be very helpful for managing depression and anxiety, especially if your symptoms have worsened. A mental health professional can provide support, teach coping strategies, and help address underlying issues contributing to your feelings. Combining counseling with medication often improves outcomes. It’s important to reach out to a therapist or counselor to discuss your symptoms and develop a treatment plan tailored to your needs."
context_234,"I have been diagnosed with ADHD and experienced manic depression episodes. I have problems with anger management. Apparently, I also have an ODD, bipolar and split personality. How can I be truly happy?","Finding true happiness when managing complex mental health conditions like ADHD, bipolar disorder, oppositional defiant disorder (ODD), and dissociative identity disorder (split personality) can be challenging but is possible with the right approach. Here are some steps that may help:

1. **Seek Professional Support:** Work closely with qualified mental health professionals—psychiatrists, psychologists, or therapists—who can provide accurate diagnosis, medication management, and tailored therapy such as cognitive-behavioral therapy (CBT), dialectical behavior therapy (DBT), or other appropriate treatments.

2. **Develop an Individualized Treatment Plan:** Because you have multiple diagnoses, coordinated care is important. A comprehensive plan addressing mood stabilization, impulse control, anger management, and identity integration can improve overall well-being.

3. **Learn Coping and Anger Management Skills:** Therapies like DBT focus on emotional regulation and can be particularly helpful in managing anger and mood swings.

4. **Build a Support Network:** Connect"
context_235,"I have been diagnosed with general anxiety and depression by my family doctor. They wrote a prescription for me to have an emotional support dog, I have the paper work, and I gave it to my apartment manager. They said I can't keep the ESD because I'm not disabled. What do you suggest I do?","You have a prescription for an emotional support dog (ESD) from your family doctor, which may qualify you for reasonable accommodation under the Fair Housing Act (FHA), regardless of whether you consider yourself disabled. First, ensure your documentation clearly states that the ESD is for a recognized disability—general anxiety and depression can qualify as disabilities under the FHA if they substantially limit major life activities. You can provide your apartment manager with a formal written request for reasonable accommodation, including your doctor's letter that verifies your need for the ESD due to your mental health condition. If the manager still denies your request, you may want to:

1. Request clarification in writing about the denial.
2. Contact a local fair housing agency or legal aid organization for assistance.
3. Consider filing a complaint with the U.S. Department of Housing and Urban Development (HUD) for discrimination based on disability.
4. Consult an attorney who specializes in housing or disability rights to understand and protect your rights.

Document all communications with your"
context_236,"I have been diagnosed with posttraumatic stress disorder due to my military experiences. Not a year ago, I had a car accident. Could this experience add more problems?","Yes, experiencing a car accident after being diagnosed with posttraumatic stress disorder (PTSD) can potentially add more challenges. Traumatic events like a car accident may trigger or worsen PTSD symptoms, such as anxiety, flashbacks, or heightened stress. It’s important to discuss this recent event with your mental health provider so they can adjust your treatment plan if needed and provide the appropriate support."
context_237,"I have been experiencing a lot of sexual tension with a lot of the guys that I talk to nowadays. I keep imagining having sex with them. I have never had sex before, nor have I had a boyfriend. I feel lonely and empty. I feel like my body is not okay, and I am missing something. I talk to so many boys in school, and I always fantasize about half of them. I want this feeling to stop because it is interfering with my time to study since most of the time, I am busy thinking about sex.","It's completely normal to experience sexual feelings and fantasies, especially as you grow and explore your emotions. These feelings can be intense and sometimes distracting, but they are a natural part of human development. To help manage them, try focusing on activities that engage your mind and body, like hobbies, sports, or creative projects. Setting specific study times and creating a routine can also help you stay focused. If these feelings continue to interfere with your daily life or cause distress, consider talking to a trusted adult, counselor, or healthcare professional who can provide support and guidance. Remember, your feelings are valid, and with time and care, you can find ways to balance them with your goals and well-being."
context_238,"I have been falling into a deep depression where I can no function during the day and night. The only time I am at peace is when I’m asleep. If I am with friends, family, at work, and mainly alone, I cannot think straight. I no longer feel like myself.","I'm really sorry you're going through this. It sounds important to reach out to a mental health professional who can provide support and guidance tailored to your situation. You don’t have to face this alone—talking to someone trained to help can make a difference. If you're feeling overwhelmed, consider letting trusted friends or family members know how you're feeling so they can support you."
context_239,"I have been feeling more and more down for over a month. I have started having trouble sleeping due to panic attacks, but they are almost never triggered by something that I know of.","I'm sorry to hear that you're going through this. It sounds important to reach out to a healthcare professional who can help assess your symptoms and provide appropriate support or treatment. In the meantime, try to practice calming techniques before bed, such as deep breathing or mindfulness exercises, and make sure your sleep environment is comfortable and free from distractions. If your panic attacks worsen or you have thoughts of harming yourself, seek immediate help from a medical professional or emergency services."
context_240,I have been having a lot of nightmares where I am being killed in different ways. I either wake up in a panic or just crying and sweating. It has made me terrified of falling asleep and is now affecting my daily life too. Can I make the nightmares stop?,"I'm sorry to hear you're experiencing such distressing nightmares. Nightmares can be triggered by stress, anxiety, trauma, or other underlying issues. To help reduce or stop them, consider the following steps:

1. **Establish a calming bedtime routine:** Engage in relaxing activities before sleep, like reading, gentle stretching, or meditation.
2. **Manage stress and anxiety:** Techniques such as mindfulness, deep breathing exercises, or talking to a trusted friend can help.
3. **Avoid stimulants and heavy meals before bedtime:** Caffeine, alcohol, and large meals can interfere with sleep quality.
4. **Create a comfortable sleep environment:** Keep your bedroom dark, quiet, and cool.
5. **Limit screen time before bed:** Exposure to screens can disrupt your sleep patterns.

If nightmares persist and significantly affect your daily life, it is important to reach out to a healthcare professional or a therapist. They can help identify any underlying causes and may suggest treatments such as cognitive-behavioral therapy for nightmares"
context_241,I have been having horrendous nightmares this whole month.,"I'm sorry to hear that you've been experiencing horrendous nightmares. It might help to keep a regular sleep schedule, avoid caffeine or heavy meals before bed, and create a relaxing bedtime routine. If the nightmares persist or significantly affect your daily life, consider speaking with a healthcare professional or therapist who can provide support and possible treatment."
context_242,"I have been in a relationship with my boyfriend for about six years now. In the past, our relationship was difficult and frustrating. We argued a lot, and due to that, there was a lot of tension between us. We stayed together because we love each other and wanted to make it work. I used to party a lot, and several times I got into situations where I would end up kissing someone else. These situations were never more than just kissing. I have come clean about these situations with my boyfriend, and he decided to forgive and move forward with me. I love him so much and want to work things out too, but I'm having a difficult time understanding how he can forgive me. I can't seem to forgive myself. I'm overwhelmed with feelings of guilt and unworthiness.","It's completely natural to struggle with forgiving yourself after making mistakes that have caused pain in a relationship. The fact that you have been honest with your boyfriend and that he has chosen to forgive you shows the strength of your bond and his commitment to moving forward together. Self-forgiveness takes time and compassion; try to remind yourself that everyone is human and makes mistakes, and what matters most is your willingness to learn, grow, and rebuild trust. Consider speaking openly with your boyfriend about your feelings, and if possible, seek support from a counselor or therapist who can help you work through your guilt and develop healthier ways to cope. Healing yourself is an important step toward healing your relationship."
context_243,"I have been married for 11 years. Within the past 2 years we have drifted far apart. We coexist together but there is very little personal interest in each other. I often feel that my husband has ""friends"" at work that he is more emotional invested in than me. I feel very alone and just uncared for. Is there anything I can do to feel reconnected?","Feeling disconnected after years of marriage is challenging, but there are steps you can take to try to rebuild your connection:

1. **Open Communication:** Share your feelings honestly with your husband in a calm and non-accusatory way. Express how much you miss the closeness and ask about his feelings too.

2. **Quality Time:** Try to create opportunities for just the two of you to spend meaningful time together, without distractions. This could be regular date nights, walks, or shared hobbies.

3. **Seek Understanding:** Explore what might have caused the emotional distance—stress, routine, or unspoken issues—and work together to address them.

4. **Rebuild Emotional Intimacy:** Share your thoughts, dreams, and vulnerabilities, and encourage him to do the same. This can deepen your emotional bond.

5. **Consider Counseling:** A couples therapist can provide a safe space to work through issues and improve communication.

6. **Self-Care:** Ensure you are also tending to your"
context_244,"I have been married for 20 years. He and I both cheated. I hid my cheating for 14 years. Over that time, I let life stress me out. I became depressed. When I finally woke up, he felt I had pushed him out.","It sounds like both of you faced significant challenges in your marriage, including mutual infidelity and long-term stress that led to depression. Hiding your cheating for 14 years likely created distance and mistrust, contributing to his feelings of being pushed away. Open, honest communication and possibly couples counseling may help you both understand each other’s perspectives and work toward healing."
context_245,"I have been married for ten years. My husband is 29 years my senior. We have a young daughter. Ever since she was born, my husband has ""shut down."" We have no intimacy; he doesn't even kiss me. I've told him how I feel for years, and he swears he loves me and wants to make me happy, but I still have to literally beg for sex and affection. My self-esteem is gone, and I feel so alone. He has stranded me. He uses his passive-aggressive ways and ignores every comment I make. He refuses to talk to me in detail.","It sounds like you're experiencing a deeply painful and lonely situation in your marriage, marked by emotional distance and lack of intimacy. Your husband's withdrawal and passive-aggressive behavior, combined with his refusal to communicate openly, have severely impacted your self-esteem and sense of connection. It may be helpful to seek support outside the marriage, such as individual counseling for yourself to process your feelings and regain confidence, and possibly couples therapy if your husband is willing to participate. Prioritizing your emotional well-being and finding a safe space to express and address these issues is crucial. Remember, you deserve to feel loved, valued, and fulfilled in your relationship."
context_246,"I have been noticing myself really enjoying watching/reading about gay or lesbian couples. I've also been imagining what it might be like to date a girl, and I like the idea. I also find guys cute too. Does this make me bisexual?","Based on what you’ve described—enjoying romantic content about both gay/lesbian couples, imagining dating a girl, and finding guys attractive too—it’s possible that you could identify as bisexual. Bisexuality generally means being attracted to more than one gender. However, sexual orientation is personal and can be fluid, so it’s okay to take your time exploring how you feel and what label, if any, fits you best."
context_247,"I have been pushing people away all my life. I finally have a great boyfriend who loves me, but I keep pushing him away and I don't want to. I need to learn to open up.","It's great that you recognize this pattern and want to change. Opening up takes time and practice, so be patient with yourself. Start by sharing small thoughts or feelings with your boyfriend to build trust gradually. Reflect on what makes you push people away—sometimes fear of vulnerability or past experiences play a role. You might also consider talking to a therapist who can help you explore these feelings and develop healthy ways to connect. Remember, allowing yourself to be open can lead to deeper, more fulfilling relationships."
context_248,"I have been seeing this guy for a little over a year. Back in August, he asked for us to step back for now. Since then, he has still been in contact with me every day. We spent some time together over the holidays, but then I was gone for New Years with family. I came to find out that he put himself on a dating site. When I found out, I asked him about it, and he responded with this: “My apologies if I got my signals crossed, or if I wasn’t honest with you. You have helped me tons this past year and I am glad you are in my life. I didn’t realize you were still interested in dating. Again, my apologies.” Also, is it better to say that I want him in my life or that I want him as part of my life?","Based on his message, it seems he viewed the step back as a signal that you were no longer interested in dating, which is why he started using a dating site. His apology indicates he values your connection but may not fully understand your feelings or intentions.

Regarding your question about phrasing: saying ""I want him in my life"" and ""I want him as part of my life"" are both correct and similar in meaning. However, ""I want him as part of my life"" can sound a bit more intentional and inclusive, emphasizing a desire for an ongoing, integrated relationship. Choose the phrase that feels more natural to you and reflects the depth of connection you want."
context_249,"I have been with a guy for 4 years, he's a great guy and we also have a son together. The problem is that I'm in love with a guy that I've been talking to for about 2 years but I've never met him in person. Honestly I'm bored with the relationship I have with the first guy and he makes want to go after the second guy, I don't know how to tell him that. What should I do?","It's important to be honest and considerate with your current partner. Reflect on your feelings and what you truly want for your future. When you feel ready, have an open and compassionate conversation with him about your emotions and the state of your relationship. Focus on clear, respectful communication, acknowledging the time you've shared together. It may also help to seek support from a counselor or therapist to navigate your feelings and decisions, especially considering your shared responsibilities as parents. Prioritizing honesty and kindness will help both of you move forward in the best possible way."
context_250,"I have been with my best friend for over a year, and we have had a beautiful baby girl. We were in love, and I still love her dearly. I am in my late teens and so is she. She says she has lost her connection with me. She is talking to a random guy that she says is just someone to talk to. But she says she still loves me. I'm very hurt and confused.","It's understandable that you're feeling hurt and confused given the situation. When your partner says she has lost connection but still loves you, it suggests there may be unresolved issues or emotional distance that need attention. It could help to have an open and honest conversation with her about both your feelings, what you both need from the relationship, and how to rebuild trust and connection. Seeking support from a trusted adult, counselor, or therapist might also provide guidance for both of you as you navigate these complex emotions and challenges, especially while raising a child together. Prioritizing clear communication and understanding each other's perspectives is key."
context_251,"I have been with my boyfriend for more than a year. He recently got a new job and travels a lot. I’m not used to him being gone all the time. I feel as though he has forgotten about me because he does not talk with me as much and doesn’t keep me up to date on everything that he does throughout the day, which he used to.
 I feel lost, sad and unwanted. This is really a tough new challenge. I just want to break up with him, but I love him so much. I don’t know why he is acting this way lately. I believe I have separation anxiety. Is there anything that I can do to help me cope with this while he is out of town?","It’s natural to feel sad and disconnected when your partner’s routine changes, especially with increased travel. To help cope with these feelings, try focusing on building your own support network and activities that make you feel fulfilled and happy, such as hobbies, exercise, or spending time with friends and family. Communicating openly with your boyfriend about how you feel can also help bridge the emotional gap; share your needs without blaming, and listen to his perspective. Setting regular times to catch up, even if briefly, can provide reassurance. Additionally, practicing relaxation techniques like deep breathing or mindfulness can reduce anxiety. If your feelings of separation anxiety feel overwhelming or persist, consider speaking with a therapist who can provide tailored strategies to support you during this adjustment."
context_252,"I have been with my husband for almost 7 years. We got engaged a little after 5 years of being together. I had always been clear that I wanted to get married and I sadly would drop hints about how i wanted him to propose.  When he did propose it was during a random vacation that I had planned. I was happy but I couldn't help feeling disappointed too. I had told him numerous times before that I wanted him to do it in front of my friends and family. I know it sounds dumb to be upset but I couldn't help how I was feeling. We are now married but the wedding and ring were also far from what I wanted and it wasn't due to lack of funds. I know this is all material and the marriage is the most important thing but I cant help but get jealous and envious every time I see someone get a proposal or wedding that I had wanted. I cant help my anger because I know we only get one proposal and one wedding. What I wanted will never happen. I have been working on my feelings for the past year and half to get over it. I try to focus on our marriage but every time I see someone have the best proposals and weddings I get upset. I know it is selfish and I know its petty but I just can't control it. It's ruining our relationship because I constantly think about it. Plus, I get mad at him for small things because I am trying to hide the fact that I am so disappointed.  Why can't I move on?","It's understandable that you're struggling to move on from your disappointment because the experiences you wanted—your proposal and wedding—are deeply tied to meaningful personal expectations and emotions. Even though the marriage itself is what truly matters, the way those moments unfolded fell short of your hopes, and since these milestones only happen once, the sense of loss or ""what could have been"" can feel very real and painful. Your feelings of jealousy and anger are a response to unmet emotional needs and the gap between your dreams and reality. Healing from this takes time, self-compassion, and sometimes external support. It might help to openly communicate your feelings with your husband in a gentle way, focusing on your emotions without blame, so he can better understand your pain. Additionally, considering counseling—either individually or as a couple—can provide tools to process your disappointment, address underlying feelings, and rebuild positive patterns in your relationship. Remember, moving on doesn’t mean forgetting your feelings but learning to accept them and find new meaning and joy"
context_253,"I have been with this guy on and off for 8 years. At first, we used to do things together and our sex life was ok. Then things started to change, we'd break up and reconnect, and he cheated on me numerous times. We've also had two beautiful baby girls during this time. Now we argue and he says I am not affectionate at all or I don't know how to please a man, when I work part-time, take care of a 2 year old and a 5 month old and cook. Sometimes he cooks, but he also spends a lot of time on the internet. In addition, I have 2 boys and he has 1 son. I feel somewhere I have lost something. It's not that I don’t care, I truly love this guy, but I'm just tired of being the one who is always being judged. Please, I am in need of a Christian counselor to help us because I really need to speak to someone.","It sounds like you’re carrying a heavy emotional load and feeling overwhelmed by the challenges in your relationship, especially given the history and family responsibilities. Seeking a Christian counselor is a wise and meaningful step toward healing and guidance. You might consider reaching out to a trusted local church office, as many churches offer counseling services or can recommend a qualified Christian counselor experienced in marriage and family issues. Additionally, organizations like the American Association of Christian Counselors (AACC) provide directories to help find licensed counselors who integrate faith with therapy. Remember, seeking support is a sign of strength, and having a compassionate professional guide you both can help address communication, trust, and emotional needs in your relationship."
context_254,"I have bipolar II disorder, I'm addicted to alcohol and weed, and I'm hopeless. I keep drinking even though it's harming myself and others.","I'm really sorry you're feeling this way. It might help to reach out to a mental health professional who can support you with your bipolar disorder and addiction. You're not alone, and there are people who want to help you through this. Consider talking to a trusted friend or family member about how you're feeling, and seek professional guidance to create a plan for your recovery and well-being."
context_255,"I have bipolar disorder, paranoid personality disorder, posttraumatic stress disorder, anxiety and obsessive-compulsive disorder. I last self-harmed a week ago. When I am stressed, overwhelmed, hurt, or angry, the urge to self-harm is all I can think of. I am trying to seek help.","It's important to reach out to a mental health professional who can provide support tailored to your needs. Consider contacting a therapist, psychiatrist, or counselor who specializes in mood disorders and trauma. If you're feeling an immediate urge to self-harm, try to use grounding techniques such as deep breathing, distraction through activities you enjoy, or reaching out to a trusted friend or support line. Remember, you're not alone, and help is available to guide you through these difficult moments. If you ever feel like you are in immediate danger, please go to the nearest emergency room or call emergency services."
context_256,"I have cheated on my husband of five years roughly ten times. I pretend we aren't married at my work. Recently, he has caught on, but I lie to cover it. He use to talk to girls online, but I have caught myself constantly having a affair.",It sounds like you're dealing with a complicated and painful situation. Consider reflecting on why the affairs are happening and how they are affecting your marriage. Open and honest communication with your husband about your feelings and actions is important. Seeking couples counseling or individual therapy may help both of you understand the underlying issues and decide on the best path forward for your relationship.
context_257,I have dog obsession disorder and I am having problems with my girlfriend because I am placing more importance to my two dogs over her. How do I get over this problem and prioritize my girlfriend over my two dogs?,"It's important to find a balance between your love for your dogs and your relationship with your girlfriend. Here are some steps you can take:

1. **Acknowledge the issue:** Recognize that your behavior is affecting your relationship and commit to making changes.
2. **Communicate openly:** Talk with your girlfriend about your feelings and listen to her concerns without judgment.
3. **Set boundaries:** Allocate specific times for your dogs and specific times for your girlfriend to ensure neither feels neglected.
4. **Involve your girlfriend:** Include her in activities with your dogs to build shared experiences.
5. **Seek support:** Consider talking to a therapist or counselor to address your dog obsession disorder and develop healthier priorities.
6. **Practice mindfulness:** Be conscious of your actions and make deliberate choices to prioritize your girlfriend’s needs.
   
Balancing your affection for both can strengthen your relationship and improve your well-being."
context_258,"I have experienced cycles of depression for the past four years, and it hits me harder every time it comes back. This past time, it was extremely debilitating, so I went on Wellbutrin. I could feel the effects of the medicine after the first week. A month and a half later, I decided that my depression was being caused by my own unwillingness to move forward and address my behaviors and thoughts that were keeping me in a place of despair. I became worried that the medicine was making me complacent and prohibiting me from working out what I needed to in my life to bring back true fulfillment. I stopped taking it a month ago and feel okay; a lot of the anxiety it was paired with has gone away. However, I still don't feel my sense of self has been completely regained, and I have days where I feel a zombie-like haze of having no interests or the ability to fully concentrate on anything. Is it better to continue letting time and good habits work out the remaining depression or should I go back on the medicine?","It's important to recognize that managing depression often involves a combination of approaches, including medication, therapy, lifestyle changes, and time. Since you noticed some benefit from Wellbutrin but also concerns about feeling complacent, it might help to discuss these feelings with a mental health professional who can guide you in balancing medication and other treatments like therapy or behavioral strategies. If you're still experiencing symptoms like lack of interest and difficulty concentrating, these may indicate that further treatment is needed. Rather than making medication decisions on your own, consulting with a psychiatrist or therapist can help tailor a plan that suits your needs, whether that involves restarting medication, trying alternative treatments, or focusing on specific habits and therapy. Taking a comprehensive approach tends to yield the best outcomes in depression management."
context_259,"I have family issues, and my dad was both violent and a cheater.","I'm sorry you're going through this. Dealing with family difficulties, especially involving violence and betrayal, can be very painful. It might help to talk to a trusted friend, counselor, or support group to find ways to cope and heal. You deserve to feel safe and supported."
context_260,"I have four children. One of them is in her 20s, and she cannot afford to go, nor can I pay for her. She went last year for two weeks by herself.","Given your situation, it might be helpful to explore affordable options for your daughter’s travel or activities, such as scholarships, grants, or volunteer programs that could cover costs. Alternatively, looking into part-time work or fundraising opportunities might enable her to fund her trip independently."
context_261,"I have friends, family, I live in a good home, I go to a nice high school, and I get pretty good grades, but I don’t know why I'm so unhappy. These friends are my best friends and they’re all amazing people, and yet I'm sad all the time and feel alone.","It’s important to recognize that feeling unhappy or alone can happen even when things seem good on the outside. Sometimes, emotions like sadness and loneliness come from within and aren’t always linked to our external circumstances. It might help to talk openly with someone you trust—a counselor, a family member, or a mental health professional—who can support you in understanding and managing these feelings. Remember, you don’t have to go through this alone, and seeking help is a strong and positive step toward feeling better."
context_262,"I have had a crush on this guy for years. I last talked to him a few years ago when we graduated from high school. We left off on a good note. Should I message him and see how he is doing, or is it too late?","It's never too late to reach out, especially if you left things on a good note. Sending a casual message to see how he's doing can be a simple way to reconnect without pressure. Just be genuine and keep it light—you might be surprised by how well it goes!"
context_263,"I have high functioning autism and I have been on a lot of dating sites like meet me, match, and zoosk. I haven't had any luck on any of the dating sites I have been on.
    I really want a boyfriend but I don't know what I should do. I just want to be in a relationship. How can I meet someone?","Meeting someone meaningful can sometimes take time, especially when using dating sites. Here are some suggestions that might help you connect with someone:

1. **Be Yourself:** Embrace your unique qualities and be open about who you are. Authenticity attracts the right people.

2. **Try Different Approaches:** Besides dating apps, consider joining social groups or activities related to your interests—like hobby clubs, classes, or volunteering. Shared activities can make it easier to connect naturally.

3. **Practice Social Skills:** Sometimes, practicing conversation and social interactions with friends, family, or through social skills groups can build confidence.

4. **Consider Autism-Friendly Dating Communities:** Some online platforms and groups are designed for people on the autism spectrum, which might provide a more understanding environment.

5. **Be Patient:** Relationships often develop slowly. Focus on building friendships first without pressure, which can eventually grow into something more.

6. **Seek Support:** If possible, talk to a counselor or therapist experienced with autism who can"
context_264,"I have known I was always different. This year, in December, I found out that I never felt female. I did research and have identified myself as male but don't know how to tell my dad.","It’s understandable that sharing something so personal can feel challenging. When you’re ready, consider having an honest and calm conversation with your dad. You might start by expressing how important his support is to you and explaining how you’ve come to understand your true identity as male. Remember, it’s okay to take your time and choose a moment when you both can talk privately without distractions. If you feel comfortable, you could also share resources or letters that explain your feelings, which might help him better understand your experience. Ultimately, your feelings are valid, and seeking support from trusted friends, family, or counselors can also be very helpful during this time."
context_265,"I have known her for years. She was dating my brother-in-law when we met. My kids think of her as their aunt. On Halloween 2014, I lost my mom to cancer. My mom and dad were still married when she passed away. My friend was there for me through that and my own cancer diagnosis. She has been a very big part of both me and my kids’ life, but now last month, my dad told me that he really likes my friend and wants to marry her. She’s like a sister to me. My kids hate the idea.","This is a deeply emotional and complex situation involving close family ties and strong feelings. Given that your friend has been a significant part of your life and your kids’ lives, it’s understandable that this development feels challenging. It’s important to have open and honest conversations with your dad, your friend, and your children to address everyone’s feelings and concerns. A family meeting where everyone can express their perspectives might help ease tensions and foster understanding. You might also consider seeking support from a family counselor who can guide you all through this transition, helping to navigate loyalty, emotions, and boundaries while honoring the relationships involved."
context_266,"I have lately been having lots of anxiety and self-loathing about the fact that I am a young adult virgin girl who has never had a boyfriend before. It seems like everyone my age has already had boyfriends by now or are not virgins anymore, and I just had my first kiss five months ago. I’m worried that, at this rate, I won’t have a boyfriend for a very long time. The problem is that I want to lose my virginity to my first boyfriend who cares about me, but at the same time, I don't want to be waiting forever in order to experience sex. I have already given in to bad temptations by hooking up with random strangers on social media sites and having oral sex with them. Luckily, they were nice guys, but none of them wanted a relationship with me. I feel dirty by doing this, but I feel pressured to do this things in order to seem normal.
   Most people are surprised when they find out that I am a virgin or never had a boyfriend because people think I am really good looking. I am tall, I play lots of sports, and I get excellent grades in school. I am in my first year of university right now, and no guys have approached me to go out on a date or showed any interest. It bothers me. Most of the people in my family have been in relationships at my age already. I feel like I will be single forever sometimes.","It's completely understandable to feel anxious and pressured about relationships and intimacy, especially when it seems like everyone else has already had those experiences. Remember that everyone's timeline is different, and there is no ""right"" age or pace for dating, losing your virginity, or being in a relationship. What matters most is that you feel safe, respected, and emotionally ready when these things happen.

It’s also important to be gentle with yourself and avoid harsh self-judgment. Engaging in hookups because of pressure or a desire to feel ""normal"" doesn't make you ""dirty""—your worth isn’t defined by your sexual experiences or relationship status. However, if these encounters leave you feeling uncomfortable or conflicted, it might help to reflect on what you truly want and to set boundaries that protect your emotional well-being.

Focusing on building genuine connections, whether through friendships, shared interests, or social activities, can naturally create opportunities for meaningful relationships. Sometimes, people who seem uninterested at first might just be"
context_267,"I have major depression, severe, PTSD, anxiety disorder, and personality disorder. I had an appointment with my doctor. I was very upset, and I shared with him about that particular drug.","It's important to openly share your feelings and concerns about any medication with your doctor, especially when managing conditions like major depression, PTSD, anxiety, and personality disorders. Your doctor can help assess whether the medication is appropriate for you, discuss possible side effects, and consider alternative treatments if needed. If you continue feeling upset or uncertain, don't hesitate to seek a follow-up appointment or ask for a referral to a mental health specialist for additional support."
context_268,I have manic depression and last summer was very very bad. I have recurring nightmares and I avoid anything that will give me a similar feeling as I did that summer.,"I'm sorry to hear that last summer was so difficult for you. It’s important to prioritize your mental health by seeking support from a therapist or counselor who can help you work through your nightmares and the feelings associated with that time. Developing healthy coping strategies and gradually confronting triggers in a safe environment may also reduce avoidance and help you regain a sense of control. Remember, you don’t have to face this alone—reaching out to trusted friends, family, or support groups can provide additional comfort and understanding."
context_269,"I have no friends, no hobbies, and no interest in anything. I get annoyed with everything and everyone. I am always tired, i can sleep 8 hrs or 12 hrs and im still tired. I don't know what to do. Is this normal?","I'm sorry you're feeling this way. Persistent tiredness, lack of interest in activities, and irritability can be signs of depression or another underlying health issue. It's important to reach out to a healthcare professional or a mental health counselor to discuss your symptoms and get appropriate support. You're not alone, and help is available."
context_270,"I have no idea what happened. I go places and do things but still feel lonely. I honestly have no friends, and I am always the one texting people and bothering people. I feel invisible, like someone that no one wants to be around.","I'm really sorry you're feeling this way. It can be incredibly tough to feel invisible and lonely despite your efforts. Remember, your feelings are valid, and you deserve meaningful connections. It might help to reach out to a counselor or therapist who can support you in navigating these emotions and building connections. Also, consider joining groups or activities that align with your interests, where friendships can develop naturally over time. You're not alone, and there are people who want to support you."
context_271,"I have no real friends. I have a girlfriend who irritates me but loves me to death. I push her away and pushes me away. We’re going through a breakup, and I have nobody.","I'm really sorry you're feeling this way. Breakups and loneliness can be incredibly painful, but you're not alone. It might help to reach out to someone you trust—a family member, counselor, or support group—or consider talking to a mental health professional who can provide guidance and support during this difficult time. Taking small steps to care for yourself and connect with others can gradually help you feel less isolated."
context_272,"I have no self control over food. Most people stop when they've had enough, but I keep eating for the pleasure of it. Especially with sweets - I'm never done eating dessert.","Struggling with food self-control, especially regarding sweets, is common and can be addressed with several strategies. Try to improve mindfulness during eating by paying close attention to hunger and fullness cues. Planning and portioning desserts in advance can help reduce overeating. Consider replacing sweets with healthier alternatives or incorporating satisfying flavors like fruit or nuts. Additionally, managing stress and finding other pleasurable activities besides eating can reduce the urge to eat for pleasure. If these challenges persist, seeking support from a nutritionist or therapist specializing in eating behaviors may be beneficial."
context_273,"I have no sex drive due to medical issues. I’ve shut down completely and closed everyone out. I’ve even told my husband that I wanted a divorce since that’s what I thought he wanted to hear. However, it devastated me when I learned he's seeing someone else.
 I’ve since told him that I wanted to work things out but he’s not sure I actually mean it. He thinks the only reason I want him back is because I’m jealous. How do I show him I’m serious?","To show your husband that you’re serious about working things out, focus on open and honest communication. Acknowledge your past actions and feelings transparently, explaining that your previous distance and the talk of divorce stemmed from your medical struggles and not from a lack of love or commitment. Express your willingness to seek help together, such as couples therapy or medical support, to address both emotional and physical issues impacting your relationship. Consistently demonstrate your commitment through your words and actions over time, being patient as trust rebuilds. Showing empathy toward his feelings while being clear about your own can help him understand the genuine intention behind your desire to reconcile."
context_274,"I have not been able to really sleep. I stay up all times of the night not even knowing why. Every day, I feel like I have anger inside of me. I have a little family, but I can't open up to them like I want to. I have a son, and I feel that I take my anger out on him by screaming at him.","It sounds like you’re going through a very difficult and stressful time. Difficulty sleeping, persistent anger, and feeling unable to open up to your loved ones can be signs of underlying emotional or mental health challenges. It might help to talk to a mental health professional who can provide support and strategies to manage your feelings and improve your sleep. Additionally, finding safe ways to express your emotions, such as journaling, exercise, or mindfulness techniques, could help reduce anger. Remember, seeking help is a strong and important step toward feeling better for yourself and your family."
context_275,"I have not had a friend since I was 19. I don't go anywhere, and I have no job, all because I'm afraid of people.","I'm sorry you're feeling this way. It can be really tough to cope with fear of people and isolation. Taking small steps, like reaching out to a counselor or therapist, might help you build confidence and find support. You're not alone, and there are people who want to help you."
context_276,"I have secrets in my mind, and I don't know what to do with them. I don't want to tell my wife and mom because I don't want to hurt them. But I'm not sure how long that I can keep the secret to myself. What should I do? It's becoming annoying and making me anxious. Help me out","Carrying secrets that cause anxiety can be very challenging. Consider finding a trusted, neutral person to talk to—such as a counselor, therapist, or a close friend who can provide support without judgment. Writing down your thoughts and feelings in a private journal might also help relieve some of the burden. When you feel ready, carefully evaluate whether sharing parts of your secret with your wife or mom could ultimately bring relief rather than harm, perhaps with professional guidance to navigate the conversation. Remember, your mental well-being is important, and seeking help is a strong and positive step."
context_277,I have several issues like I don't like people. They make me sick. I have issues with talking to people. I feel like they are talking about me and making fun of me. I have felt this way for years. When I look people in the eyes I have voices that tell me to hurt them and if I don't stop looking at who I am talking to it gets so loud I can't hear what they are saying. I just stay away from people to avoid this. I look at people and think how I could hurt them. I feel like I am worthless and would be better off not in this world where I don't fit in. Every day I wake up it's like another day. Any info would be good.,"It sounds like you are experiencing distressing thoughts and feelings, including paranoia, intrusive violent thoughts, social anxiety, and feelings of worthlessness. These symptoms could be associated with a mental health condition that needs professional evaluation and support. It is important to reach out to a mental health professional as soon as possible who can provide a thorough assessment and help develop a treatment plan. If you ever feel like you might hurt yourself or others, please seek immediate help from emergency services or a crisis hotline to ensure your safety. Remember, you don’t have to face this alone—help is available."
context_278,"I have several issues that I need to work through. However, I am afraid of and do not trust therapists after a horrible experience. I'm dealing with grief and guilt over losing my sons due to drug use. I have a very complicated traumatic relationship issue that is causing me severe anxiety and fear.","I'm truly sorry for the pain you're experiencing. Given your difficult experiences with therapy and the complex emotions you're facing, it might help to explore alternative forms of support such as peer support groups, trauma-informed counseling with professionals who specialize in grief and addiction, or evidence-based self-help resources focused on anxiety and trauma. Taking small steps toward healing at your own pace is important, and reaching out to trusted individuals or support communities can provide comfort and understanding without the pressure of traditional therapy settings. Remember, your feelings are valid, and help can come in many forms tailored to what feels safest and most supportive for you."
context_279,I have severe anxiety and have tried everything. Everything makes it worst.The only thing that helps is my emotional support animal.,"It's great that your emotional support animal provides you relief from severe anxiety. Emotional support animals can offer comfort, reduce feelings of stress, and help manage symptoms. If you haven't already, consider discussing with a mental health professional how to incorporate your support animal into a broader treatment plan tailored to your needs. Remember, you deserve support and care that work best for you."
context_280,"I have so many issues to address. I have a history of sexual abuse, I’m a breast cancer survivor and I am a lifetime insomniac.    I have a long history of depression and I’m beginning to have anxiety. I have low self esteem but I’ve been happily married for almost 35 years.
   I’ve never had counseling about any of this. Do I have too many issues to address in counseling?","No, you do not have too many issues to address in counseling. In fact, counseling can be a safe and supportive space to explore and work through multiple concerns, including your history of sexual abuse, breast cancer survivorship, insomnia, depression, anxiety, and self-esteem. A skilled therapist can help you prioritize your concerns, develop coping strategies, and provide tailored support to improve your overall well-being. Seeking counseling is a positive step toward healing and personal growth."
context_281,"I have suffered many things at home and school. We never went to the doctor to diagnose depression or anything like that, but I always feel like a part of my heart is missing. I try to fill it in with objects or, in this case, a woman.","It sounds like you're experiencing deep feelings of emptiness and loneliness that you’ve tried to fill through external means, like relationships or possessions. Recognizing this is an important step. It might help to talk to a mental health professional who can provide support and guidance tailored to your situation. You don't have to face these feelings alone, and help is available to work through the pain and find healing."
context_282,"I have terrible anxiety and depression. I've tried various therapists and pills, but nothing's helped.","I'm sorry you're going through this. It might help to explore different types of therapy, such as cognitive-behavioral therapy (CBT) or dialectical behavior therapy (DBT), if you haven't already. Sometimes combining therapy with lifestyle changes—like regular exercise, mindfulness practices, and a strong support system—can make a difference. Additionally, consulting a psychiatrist for a comprehensive evaluation could uncover other treatment options. Remember, it's important to keep reaching out and not lose hope; everyone's journey is unique, and help is available."
context_283,"I have these dreams of men, and they always seem to try to hurt me. It's gotten so bad that I first wake at 4:30, then 4:45, and finally stay awake by 6:00. I'm always the last one to fall asleep and the first to wake. I hate falling asleep. The longest I've went without sleep is three days.","It sounds like you’re experiencing distressing nightmares and severe sleep disturbances, including difficulty falling asleep, frequent early awakenings, and extended periods of sleeplessness. These symptoms can significantly impact your well-being. It’s important to consider reaching out to a healthcare professional or mental health specialist who can help identify the underlying causes—such as anxiety, trauma, or sleep disorders—and provide appropriate treatment or support. Developing a calming bedtime routine, practicing relaxation techniques, and creating a safe sleep environment may also help improve your sleep quality. If your sleep problems continue or worsen, seeking professional help is strongly recommended."
context_284,I have this weird fetish that I'm afraid to open up about it. What should I do?,"It's important to remember that having a fetish is a normal aspect of human sexuality, and feeling hesitant to share it is common. If you feel comfortable, consider talking to a trusted partner or a professional therapist who can provide a non-judgmental space to explore your feelings. Prioritize your comfort and boundaries, and share only when you feel safe and ready."
context_285,I have three children. The oldest is nine and not my biological child. The middle child is three and the youngest is one. I have a great relationship with the oldest two children but I haven't developed the same level of attatchment to the youngest child. I rarely want her around and look forward to her nap times. Is this normal?,"It's not uncommon for parents to experience different levels of attachment to each of their children, especially in complex family dynamics. Factors such as the circumstances of each child's arrival, personal stress, and differences in temperament can all influence bonding. However, consistently feeling a desire to avoid your youngest child and preferring her to be asleep may signal underlying challenges that could benefit from attention. It might be helpful to reflect on any stressors you’re facing, consider speaking with a counselor or therapist, and seek support to explore these feelings and strengthen your relationship with your youngest child. You’re not alone, and help is available."
context_286,"I have three children: a biological daughter, a stepdaughter, and a stepson. I found out my stepdaughter overdosed today. My daughter blames me. I told her to stay out of it. I'm scared of all three kids now. They all blame me for their choices they made. All three have drug addictions. I had a stroke in 2013 so I need to depend on people from now on.","I'm sorry you're going through such a difficult and painful situation. It sounds overwhelming to navigate your children's struggles while managing your own health. It might help to seek support from a counselor or support group who can assist you in managing these family dynamics and your fears. Remember, their choices are their own, and you're not solely responsible for their actions. Prioritizing your well-being and finding a support network could provide some relief during this challenging time."
context_287,"I have three siblings. My mom loves them and not me. She’s always yelling at me, but when it comes to my siblings, she talks to them. I’m always crying in my room.","I'm really sorry you're feeling this way. It might help to talk to someone you trust, like a close friend, relative, or a counselor, who can support you and help you navigate these feelings. You deserve to be heard and cared for."
context_288,I have twin toddlers. I experienced a death of loved one prior to giving birth. I had a horrible break up with the father. People told him he was using me for money. My ex-boyfriend had extreme meltdowns every day for three years. I’m always alone with no friends.,"I'm sorry you're going through such a difficult time. It sounds incredibly challenging to cope with loss, a tough breakup, and the daily stress of raising twins alone. It might help to reach out to a therapist or support group where you can share your feelings and find some connection. Remember, seeking support is a sign of strength, and you don’t have to face everything by yourself."
context_289,I haven't been feeling like myself lately. I've been upset for no reason and feeling anxious. I'm feeling burnt out. What can help me feel better?,"I'm sorry you're feeling this way. To help improve your mood and reduce burnout, consider trying the following:

1. **Rest and self-care:** Make sure you're getting enough sleep, eating nutritious meals, and taking breaks to relax.
2. **Physical activity:** Even gentle exercise like walking can boost your mood and reduce anxiety.
3. **Mindfulness and relaxation:** Practices such as meditation, deep breathing, or yoga can help manage stress.
4. **Connect with others:** Reach out to friends, family, or support groups to share how you’re feeling.
5. **Set boundaries:** Try to reduce your workload or commitments if possible to avoid further burnout.
6. **Professional support:** If your feelings persist or worsen, consider speaking with a mental health professional for guidance and support.

Remember, it’s okay to ask for help and take time for yourself."
context_290,I haven't uttered one word to my boyfriend in days. Now I'm over it and don't know how to approach the situation?,"It's important to start by acknowledging your feelings and the reason for the silence. When you're ready, consider approaching your boyfriend calmly and honestly. You might say something like, ""I've been distant lately, and I want to talk about what's been on my mind."" Open communication can help clear misunderstandings and rebuild connection. Choose a time when you both are relaxed, and be prepared to listen as well as share."
context_291,I just about fall asleep then I can't help but sit up and walk around.,"It sounds like you might be experiencing restless sleep or difficulty settling down. Trying relaxation techniques before bed, such as deep breathing, gentle stretching, or meditation, might help you stay calm and fall asleep more easily. If this pattern continues, consider speaking with a healthcare professional to explore underlying causes like anxiety or sleep disorders."
context_292,"I just don't know what I want in life anymore. I'm can't figure out what it is that is keeping me distracted and unfocused. I can't put things into perspective at all. I'm just stuck, and I'm disappointed with my lack of accomplishments.","It's okay to feel lost and unfocused sometimes—many people go through phases like this. When you’re stuck, try breaking things down into small, manageable steps rather than focusing on big achievements. Reflect on what genuinely interests you, even if it's just a small hobby or curiosity. Consider setting simple daily goals to build momentum and regain a sense of progress. It might also help to talk with someone you trust or a professional who can offer guidance and help you gain perspective. Remember, feeling uncertain now doesn’t define your entire future—growth often comes from these challenging moments."
context_293,I just feel sad all the time and I don't like anyone in my family. I feel like they're trying to control me and won't let me grow.,"I'm sorry you're feeling this way. It might help to talk to a trusted friend, counselor, or mental health professional about how you're feeling. You're not alone, and there are people who want to support you and help you find ways to improve your situation. Taking steps to express your feelings and seek guidance can be a positive move toward feeling better."
context_294,"I just got married with my husband. I have four kids of my own, and he accepts me with my kids. I am thankful he loves my kids even though they’re not his. Now we are having problems in our relationship because of my past. I know all marriages have problems, but sometimes I feel it’s not going to work out if there’s no trust. It’s hard for me to let go because I love him, but I am getting tired.","It's understandable to feel tired when trust issues affect your marriage, especially with the added complexity of blended family dynamics. Open and honest communication with your husband about your feelings and concerns is essential. Consider seeking couples therapy to work through past issues and rebuild trust together. Remember, both of you need patience and commitment to navigate these challenges, and prioritizing your emotional well-being is important too."
context_295,"I just got out of a two year relationship. I broke up with my boyfriend because he wasn't showing any affection at all. He was talking to other women and lying about it. It pushed me away and hurt me, but I'm still in love with him. A couple days after our breakup, he was talking to someone new. He told me he wasn't sure if he loved me. I cried for several days, lost my appetite, and couldn't sleep. Our whole relationship was only us. We didn't have friends. It was me and him against the world. We didn't talk to anyone else because we only wanted to talk to each other. We hung out constantly and Skyped to sleep every single night. Then, when I cut myself, we talked on Skype. He cried and told me ""I'm still in love with you, I never stopped loving you,"" and I cried tears of joy. I asked multiple times if he loved me and asked to make sure he wasn't just saying that because of me being so depressed. He promised and assured me he loved me. He came over after that, and we had sex because he wanted to. He went the home that night and told me he didn't love me, and he lied because he was scared. He told me I wasn't attractive, I wasn’t beautiful to him, and that I changed. He also told me he was 100% sure he'd never love me again. I'm still in love with him. Why do I love him? How do I stop? Just knowing that someone else is with him hurts me. That I wasn't good enough and that I'm no longer beautiful hurts me. I think I need a therapist, but don't know if I should.","You love him because your relationship was deeply intertwined with your sense of connection, identity, and emotional safety. When someone you’ve been so close to suddenly pulls away and hurts you, it can create a powerful attachment fueled by hope, pain, and longing. Your feelings are valid, especially given the intensity and exclusivity of your relationship. Healing from this kind of heartbreak takes time, self-compassion, and support.

Stopping these feelings isn’t about forcing yourself to stop loving him, but rather about gradually shifting your focus toward your own well-being and self-worth. Remind yourself that his words and actions reflect his issues, not your value or beauty. Surround yourself, if possible, with supportive friends or family, and engage in activities that nurture your self-esteem and happiness.

Seeking a therapist is a very good idea. A professional can help you process your emotions, build healthy coping strategies, and guide you in rebuilding your sense of self outside of this relationship. Therapy can provide a safe space to heal and"
context_296,"I just had a newborn. When I brought him home, my mom told me to leave. Now I'm in a women's home. I don't see my boyfriend that often because he works. The women's place is helping me find an apartment so I can go back to work and get child care.","I'm sorry you're going through this difficult time. It's good to hear that the women's home is supporting you by helping find an apartment and enabling you to return to work and arrange childcare. If you need additional assistance or resources, consider reaching out to local support services or counseling to help navigate your situation and build a stable environment for you and your newborn."
context_297,"I just lost my grandpa and i'm having a rough time with it.    I need some help to deal with the loss, but I don’t think I can pay for counseling. Where Can I get help?","I'm sorry for your loss. There are several free or low-cost resources that can help you cope with grief:

1. **Grief Support Groups:** Many communities offer free support groups where you can share your feelings with others who understand. Check local hospitals, community centers, or places of worship.

2. **Nonprofit Organizations:** Groups like the National Alliance for Grieving Children, GriefShare, and The Compassionate Friends offer free support and resources online and in person.

3. **Online Support Communities:** Websites and forums such as Grieving.com or Reddit’s r/GriefSupport provide a space to connect with others.

4. **Employee Assistance Programs:** If you are employed, your workplace may offer counseling or support services at no cost.

5. **Helplines:** Consider calling grief helplines such as the Bereavement Support Line for guidance and support.

6. **Self-Help Resources:** Books, podcasts, and guided meditations about grief can be helpful and are often"
context_298,I just need to know if I'm really crazy or not.,"Feeling uncertain about your mental state is common, but having doubts doesn’t mean you’re ""crazy."" If these feelings are distressing or interfering with your daily life, consider reaching out to a mental health professional for support and guidance. They can help you understand what you're experiencing and offer appropriate care. Remember, seeking help is a sign of strength, not weakness."
context_299,"I just took a job that requires me to travel far away from home. My family and I really need this job.
   People keep telling me I have ""anxiety"" and I'm terrified of having an anxiety attack on the road. This is all new to me. What can I do?","It's understandable to feel scared about traveling, especially if you're new to anxiety. Here are some steps that might help:

1. **Prepare Ahead:** Plan your trips carefully, including routes, rest stops, and accommodations. Knowing what to expect can reduce fear.
2. **Practice Relaxation Techniques:** Deep breathing, mindfulness, or progressive muscle relaxation can help calm you if you start to feel anxious.
3. **Start Small:** Gradually expose yourself to travel in shorter, manageable segments before longer trips.
4. **Stay Connected:** Keep your phone charged and have someone you trust available to call if you need support.
5. **Healthy Habits:** Get enough sleep, eat well, and stay hydrated to help your overall well-being.
6. **Professional Support:** Consider talking to a healthcare professional who can offer guidance, coping strategies, or treatment if needed.

Remember, it’s okay to feel this way, and taking small, proactive steps can make travel more manageable."
context_300,I just wanted to get to know one so I can hear about their college experience and the courses they took. I also wanted to know if they enjoy their job and how long they were in school.,"You might consider reaching out to alumni or current students from the college you're interested in, perhaps through social media groups, college forums, or LinkedIn. When you connect, you can ask about their college experience, the courses they took, if they enjoy their job now, and how long they spent in school to gain a well-rounded understanding."
context_301,"I keep being mean to my best friend, and I don't know why all the time. I did come to maybe some kind of conclusion that it is because my mother is mean to me all the time. Could that be a cause?","Yes, it's possible that being treated unkindly by your mother is influencing how you behave toward your best friend. Sometimes, when we experience negativity or hurt from important people in our lives, it can affect our emotions and interactions with others. It might help to reflect on your feelings and consider talking to someone you trust, like a counselor, to better understand and address these patterns."
context_302,"I keep feeling paralyzed and unsure during interviews. Previous jobs have fired me for lack of performance, and five employers have rejected me after extensive personality tests and interviews. I'm afraid of continuing because my depression is getting worse. I'm already humiliated working for temp agencies and doubt my self-worth as a provider for my family.","I'm sorry you're going through this difficult time. Feeling paralyzed and unsure during interviews is a common experience, especially when facing repeated setbacks. It might help to start by focusing on your mental health—consider reaching out to a mental health professional who can support you through your depression and build your self-confidence. Additionally, practicing interview skills with a career coach or counselor could help you feel more prepared and less anxious. Remember, your worth is not defined solely by job performance or past rejections, and seeking support is a strong and important step toward improving your situation for yourself and your family."
context_303,"I keep getting into relationships with men that are in bad situations. I take them on and help them and do all I can and the relationship still fails. How do I learn to not get in relationships with men in bad situations? I see someone in need of help, I jump in. And it is getting me nowhere. I am alone sad and frustrated.","It's important to recognize that your desire to help others is a strength, but when it leads to repeated hurt, it may be time to set boundaries. To avoid getting involved with men in difficult situations:

1. **Reflect on Patterns:** Acknowledge the common traits or circumstances in the partners you choose. Understanding this pattern can help you make more conscious choices.

2. **Prioritize Your Needs:** Focus on what you want and need in a relationship, such as stability, mutual support, and emotional availability, rather than feeling responsible for fixing someone.

3. **Take Time Before Committing:** Give yourself space to truly get to know someone’s life situation and emotional health before entering a relationship.

4. **Build Self-Awareness:** Consider counseling or journaling to explore why you’re drawn to people who need help and how this impacts your well-being.

5. **Set Boundaries:** Learn to say no or step back when someone’s situation feels overwhelming or unhealthy for you.

6. **"
context_304,"I keep having these random thoughts that I don't want. Things like ""you aren't worth anything."" I know they're my own thoughts but it feels like someone else is saying it.
   What is wrong with me, and how can I stop having these thoughts?","What you're experiencing sounds like intrusive negative thoughts, which many people have. These unwanted thoughts don’t mean something is inherently wrong with you; they’re often a normal part of the mind’s activity, especially during stress, anxiety, or low mood. It’s important to recognize that these thoughts don’t define your worth or who you are.

To help manage and reduce these thoughts:

1. **Practice Mindfulness:** Notice the thoughts without judgment and gently bring your focus back to the present moment.
2. **Challenge Negative Thoughts:** When a thought like ""you aren't worth anything"" arises, try to question it. Is it truly accurate? What evidence do you have against it?
3. **Engage in Self-Compassion:** Treat yourself with kindness as you would a friend experiencing similar struggles.
4. **Limit Rumination:** Distract yourself with activities you enjoy or find fulfilling.
5. **Seek Professional Support:** If these thoughts persist or significantly impact your life, consider talking to a mental health"
context_305,"I keep hearing I am attractive from people around me, and I think I believe it. But I have low confidence regarding approaching girls I like.","It's common to feel confident about your appearance but still struggle with approaching people you like. Building confidence in social situations takes practice. Start with small steps like making casual conversation, smiling, or giving compliments. Remember, rejection is a normal part of the process and doesn't reflect your worth. Over time, as you gain more experience, your confidence in approaching girls will grow. Being genuine and respectful will also make interactions more comfortable for both of you."
context_306,I keep on begging him to come back. I am so unhappy with him but am so scared of being a single parent to our son. I was abused as a little girl and that has made to be very abusive to men. What should I do...,"It sounds like you're going through a very difficult and complex situation. Prioritizing your well-being and your son's safety is important. Consider seeking support from a professional counselor or therapist who can help you work through your past trauma, your feelings about your relationship, and parenting challenges. Support groups for single parents or survivors of abuse might also provide comfort and guidance. Remember, being a strong and loving parent doesn't require staying in an unhealthy relationship. Taking steps toward healing and building a safe environment for both you and your son is vital."
context_307,I know I need to deal with my depression. But I don't know how and I don't want to tell anyone.    How can I deal with depression without telling anyone?,"Dealing with depression on your own can be challenging, but there are steps you can take to help manage your feelings:

1. **Establish a Routine:** Try to maintain a regular daily schedule with consistent sleep, meals, and activities.

2. **Physical Activity:** Engage in regular exercise, even simple activities like walking, which can improve mood.

3. **Healthy Diet:** Eat balanced meals to support your overall well-being.

4. **Mindfulness and Relaxation:** Practice mindfulness, meditation, or deep-breathing exercises to reduce stress.

5. **Limit Alcohol and Avoid Drugs:** These can worsen depression symptoms.

6. **Set Small Goals:** Break tasks into manageable steps and celebrate small achievements.

7. **Engage in Enjoyable Activities:** Spend time on hobbies or activities you used to enjoy.

8. **Educate Yourself:** Learn about depression to better understand your experiences.

9. **Journaling:** Writing down your thoughts and feelings can provide an outlet and help track your"
context_308,"I know I was molested as a child, but I have no memory of it.","It's not uncommon for people to have repressed or fragmented memories of traumatic events like childhood molestation. The mind can sometimes block out painful experiences as a way to protect itself. If you feel comfortable, talking to a therapist who specializes in trauma can help you explore your feelings and memories safely. They can also support you in processing your experience and working toward healing. Remember, your feelings are valid, and help is available."
context_309,"I know I'm ruining my life with a lot of the decisions I make. I consistently tell myself I need to make some serious changes in my life, but I just can't seem to even though I really want to. Why can't I force myself to change?","It's common to struggle with change even when you deeply want it because behavior is influenced by habits, emotions, and underlying beliefs that don't shift instantly. Motivation alone often isn't enough; lasting change usually requires small, manageable steps, self-compassion, and sometimes support from others or professionals. Resistance can stem from fear of failure, uncertainty, or discomfort with the unknown. Understanding these barriers and creating a structured plan with achievable goals can make change feel more attainable over time."
context_310,"I know someone who is extremely sensitive to stress and very sensitive to a negative tone of voice. Sometimes during a disagreement he tells me that my communication is having a harmful impact on him. Once he believes I am being negative I can't seem to find a better way of communicating. In fact, it is often a self fulling prophesy because his accusatory manner becomes unbearably frustrating.    What advice might you offer?","In situations like this, it can help to focus on creating a calm and supportive communication environment. Here are some strategies you might consider:

1. **Acknowledge Feelings Early:** When he expresses that your tone is harmful, validate his feelings without immediately defending yourself. For example, say, ""I hear that my tone is upsetting you, and I want us to communicate better.""

2. **Use ""I"" Statements:** Communicate your perspective using ""I"" statements to reduce perceived blame (""I feel frustrated when..."") which can lower defensiveness on both sides.

3. **Pause and Reflect:** If tensions rise, suggest taking a short break to cool down before continuing, preventing escalation.

4. **Focus on Intentions:** Remind each other that the goal is understanding, not winning an argument. Explicitly state your positive intentions.

5. **Seek Clarification:** Ask gentle questions to better understand his feelings and perspective, showing empathy.

6. **Agree on Communication Norms:**"
context_311,"I know that I need to get past my feelings for this person I fell in love with, but t's so difficult to move on because he showed me feelings I've never felt before.    I feel like I don't want to be without my genuine love for him, but logically, I know I need to be without him. I can't discuss this with anybody in my life because the conditions surrounding our love are considered ""wrong"" by a lot of people.
   How can I get myself to just move on?","Moving on from a deep and unique love is incredibly challenging, especially when the feelings felt are unlike anything you've experienced before. Here are some steps that might help you begin the healing process:

1. **Acknowledge Your Feelings:** Allow yourself to fully feel the pain, love, and loss without judgment. Suppressing emotions often prolongs healing.

2. **Create Distance:** If possible, reduce contact with him and remove reminders that trigger intense emotions. This helps your mind start detaching gradually.

3. **Seek Private Expression:** Since you can’t discuss this with others, consider journaling, writing letters you don’t send, or expressing yourself through art or music. This externalizes feelings safely.

4. **Focus on Self-Care and Growth:** Engage in activities that nurture you physically, mentally, and emotionally. Pursue hobbies, exercise, and connect (even if discreetly) with supportive people or communities.

5. **Set New Goals:** Redirect your energy toward personal goals or new"
context_312,I know this fear doesn't make sense. How can I overcome it?,"To overcome an irrational fear, start by acknowledging it without judgment. Gradually expose yourself to the fear in small, manageable steps to build confidence. Practice deep breathing and mindfulness to stay calm when facing the fear. Consider seeking support from a therapist, especially if the fear is significantly impacting your life. Remember, patience and consistency are key in overcoming irrational fears."
context_313,"I like getting attention from men. I don't have sex. I lead them on to thinking I might want to. I like to tease, I like for men to chase me, and I like to feel wanted.","It sounds like you enjoy the excitement of flirting and being desired, valuing the attention and interaction without necessarily pursuing anything physical. It's important to be mindful of clear communication to ensure that everyone involved understands your boundaries and intentions."
context_314,"I live a normal life. I have tons of friends and family, but I feel lonely.","Feeling lonely despite having many friends and family is a common experience. Sometimes, loneliness stems not from the quantity of relationships but from the quality or the depth of connection. It might help to explore what kind of emotional support or understanding you feel is missing. Engaging in activities that foster deeper connections, seeking meaningful conversations, or considering talking to a counselor or therapist can also provide valuable support and insight. Remember, your feelings are valid, and reaching out for help is a positive step toward feeling less alone."
context_315,"I love him so much, and I don't know what to do.","It’s natural to feel overwhelmed when you care deeply for someone. Take time to understand your feelings, communicate honestly with him, and consider what you truly want from the relationship. Remember to also take care of yourself emotionally and seek support from trusted friends or a counselor if you need help navigating your emotions."
context_316,"I love him, but he doesn’t show me love. He talks badly about me to his friends.","I'm sorry you're experiencing this. You deserve to be with someone who respects and values you. Consider having an honest conversation with him about how his behavior affects you. If things don’t improve, it might be best to prioritize your own well-being and consider moving on from the relationship. Remember, your feelings are important and you deserve kindness and love."
context_317,"I love my boyfriend and everything that leads to sex, but when it comes to the actual penetration, I hate it. I don't know why, but I just want it to be over. I feel like crying. I don't know why I don’t like it because all of my friends enjoy it.","It's important to recognize that everyone's experience with intimacy is different, and it's perfectly okay to feel this way. Your feelings during penetration might stem from physical discomfort, emotional reasons, past experiences, or anxiety—none of which make your experience any less valid. It could help to communicate openly with your boyfriend about how you feel and consider speaking with a healthcare provider or a therapist who specializes in sexual health. They can help you explore the reasons behind your feelings and work with you to find ways to make intimacy more comfortable and enjoyable for you. Remember, your feelings are valid, and seeking support is a positive step."
context_318,I love my girlfriend so much. I get an erection even just thinking about her or seeing her. But the two times we tried to have sex I couldn't get an erection. We've only had sex once and it was a long time ago.    Why this is happening and what can I do about it?,"What you're experiencing is a common issue and can be caused by a variety of factors including anxiety, pressure to perform, stress, or even just the novelty of the situation. Even though you get erections when thinking about or seeing your girlfriend, the pressure of sexual activity itself can create performance anxiety, making it harder to maintain an erection during attempts at sex.

Here are some steps you can take:

1. **Reduce Pressure:** Try to focus on intimacy and connection rather than just the goal of intercourse. Take your time, enjoy non-sexual touch, and build comfort together.

2. **Communicate:** Talk openly with your girlfriend about how you feel. Supportive communication can reduce anxiety.

3. **Manage Stress and Anxiety:** Practicing relaxation techniques such as deep breathing, mindfulness, or even light exercise can help.

4. **Avoid Performance Pressures:** Remember that sexual performance varies and occasional difficulties are normal.

5. **Consider Timing and Environment:** Choose times and places where you feel relaxed and not"
context_319,I loved him more than anything. He passed away on our anniversary which was also the day I was going to apply for our apartment. I'm not handling it well. I moved to a new town and started a new life but nothing helps.,"I'm so sorry for your loss. Grieving someone so deeply, especially on a day tied to both your love and painful memories, is incredibly hard. It’s important to give yourself grace and time to heal. Consider reaching out to a counselor or support group—they can provide a safe space to process your feelings. Connecting with others who understand can help you navigate this difficult journey. Remember, you don’t have to face this alone."
context_320,"I met a guy a while ago, and I can't stop thinking about him. I feel like I love him, but I don't think I know him. What if he is not who I think he is? I cry sometimes thinking someone is going to be with him or that he has a girlfriend. I don't know, am I too obsessive? Every time we talk though, it's like magic. He makes me feel amazing, but what if I'm mistaken?","It's natural to feel strong emotions when you meet someone who makes you feel special, especially if you don't know them well yet. What you're experiencing may be a mix of infatuation and hope, which can sometimes make us idealize someone. To protect yourself emotionally, try to get to know him better over time before fully investing your feelings. Pay attention to his actions and consistency, and communicate openly if possible. Remember, it's okay to feel uncertain and cautious—taking things slowly can help you understand if your feelings are truly love or a deeper connection, rather than just a powerful crush."
context_321,"I met this girl in high school. She had switched schools at the end of the year, and I have not seen her since. It's been a few years. We had a very good and friendly relationship, and we seemed to have a lot in common. I never gained the courage to ask her out.","It sounds like you had a meaningful connection with her back in high school. If you're interested in reconnecting, you might try finding her on social media or through mutual friends to reach out and catch up. Even after a few years, a friendly message reminiscing about your past friendship could open the door to rekindling your connection. Just be genuine and respectful in your approach."
context_322,"I nanny a three year old. When he wakes up in the morning he calls out for someone to come get him. If I am the one to go get him out of bed he gets really upset and refuses to let me near him. He screams that he wants his mom or dad (they work from home).    The rest of the day he loves me. But not in the mornings.
   What can I do?","Morning separation anxiety is common in young children, especially when they want their parents first thing. To help ease this, try the following:

1. **Prepare the child the night before:** Let him know who will be coming to get him in the morning, so it’s not a surprise.

2. **Coordinate with the parents:** If possible, have one parent consistently be the first to get him out of bed. This maintains his sense of security.

3. **Gradual transition:** If a parent isn’t available, have them introduce you as the “morning helper” during calm times so he feels more comfortable with you in that role.

4. **Create a morning routine:** Use a predictable and comforting routine that starts the day, involving a favorite toy, song, or special greeting that you do together.

5. **Stay calm and patient:** Don’t force interaction—give him space and let him come to you when he’s ready.

6. **Reassure through words and touch"
context_323,"I need answers to my anger, possessiveness, and urges.
 I am angry all the time. I push people away so much that I actually blow up on people now because they ask me how my day is or was. I have a possessiveness to someone who is not even mine. I have these urges to hurt someone really bad. I want to see them beg for me to stop hurting. I want to hear their agonizing pained-filled voices. What is wrong with me?","Feeling persistent anger, intense possessiveness, and violent urges can be very distressing and may indicate underlying emotional or psychological challenges. These feelings might stem from unresolved trauma, deep insecurity, or mental health conditions such as depression, anxiety, or anger management issues. It's important to recognize that having these thoughts does not define who you are, but they do signal the need for support. I strongly encourage you to reach out to a mental health professional who can help you understand these feelings, develop healthier coping strategies, and ensure your safety and the safety of others. Seeking help is a courageous and positive step toward healing. If you ever feel you might act on impulses to harm yourself or others, please seek immediate assistance from emergency services or a crisis hotline."
context_324,I need help dealing with stress. How can I handle it all and feel less stressed out?,"To handle stress and feel less overwhelmed, consider these strategies:

1. **Practice Mindfulness:** Engage in meditation, deep breathing, or yoga to calm your mind and stay present.
2. **Prioritize and Organize:** Break tasks into smaller steps, make a to-do list, and focus on one thing at a time to reduce feeling overwhelmed.
3. **Exercise Regularly:** Physical activity helps release tension and boosts mood.
4. **Maintain a Healthy Lifestyle:** Eat balanced meals, get enough sleep, and avoid excessive caffeine or alcohol.
5. **Set Boundaries:** Learn to say no and delegate tasks when possible to manage your workload.
6. **Connect with Others:** Talk to friends, family, or a counselor for support and perspective.
7. **Take Breaks:** Schedule short breaks during work to rest and recharge.
8. **Engage in Hobbies:** Spend time doing activities you enjoy for relaxation.
If stress persists or worsens, consider seeking professional help from a mental"
context_325,I need help knowing how to deal with stress. What can I do?,"To manage stress, try these strategies: practice deep breathing or meditation to calm your mind, engage in regular physical activity like walking or yoga, maintain a healthy diet and get enough sleep, break tasks into smaller steps to avoid feeling overwhelmed, and set aside time for hobbies or activities you enjoy. Additionally, talking to friends, family, or a mental health professional can provide support and perspective."
context_326,I need to get on base to see my doctor. My ID card was in my wallet which was stolen. I’m unable to reach my husband at this time. He is only one who can take me on base in order to get a new ID so I can continue to see doctor. Is there anything I can do?,"If your ID card was stolen and you need base access to get a new one but cannot reach your husband, you should contact the base security or visitor center directly. Explain your situation; they may have procedures for verifying your identity through other means, such as providing alternative identification documents or contacting your command or sponsor. You might also visit the base pass office or security gate with any available IDs (like a birth certificate, passport, or social security card) and any proof of your relationship to your husband or command. Additionally, try reaching out to your unit administrator or the facility where your doctor is to see if they can assist in facilitating your base entry."
context_327,I need to speak to someone about sexual addiction and binge eating immediately.,"If you need immediate support for sexual addiction and binge eating, consider reaching out to a crisis hotline or a mental health professional right away. You can contact the National Suicide Prevention Lifeline at 988 (in the U.S.) or visit a local emergency room if you feel urgent distress. For ongoing support, therapists specializing in addiction and eating disorders can provide appropriate care. If you prefer, I can help you find resources or professionals in your area."
context_328,"I never feel like myself. I can’t even think straight anymore. I start stuttering and I can’t remember anything. I always get nervous and usually talk myself down but recently end up fighting with, what feels like, someone else. I don’t know why I feel this way, but I hate it.","I'm really sorry you're feeling this way. It might help to talk to a mental health professional who can provide support and guidance tailored to what you're experiencing. You're not alone, and there are people who want to help you through this. If you're feeling overwhelmed right now, consider reaching out to a trusted friend, family member, or a crisis helpline for immediate support."
context_329,"I never get infections or scars or anything, and it doesn't bother me if it gets filled up with blood or something, but I'm concerned.","It's good that you don't experience infections or scarring, but if you're noticing blood filling up in an area or have any concerns about your health, it's important to consult a healthcare professional to ensure everything is okay."
context_330,"I no longer carry expressions on my face, and my emotions are decreasing the more I have fights with my fiancée.","It sounds like the repeated conflicts with your fiancée are taking a toll on your emotional well-being, leading to numbness or emotional exhaustion. It might help to take some time to reflect on your feelings and consider open, honest communication with your fiancée or seeking support from a counselor to address the underlying issues and restore connection."
context_331,"I noticed lately that I've been thinking a lot about death. I don't want to die, and I'm not suicidal. I just think about what would happen if I died or if someone I loved died. I imagine how sad everyone I know would be. I know it isn't worth it, and I definitely want to live and have a future. I just think about it. When I'm driving, I sometimes imagine what would happen if I just let go of the wheel and kept going.","It's understandable to have thoughts about death, especially when reflecting on how much you and those around you mean to each other. Imagining these scenarios doesn’t mean you want to die—it can be a way your mind tries to process the importance of life and relationships. However, if these thoughts become frequent or distressing, it might help to talk to a trusted friend, family member, or mental health professional who can support you in exploring these feelings and ensuring you feel safe and grounded. Remember, wanting to live and having a future is a strong and positive part of your experience."
context_332,"I often get the feeling that I'm being watched, like video cameras are hidden wherever I am, even at home. I feel like people can see all that I do and are reading my thoughts. Things I read or hear on the radio seem to be about (or meant for) me, and people are talking about me when they whisper.","The feelings you describe—believing you are being watched, that hidden cameras are everywhere, that others can read your thoughts, and that media or people are specifically targeting or talking about you—may be signs of paranoid thoughts or delusions. These experiences can be associated with certain mental health conditions, such as schizophrenia, schizoaffective disorder, or other psychotic disorders. It is important to seek evaluation by a mental health professional who can provide an accurate diagnosis and recommend appropriate treatment or support. If these feelings are causing distress or interfering with your daily life, reaching out for professional help is an important step."
context_333,"I panicked over a minor parking lot mistake. It was totally my fault, but due to another insurance issue, I left a note with an illegible phone number. Guilty over this, I got an envelope containing several hundred dollars. Unfortunately, by the time I returned, the other driver had seen my ersatz note and drove away. Since I cannot make this up to that individual, how do I atone for my cowardly act? I have been trying to do random acts of kindness in hopes that karma will somehow even out.","To atone for the mistake, continue embracing your commitment to kindness and responsibility by taking proactive steps: consider donating to a charity focused on helping accident victims or supporting community safety initiatives. You might also write a reflective letter about the experience to hold yourself accountable privately. Most importantly, use this incident as a learning opportunity to foster honesty and courage in future situations, allowing your actions to restore your peace of mind over time."
context_334,I read that you should ignore them and they have to come to a conclusion that they were wrong on their own terms. Is that correct?,"Yes, that's often considered a good approach. Ignoring someone who is wrong or behaving unreasonably can allow them to reflect and come to their own realization without feeling pressured or defensive. This method encourages self-awareness and genuine understanding rather than confrontation."
context_335,"I really like this guy and I think he likes me back, but his sister is my bestfriend. I'm afraid that if I tell her I have a crush on her brother she would loose it. I once told her I thought her brother was cute and she got really angry. I've gotten to know her brother better lately and I've realized he may actually feel the same way. I don't want to lose her friendship. What do I do?","It's important to prioritize honesty and sensitivity in this situation. Consider having an open and gentle conversation with your best friend first. Explain your feelings for her brother and reassure her that your friendship means a lot to you and that you want to handle the situation respectfully. Listen to her feelings and concerns, and try to reach an understanding together. This way, you show respect for her while being honest, which can help maintain trust and avoid misunderstandings."
context_336,"I recently broke up with my boyfriend After being together for over 4 years. I truly believe I did the right thing, but omehow being single now has made me very needy and unsure of myself.
    I am seeing someone casually and I am losing my mind with anxiety about how he feels about me and this need for validation.
   How can I learn to be content and at peace with myself regardless of my career, relationship status, etc?","It's natural to feel anxious and crave validation after a long-term relationship ends, but cultivating self-contentment comes from focusing inward rather than external factors. Here are some steps to help you build peace and confidence within yourself: 

1. **Practice Self-Compassion:** Treat yourself with kindness and understanding, especially when you feel vulnerable or uncertain. Recognize that healing and growth take time.

2. **Develop Self-Awareness:** Spend time reflecting on your values, strengths, and passions independent of relationships or career. Journaling or mindfulness meditation can help you connect with your authentic self.

3. **Set Personal Goals:** Focus on hobbies, skills, or projects that fulfill you personally. Achieving small goals boosts your sense of autonomy and self-worth.

4. **Build a Support Network:** Surround yourself with friends and family who uplift you and offer genuine connection without judgment.

5. **Limit Validation-Seeking Behavior:** Notice when you seek reassurance and gently redirect your focus to your own feelings and achievements rather"
context_337,I recently lost a friend to suicide. I'm smoking marijuana and drinking more to cope with it. How can I handle this better?,"I'm very sorry for your loss. Coping with the death of a friend to suicide is incredibly difficult. It’s important to find healthier ways to manage your emotions rather than relying on substances like marijuana and alcohol, which can worsen feelings of depression and anxiety over time. Consider reaching out to a mental health professional or counselor who can provide support and coping strategies tailored to your situation. Connecting with support groups for people affected by suicide can also help you feel less alone. Additionally, try to maintain a routine that includes physical activity, sufficient rest, and time with supportive friends or family. Remember, seeking help is a sign of strength, and you don’t have to face this alone."
context_338,"I recently went through a divorce. My ex-husband called my sister saying bad things about me. My sister never defended me. Now that I showed the truth, she's shutting me up and saying she doesn't care about the fight. Why didn't she convey that to him from the beginning?","It sounds like your sister may have chosen to stay neutral or avoid confrontation from the start, which can feel like a lack of support when you're going through a difficult time. She might have been uncomfortable taking sides or unsure how to respond, but not communicating her stance clearly allowed misunderstandings to grow. It’s understandable you expected her to stand up for you or at least clarify her position earlier to prevent hurt feelings. Having an open conversation with her about how this has affected you could help clear the air and set expectations for the future."
context_339,I regret ever hurting her and they mean the world to me. But it feels like nothing I do seem to work. I'll always love them no matter what and when I'm with them nothing else matters. I love them more then anything. I don't want another guy raising my kids.,"It sounds like you deeply care about this person and your family, and you're feeling hurt and frustrated because your efforts to make things right don't seem to be working. Holding onto your love and commitment is important, but it might also help to communicate openly with them about your feelings and listen to their perspective. Seeking support from a counselor or mediator could provide guidance in rebuilding trust and finding a way forward together. Remember, healing and reconciliation often take time, patience, and understanding from both sides."
context_340,"I saw my mother cheating on my dad before. I said something to her, and she said it was in the past. Yesterday, I saw her texting dirty things to the same guy. Should I talk to her again? I don't want my parents to go their separate ways, I just want her to stop. it's not fair.","It's understandable that you're feeling upset and conflicted. Since you've already talked to your mother once and the behavior seems to be continuing, it might help to have an open and honest conversation with her again, expressing your feelings clearly and calmly. Let her know how this situation affects you and your desire to keep the family together. If talking to her directly feels too difficult or doesn't lead to change, consider reaching out to another trusted adult, such as a counselor or family member, who can support you and help navigate this sensitive situation. Remember, you deserve to feel safe and heard."
context_341,"I self-harm, and I stop for awhile. Then when I see something sad or depressing, I automatically want to self-harm.","I'm sorry to hear that you're feeling this way. It might help to find alternative coping strategies when you encounter sad or upsetting situations, such as talking to a trusted friend, writing down your feelings, practicing deep breathing, or engaging in activities you enjoy. If these urges feel overwhelming, consider reaching out to a mental health professional who can provide support and guidance tailored to your needs. You're not alone, and help is available."
context_342,I shake and have panic attacks.,"I'm sorry to hear that you're experiencing shaking and panic attacks. It might help to try grounding techniques, such as deep breathing, focusing on your surroundings, or practicing mindfulness. If these symptoms persist or worsen, consider reaching out to a healthcare professional or therapist who can provide support and treatment options tailored to you. You're not alone, and help is available."
context_343,"I sleep a lot. Music changes my mood. I cry every Wednesday. My mind is like a maze that even I get lost in. I don't usually feel my true emotions, but instead, I get fake mirrored ones.","It sounds like you’re experiencing complex and challenging emotions, including difficulty connecting with your true feelings and a pattern of consistent emotional release on Wednesdays. This, combined with frequent sleep and mood shifts influenced by music, might suggest underlying emotional or mental health struggles. It could be helpful to talk to a mental health professional who can provide support and help you explore these feelings more deeply. Remember, seeking help is a strong and positive step toward understanding and managing what you’re going through."
context_344,I snap easy and push people away. I need help before I push my boyfriend away.,"It's important to recognize your feelings and take steps to manage them in a healthy way. Consider talking openly with your boyfriend about how you’re feeling so he understands where you’re coming from. Practicing mindfulness or breathing exercises can help you stay calm in moments of frustration. Additionally, seeking support from a therapist or counselor can provide you with strategies to manage your emotions and improve your relationships. Remember, asking for help is a sign of strength, and working on this now can strengthen your connection rather than push him away."
context_345,"I spent my whole life taking care of my dad, but left because of his verbally abusive behavior. I was the only one that helped with his health issues. I feel if I hadn't left he might still be alive. I need help dealing with my grief and guilty conscience.","I'm sorry you're going through this. Caring for a loved one, especially under difficult and abusive circumstances, is incredibly challenging, and your feelings of grief and guilt are understandable. It’s important to recognize that you did what you could under very hard conditions, and your well-being also matters. Consider reaching out to a therapist or support group where you can process your emotions in a safe space. Practicing self-compassion and reminding yourself that you made decisions to protect yourself can help in healing. Remember, seeking help is a sign of strength, not weakness."
context_346,"I start counseling/therapy in a few days (I'm freaking out) but my main fear is that I'll cry and embarrass myself, is it something to worry about?","It's completely normal to feel nervous before starting therapy, and crying during a session is nothing to worry about. Therapists are trained to support you through all emotions, including tears. Expressing your feelings openly can actually help you heal and get the most out of counseling. Remember, therapy is a safe space where you won't be judged."
context_347,"I start to think of an issue that doesn't even matter or something bad that happened years ago. Then, I cry, pull at my hair, plug my ears, hit myself, and throw things. In loud public places, I get on edge and start being sarcastic and moody. I have an awful fear of people leaving me (which normally ends up happening) and I feel like I'm too clingy.","You may be experiencing intense emotional distress possibly linked to anxiety, past trauma, or a mood disorder. These symptoms—ruminating on past issues, self-harming behaviors, heightened reactivity in public, fear of abandonment, and clinginess—suggest it could be helpful to seek support from a mental health professional. A therapist or counselor can provide strategies to manage these feelings, address underlying causes, and offer support to improve your emotional well-being. If you ever feel overwhelmed or unsafe, reaching out to a trusted person or crisis service immediately is important."
context_348,"I started dating a guy I met online. He told me that he registered sex offender but he didn't do anything. He took a plea to always register as sex offender and he did two years. That was more than two decades ago. Nothing on his record since. I always believe the past should be left in past. But my roommates, their family and my son are unforgiving. Should I forgive this man that I'm falling in love with or should I dump him? If I stay with him I will never see my family and granddaughter again.","Deciding whether to continue a relationship with someone who has a past as a registered sex offender is deeply personal and complex. It's important to weigh your feelings for him against the concerns and boundaries of your family, especially when it affects your relationship with your son and granddaughter. Consider the nature of his offense, the truthfulness of his story, his behavior since then, and whether you feel safe and comfortable moving forward. Also, reflect on whether the potential consequences—estrangement from loved ones—are something you can accept. Seeking support from a professional counselor or therapist might help you process your feelings and navigate this decision more clearly. Ultimately, prioritize your emotional well-being, safety, and the relationships that matter most to you."
context_349,"I started dating my fiancé two years ago. My first cousin is married to my fiancé’s sister. There has always been a communication issue between my uncle and aunt and my cousin and his wife. My uncle goes to my mom instead of talking to my cousin, and it upsets my mom.","To help improve the communication issues between your uncle, aunt, cousin, and his wife, it might be helpful to encourage direct conversations between them rather than involving intermediaries like your mom. You could gently suggest to your uncle and aunt the benefits of addressing concerns or conflicts directly with your cousin and his wife to reduce misunderstandings and ease the tension affecting your mom. Additionally, facilitating a calm and neutral family meeting where everyone can openly share their feelings might help clear up issues and promote better communication moving forward."
context_350,"I started having anxiety three months ago. I'm new to having anxiety, and it's making me depressed.","I'm sorry to hear you're feeling this way. Experiencing anxiety for the first time can be very challenging and can affect your mood deeply. It might help to talk to a mental health professional who can provide support and guidance tailored to your situation. Additionally, practicing relaxation techniques like deep breathing, mindfulness, or gentle exercise can sometimes reduce anxiety symptoms. Remember, you're not alone, and help is available."
context_351,"I started seeing this guy that I met at a mutual friend’s place. He recently broke up with his ex-girlfriend and started seeing me. Everything was great in the beginning, then I started having low self-esteem thoughts and thinking he was hanging with his ex-girlfriend again. It’s all I think about. I am still seeing him, but things have changed because I am at a loss for words. I get stuck in my own thoughts. I like and care for him a lot. He just makes me nervous and gives me the butterflies.","It's natural to feel nervous and have insecurities when starting a new relationship, especially if your partner recently ended a previous one. To help ease your mind, consider having an open and honest conversation with him about your feelings and concerns. Communicating your thoughts can build trust and clarity between you two. Also, try focusing on the positive aspects of your relationship and remind yourself why you like and care for him. Practicing self-compassion and boosting your self-esteem through affirmations or talking to close friends can also help manage those anxious thoughts. Remember, relationships take time to develop trust and comfort—be patient with yourself and the process."
context_352,"I stopped for a while, but I’ve started doing it again. It’s like an addiction. The more I try to stop, the more I want to do it. I’ve tried doing some of the stuff they say to do like draw, but it doesn’t work.","It sounds like you're struggling with a behavior that feels addictive and hard to control, despite your efforts to stop. This is a common experience with habits or impulses that create strong urges. Since drawing and similar distractions haven't helped, it might be beneficial to explore other strategies such as identifying triggers, seeking support from a counselor or support group, practicing mindfulness or stress-reduction techniques, and developing a structured plan with achievable goals. Professional guidance can provide personalized tools and support to help manage these urges more effectively."
context_353,"I stress over everything. If I don't have enough ""quality time"" with my boyfriend, I start to feel resentment towards him. He has three children, and they are great kids, but I find we don't have much time together. I break down easily and find myself depressed.","It sounds like you're feeling overwhelmed and longing for more meaningful connection with your boyfriend, which is understandable given his responsibilities as a parent. It might help to openly communicate your feelings with him in a calm and honest way, expressing your need for quality time without placing blame. You could also explore ways to create special moments together, even if they are brief—like setting aside a regular date night or enjoying small shared activities. Additionally, consider seeking support for your emotional well-being, such as talking to a therapist, who can help you manage stress and depression and develop coping strategies. Remember, taking care of yourself is important in maintaining a healthy relationship."
context_354,"I struggle with depression as well as pretty intense mood swings throughout the month. I experience highs where I feel amazing and energetic and then lows where I lack focus, energy, and generally have a more dark outlook on my life. How can I live a more balanced life?","To live a more balanced life while managing depression and intense mood swings, consider the following steps:

1. **Seek Professional Help:** Consult a mental health professional such as a therapist or psychiatrist. They can help diagnose any underlying conditions (like bipolar disorder or mood disorders) and recommend appropriate treatment, which may include therapy or medication.

2. **Establish a Routine:** Maintain a regular daily schedule for sleep, meals, exercise, and work. Consistency can help stabilize mood fluctuations.

3. **Practice Self-Care:** Engage in activities that promote well-being, such as regular physical exercise, healthy eating, sufficient sleep, and mindfulness or meditation practices.

4. **Identify Triggers:** Keep a mood journal to recognize patterns or events that precede mood swings, then develop strategies to manage or avoid these triggers.

5. **Build a Support System:** Share your experiences with trusted friends or family members who can provide emotional support.

6. **Limit Substance Use:** Avoid alcohol or recreational drugs, as these"
context_355,"I suffer from adult ADHD, anxiety disorder, and depression. It has been difficult to find a doctor in my area and my primary physician won't help. I am unemployed and overwhelmed. What would you suggest I do?","I'm sorry you're going through this. Here are some steps you might consider:

1. **Seek Telehealth Services:** Many therapists and psychiatrists offer virtual appointments, which can expand your options beyond your local area. Platforms like BetterHelp, Talkspace, or local mental health clinics may provide affordable or sliding-scale options.

2. **Contact Community Mental Health Centers:** These centers often provide low-cost or free services for individuals with limited income or unemployment.

3. **Reach Out to Support Groups:** Connecting with ADHD, anxiety, and depression support groups—either online or in person—can provide emotional support and practical advice.

4. **Access Emergency Help if Needed:** If you ever feel overwhelmed to the point of crisis, contact emergency services or a crisis hotline immediately.

5. **Explore Social Services:** Look into government or nonprofit programs for unemployed individuals that may offer healthcare benefits, counseling, or medication assistance.

6. **Practice Self-Care Techniques:** Incorporate routines such as regular exercise, mindfulness, structured"
context_356,I suffer from checking and cleaning OCD. Can counseling help me to get over it?,"Yes, counseling can help you manage and reduce symptoms of checking and cleaning OCD. Cognitive-behavioral therapy (CBT), particularly Exposure and Response Prevention (ERP), is an evidence-based approach that is highly effective for treating OCD. In ERP, you'll gradually face situations that trigger your compulsions while learning to resist the urge to perform them, which can lessen anxiety over time. A qualified mental health professional can tailor the treatment to your specific needs and support you throughout the process. It’s important to seek professional help to develop coping strategies and work toward recovery."
context_357,"I terminated my counseling relationship with a social worker several years ago. I am now realizing that I would like to begin counseling again. The social worker’s voicemail message says that he returns calls in 24 hours, but he hasn't called me back. I called him on the weekend and made it clear that I want him to call me back. Can he just ignore me?","While a social worker should respond to clients professionally, there is no absolute obligation for them to return every call, especially if you are no longer an active client. Since you terminated your counseling relationship several years ago, the social worker may consider the prior relationship concluded and may not be obligated to resume contact. If you wish to begin counseling again, you might consider reaching out to other social workers or mental health professionals who are currently accepting clients."
context_358,"I think I have depression, anxiety, bipolar disorder, and I have anger issues. I told my mom over and over again. She told me she would get me a therapist, but she never did. I just found out that my mom can't afford a therapist for me.","I'm sorry you're going through this. It’s important to know that you’re not alone, and there are steps you can take even if professional therapy isn’t immediately available. You might consider reaching out to a school counselor, a trusted teacher, or another adult you feel comfortable with. Many communities also offer free or low-cost mental health services, so you could look into local clinics or helplines. Additionally, some online resources and support groups can provide guidance and support. If you ever feel overwhelmed or unsafe, please seek emergency help right away. Taking these steps can help you start addressing what you’re feeling while working toward getting the professional support you deserve."
context_359,"I think I'm annoying and bothersome, but my girlfriend says I'm just fine. I don't think so, I think I'm stressing everyone else out","It's common to have self-doubt, but since your girlfriend says you're just fine, it’s likely that your perception is harsher than reality. If you're worried about stressing others, try communicating openly with those around you to understand their feelings. Working on self-compassion and possibly talking to a counselor can also help you feel more confident and less anxious about how you affect others."
context_360,I think about death all the time because I feel so alone. I want someone to love and someone to love me.,"I'm really sorry you're feeling this way. It might help to talk to someone you trust about how you're feeling, like a close friend, family member, or a mental health professional. You don’t have to go through this alone—there are people who care and want to support you. Reaching out could be a meaningful step toward finding the connection and love you deserve."
context_361,"I think adult life is making him depressed and we often sleep in on weekends untill 1 or 2 pm. We just eat, smoke weed, watch movies, and he'll go on his phone all day. He doesn't seem motivated to do much and he's often angry.
    I have no clue how to help him take his mind off the negative, or to distract him into a different light. How do I help him?","Supporting someone who seems depressed and unmotivated can be challenging, but your care and patience are important. Here are some steps you can take to help him:

1. **Encourage Open Communication:** Gently invite him to share how he’s feeling without pressure or judgment. Sometimes just talking helps.

2. **Suggest Small, Manageable Activities:** Propose low-pressure activities like short walks, cooking together, or engaging in a hobby he once enjoyed to gently break the cycle of inactivity.

3. **Promote Routine:** Help establish a simple daily routine with regular sleep and mealtimes, as structure can improve mood and motivation.

4. **Limit Harmful Coping Mechanisms:** While cannabis and screen time might seem like coping tools, they can sometimes worsen mood. Encourage moderation and balance.

5. **Be Supportive, Not Forceful:** Offer support and companionship without pushing too hard, which might cause resistance.

6. **Encourage Professional Help:** If his mood and anger persist,"
context_362,"I think i may suffer from depression, and it is affecting my life and sleep. I am on my parent's insurance, and they won't let me see a therapist because they don't believe in it.","I'm sorry you're going through this. If your parents won't support seeing a therapist, consider these steps: try talking to your primary care doctor about your feelings—they can provide guidance or medication if needed. You might also explore counseling services at school or university if you attend one. Additionally, many communities offer low-cost or sliding-scale mental health services confidentially. Online therapy platforms or mental health apps can be more accessible options as well. Remember, reaching out for help is important, and you're not alone. If your feelings worsen or you have thoughts of self-harm, seek emergency help immediately."
context_363,"I told her that if daddy dies, we will never see him again. She started crying because I wouldn't make her daddy die.","It's natural for a child to feel upset or scared when confronted with the idea of losing a parent. When explaining difficult topics like death, it can help to use gentle, reassuring language and focus on feelings of love and safety. For example, you might say, “I know it’s scary to think about, but we will always have the love from Daddy in our hearts.” This approach can provide comfort while acknowledging her emotions."
context_364,I told him I liked him. He called me lovely and pretty but he said he didn’t want a relationship. He would always flirt with me.,"It sounds like he enjoys the attention and likes flirting, but he's not interested in a committed relationship right now. If this is confusing or upsetting for you, it might help to set clear boundaries for yourself so you don’t get hurt."
context_365,"I tried telling my husband I was depressed, and he ignored me. He said ""you're always sad or depressed."" And he picked up his phone and ignored me. I said, ""Please don't exaggerate, that isn't true."" And he said, ""Whatever babe. You just want to be sad.""
   How can I get through to him so he will take me seriously?","It's important to communicate your feelings in a way that encourages understanding and empathy. Try choosing a calm moment to express how his responses affect you, using ""I"" statements like, ""I feel hurt and unsupported when my feelings are dismissed."" You might also consider writing him a letter if verbal conversations are difficult. Additionally, seeking support from a therapist or counselor can help you navigate this situation and may provide strategies to improve communication between you both. If he continues to dismiss your feelings, focusing on your own mental health and support network is crucial."
context_366,"I try to do everything right just so we won't argue, and it doesn't help the only time he is calm is when he is drinking alcohol. I get anxiety over having fights with him.","It sounds like you're in a very stressful and difficult situation. Constantly trying to avoid conflict and feeling anxious about fights can take a heavy emotional toll. It may help to seek support from friends, family, or a professional counselor who can provide guidance and help you navigate these challenges. If his drinking is contributing to the tension, addressing that with the help of a support group or professional resources could also be beneficial. Remember, your well-being is important."
context_367,"I use to be so happy. No matter what, I always was happy. I got into a relationship with this guy. I love him so much. We’re both teenagers. The week after his birthday, my mom made me stop talking to him. It broke me. He came to my house and talked to her, and she let us date again but not see each other. He comes up to my school every day and it tears me apart that I have to lie to her.","It sounds like you're going through an incredibly difficult and painful situation. Loving someone deeply while facing restrictions and having to hide your relationship can feel isolating and heartbreaking. It might help to find someone you trust to talk openly with about your feelings—whether it's a close friend, another family member, or a counselor. Remember, your emotions are valid, and seeking support can provide comfort and guidance during this challenging time."
context_368,"I used to be the funny guy of the group—the class clown, if you will. I used to laugh uncontrollably all the time and be able to be social without it feeling awkward. Now I can't laugh at all, and I'm dead inside.","It sounds like you're going through a really tough time right now, feeling disconnected from the joy and humor that used to come naturally to you. This kind of change can be deeply challenging and might be a sign of underlying issues such as depression or emotional burnout. It’s important to acknowledge these feelings and consider reaching out to a mental health professional who can provide support and help you work through this period. Remember, you don’t have to face this alone, and with the right help, it’s possible to reconnect with your sense of happiness and social ease."
context_369,"I want a secure relationship with someone that wants to be with me and who will actually put effort into it.
 I seem to gravitate toward unavailable men and those that want intimacy and no relationship. I let men dictate and control me because they accuse me of being controlling. I let men emotionally abuse me and I am at their beck and call.
 I am not comfortable being alone or doing anything by myself. I feel I need the security of someone being around just to survive. I know what I'm doing wrong and I do it anyway just hoping things will change. How do I stop this behavior and thought process?","Recognizing these patterns is a crucial first step toward change. To stop gravitating toward unavailable or emotionally harmful partners and to build a secure, fulfilling relationship, consider the following approaches:

1. **Build Self-Awareness:** Reflect on your needs, boundaries, and what a healthy relationship looks like for you. Journaling or working with a therapist can help uncover why you feel uncomfortable being alone and why you tolerate mistreatment.

2. **Strengthen Self-Worth:** Focus on cultivating self-love and self-respect. Engage in activities that boost your confidence and reinforce that you deserve kindness, respect, and effort from a partner.

3. **Set Clear Boundaries:** Learn to identify and assert your boundaries. Practice saying no and prioritize your emotional well-being over appeasing others or avoiding conflict.

4. **Challenge Negative Beliefs:** Work on changing the thought patterns that keep you stuck, such as believing you need someone else to survive or fearing being alone. Cognitive-behavioral therapy (CB"
context_370,I want to live with my mom. My dad gets angry and makes me feel like everything is my fault. I still talk to my mom although My dad tells me that I'm no allowed to. I'm scared I will make the wrong decision and that my dad will hate me.    How do I tell him that I want to live with my mom?,"It's important to express your feelings calmly and honestly. You might say something like, ""Dad, I want to talk to you about something important. I feel that living with Mom is better for me right now because it makes me feel happier and safer. This isn't about blaming you; I just need what feels best for me."" Try to stay calm, listen to his feelings too, and remind him that you still care about him. If you're worried about his reaction or feeling scared, consider asking a trusted adult, counselor, or family mediator to help support this conversation. Your feelings matter, and you have the right to share them respectfully."
context_371,"I want us all to get along, but feel that I am not being respected. Of course I do have some insecurities because he was with his ex for 8 years. He wants to see his step daughter and ex makes it so he has to go there to see her, but she doesn't want me around. She has a boyfriend, but mine fixes their vehicles, goes over once a week and hangs out with the ex and does family things with her. Since he works nights, I only see him parts of Friday-Sunday and we live together. He won't let me use his phone when I forgot mine, says his ex used to mess with it. I don't think he's cheating, but he will lie about what time he actually left her place to come home or about going over early to be with them. I feel like the other woman. She has tried to mess with holiday plans by restricting when he can see the child. He only dated once person before her, so this could be why. I don't feel he has let go enough. He is a wonderful boyfriend other than this.","It sounds like you're feeling hurt and insecure due to the complicated dynamics involving your boyfriend's ex and her restrictions around your relationship. Your feelings of not being fully respected are understandable given the secrecy, the limited time you have together because of his work schedule, and the tension caused by his ongoing involvement with his ex and stepdaughter under difficult circumstances. It’s important to communicate openly with your boyfriend about how these issues affect you, expressing your need for honesty, trust, and boundaries that honor your relationship. Couples counseling might also help both of you navigate these challenges, rebuild trust, and find a balance that respects everyone's roles and feelings."
context_372,"I was a single mom most of their growing up life and have guilt about trying to work three jobs and being gone a lot. My children are successful with their own business's, have lots of nanny and cleaning help, but I just feel they have such a great opportunity to spend it with their kids.","It's understandable to feel guilt about balancing work and family, especially as a single parent. However, your hard work and dedication helped provide your children with strong foundations and opportunities. Their success and the support they have now reflect the efforts you made. Remember, quality time and love are what truly matter, and your example of resilience and commitment is a valuable legacy for them and their families."
context_373,"I was a victim of an incident. I've been made fun of and have been beating myself up for it because I don't feel anyone honestly believes me. There are so many other factors I deal with on a daily basis. I ignore my problems when I'm with my friends, but it’s scary when I’m alone.","I'm really sorry you're going through this. It's important to remember that your feelings are valid, and you deserve support and understanding. Consider reaching out to a trusted friend, family member, or a mental health professional who can provide a safe space for you to share and heal. You're not alone, and help is available. Taking care of yourself is important, especially during difficult times."
context_374,"I was anxious to go to middle school. I was afraid of what people might say about me, so when school started, I wasn't acting like myself. I was quiet, which I'm usually not. I didn't talk to anybody and didn't have any friends. Then a few years later, my grandma died. I really became depressed and stop going to school for a little. I hated myself and still do. I just need help. I need someone to care for me. I need someone to show that they care.","I'm really sorry you're feeling this way. It might help to talk to a trusted adult, counselor, or mental health professional who can provide the support and care you need. Remember, you're not alone, and there are people who want to help you through this. Reaching out is a strong and important first step."
context_375,"I was born a girl, but I want to be a boy. Because of my religion I can't tell my family. I know they won't accept me. What do I do?","I'm sorry you're facing this difficult situation. It's important to prioritize your safety and well-being. Consider seeking support from trusted friends, online communities, or counselors who understand gender identity and can offer guidance confidentially. If possible, look for LGBTQ+ support groups that respect your cultural and religious background. Remember, your feelings are valid, and finding safe spaces where you can be yourself is essential. When you feel ready, you might explore ways to communicate with your family gradually, but only if you feel safe doing so."
context_376,I was born a girl. I look like a boy. I sometimes feel like a different variation of gender. I don't know what to say if someone asks my gender. I just get really confused and usually say my birth gender.,"It's completely okay to feel uncertain or confused about your gender identity. Gender can be fluid and personal, and you don't have to fit into a specific label unless you want to. When someone asks your gender, you can share whatever feels most comfortable to you in that moment—whether that's your birth gender, a different identity, or simply saying you'd prefer not to answer. Take your time exploring how you feel, and remember that your experience is valid no matter what. If you ever want support or to talk more about it, there are communities and resources that can help."
context_377,"I was hanging out with my close guy friend. We started kissing, but afterwards, he said that we should just stay friends because he doesn't want to ruin anything. We both just got out of relationships. His was very sexual. I'm not a sexual person, and he knows that. I want to be with him, but I'm not ready for another relationship, and I don't know if he ever will want to be more than friends.","It sounds like your friend values your friendship and is cautious about starting something new right now, especially given your recent breakups and differing comfort levels with physical intimacy. It’s important to respect each other’s feelings and timing. Consider having an open and honest conversation with him about how you feel and your current readiness for a relationship. This can help both of you understand each other’s perspectives and decide together how to move forward, whether that means remaining friends for now or exploring something more when the timing feels right for both of you."
context_378,"I was having a sexual relationship with a coworker. He decided he was going to get a hotel room for the weekend. Before I got paid, I told him I would have $25.00, which I thought I would. But when I saw my paycheck, I could not pay the $25.00. He says I lied to him about it. He wants me to reimburse him $25.00 for the hotel room he decided to get. He stayed at the hotel, and I left. I don't think it's right that he want me to reimburse him $25.00 for a hotel room he wanted to get in the first place. He is out of town right now and texted me yesterday telling me I am a liar and that I should never said I was going to have $25.00 when I knew I wasn't. I told him I had to pay rent and my rent was late. He texted me saying I need to get two or three jobs.","Based on the situation you described, it is not your financial responsibility to reimburse your coworker for the hotel room he chose to book. You communicated your expected amount ($25.00) honestly based on your paycheck, and when your financial situation changed, you were upfront about it. Since the decision to get the hotel room was his, and you did not agree to cover that cost fully, it is unreasonable for him to demand repayment or accuse you of lying. Additionally, his suggestion that you get multiple jobs is unhelpful and dismissive of your circumstances. You are not obligated to pay him for expenses he voluntarily incurred."
context_379,"I was in a car accident and totaled my car. I gave up my job of nine years to pursue school full-time to better myself. I failed a class, and my boyfriend that I live with thinks I’m stupid and wants to break up with me. I have nowhere to go, and I feel like I’m losing everything.","I'm really sorry you're going through such a difficult time. It sounds overwhelming to face so many challenges at once. Remember that one setback doesn’t define your worth or your future. It might help to reach out to close friends, family, or a counselor who can provide support and guidance. Taking small steps to care for yourself and seeking help can make a difference. You’re not alone, and things can improve even if it doesn’t feel that way right now."
context_380,"I was in a relationship for almost five years. We were friends for a few years before we got into a relationship. He was a caring, friendly, and charming guy up until three and a half years in. He started controlling me: who I hung out with, where I was at all times, and he had a huge hissy fit if I tried to ask him the same questions. All that time, he just liked me as a friend and was cheating on me with my so-called friends. At the end, he was a nasty and narcissistic person. Now it’s hard to be social.","I'm sorry you went through such a painful experience. It’s understandable that after enduring controlling behavior and betrayal, socializing feels difficult. Healing takes time, so be gentle with yourself as you rebuild your confidence and trust in others. Consider seeking support from trusted friends, a counselor, or support groups, where you can share your feelings and start to regain your sense of self and safety in relationships. Remember, you deserve respectful and caring connections moving forward."
context_381,"I was in a relationship with a woman for four years. We both made mistakes, but I do love her.    She has moved in with another lady. I think she is just cheating on me to make me miss her. How can I find out for sure?","It's important to approach this situation with calm and clear communication. Instead of assuming or trying to find out through indirect means, consider having an honest and open conversation with her about your feelings and concerns. Express how you feel and ask her directly about the nature of her new relationship. This can help you gain clarity and understand her perspective, allowing you both to address the situation respectfully. Avoid invasive actions like spying or checking her private messages, as these can damage trust further and may lead to more pain. If you find it difficult to navigate these emotions, seeking support from a counselor or therapist could be beneficial."
context_382,"I was in a relationship with him for three years. My mom doesn't like it because she thinks I'm making a mistake. He got married a few months after we broke up, and now he is divorced. I forgave him for what he did in the past, and he says he’s sorry and he really loves me. I love him too, but is it bad that I'm giving him a second chance again?","Giving someone a second chance is a personal decision that depends on your feelings, the circumstances, and whether you believe trust and respect can be rebuilt. It's important to consider if his past actions have truly changed, if he has shown genuine remorse, and if both of you are willing to work through any issues together. Also, reflect on your own well-being and whether this relationship brings you happiness and growth. Listening to your instincts and setting clear boundaries can help ensure that giving a second chance is healthy for you."
context_383,"I was in a situation with a guy. He’s my brother’s friend and kind of like a brother to me. He invited me over to hang out, and then came on to me. I was instantly terrified to say no, and I gave in. I don't know what's wrong with me. I can't figure out why I'm afraid to say no. This is giving me a lot of guilt and depression.","I'm really sorry you're feeling this way. It's important to know that your feelings are valid, and the fear you experienced in saying no is not your fault. Sometimes, when people we trust or see as family cross boundaries, it creates confusion and fear that can make it hard to assert ourselves. You might be dealing with trauma responses like fear, guilt, or shame, which are common but not something you have to face alone. Talking to a trusted counselor, therapist, or support group can help you process what happened, understand your feelings, and work towards healing. Remember, you deserve to feel safe and respected, and seeking support is a strong and important step."
context_384,"I was kidnapped at fourteen and raped at gunpoint. The guy got six months. When the same thing happened with two ""friends"" at nineteen, I didn't even report it.","I'm so sorry you experienced such trauma and that justice was inadequate. Your feelings are valid, and it's important to seek support from trusted professionals, friends, or support groups who can help you heal and empower you. You don't have to face this alone."
context_385,"I was married to a narcissist sociopath for 10 years. During that time I was a general manager. I used to help him financially and in other ways when we were together. But things began to change. He emotionally and sexually drained me. I lost my spirit. I used to be a very happy person but now I am a loner. I left him and moved to another state. Currently, I'm working as a server which makes me believe less in myself. I feel pity for myself a lot but don't know what to do. When I have money problems, he does not help me. He actually enjoys seeing me have a hard time in my life. I need help.","I'm really sorry you're going through this. Leaving an abusive relationship is incredibly brave, and it's important to acknowledge the strength it took to make that change. Feeling drained and struggling with self-worth after such an experience is common, but there is hope and help available. Consider reaching out to a mental health professional who can support you in healing from the trauma and rebuilding your confidence. Connecting with local support groups for survivors of abuse might also provide encouragement and understanding. Focus on small steps toward self-care and rediscovering what makes you feel valued and happy. Remember, your past does not define your future, and you deserve kindness, respect, and a fulfilling life."
context_386,"I was never like this. Recently this year (my first year of high school), I started getting emotional for no reason.","It's common to experience increased emotions during your first year of high school due to many changes and adjustments, such as new social environments, academic challenges, and hormonal shifts. These feelings are a normal part of growing up, but if they feel overwhelming, consider talking to a trusted adult, counselor, or friend for support."
context_387,"I was never single, afraid to be alone, and I looked for my boyfriend to make me happy. I finally worked on my self, was in a relationship, and I did everything a healthy girlfriend does and it didn't work out. Now months later, no man peaks my interest. Am I ready to date again? Is there a reason no one sparks my interest?","It sounds like you've done important personal growth by focusing on yourself and understanding what you want and need in a relationship. Not feeling interested in dating right now is perfectly normal—sometimes after investing in a relationship that didn’t work out, it takes time to fully process your feelings and reset your expectations. You may be ready to date again when you genuinely feel curious or excited about getting to know someone new, rather than feeling pressure or habit. It’s okay to take your time, enjoy your own company, and let attraction and interest develop naturally. There’s no rush, and your feelings are valid."
context_388,"I was raped a couple months ago, Since then, along with other unfortunately events that have occurred, I have been having trouble feeling emotions. It's almost as if I'm a sociopath lacking any feeling. What can I do to change this?","I'm really sorry to hear about what you're going through. Experiencing trauma like rape can deeply affect your emotions and overall well-being. It's important to reach out to a mental health professional, such as a therapist or counselor, who can help you process your trauma and guide you towards healing. Support groups for survivors of sexual assault might also provide a safe space to share and feel understood. Additionally, practicing self-care, building a supportive network of friends or family, and allowing yourself time to heal are important steps. Remember, recovery is possible, and help is available—you don't have to face this alone."
context_389,"I was raped by multiple men, and now I can't stand the sight of myself. I wear lingerie to get my self excited enough to have sex with my wife.","I'm really sorry that you're going through this. It might help to consider talking to a therapist who specializes in trauma and sexual assault; they can provide support and strategies to help you heal and rebuild your relationship with yourself and your wife. Remember, you're not alone, and there are people who want to help you through this."
context_390,"I was raped repeatedly when I was younger. I told my parents and action was taken, but now that I’m an adult, I suffer from extreme anxiety.","I'm so sorry you're going through this. Experiencing repeated trauma can have long-lasting effects like extreme anxiety. It might help to connect with a mental health professional who can provide support and coping strategies tailored to your experience. You don't have to face this alone—reaching out to trusted friends, support groups, or counselors can also be an important step toward healing. Remember, your feelings are valid, and help is available."
context_391,"I was talking to my fiance about changing my hair. He recommended a very specific hair style. Then I found out his ex has that exact same hair. I feel like he must know she has that hair style. Am I nuts, or does this show that he's still in love with her?","It's understandable to feel unsettled in this situation. However, recommending a hairstyle similar to an ex's doesn't necessarily mean he's still in love with her. He might simply think that style looks good or suits you. If it bothers you, consider discussing your feelings openly with him to gain clarity and express your concerns. Communication is key to understanding each other's perspectives."
context_392,"I was texting a guy who wasn't my boyfriend, and my boyfriend found out. We work together, so he went to work and told everyone I was cheating on him. I moved out of the house. There have been previous problems, and I feel like I'm usually the issue here. In order for us to move on, he wants me to sign this contract that he wrote out listing things he doesn't want me to do anymore. I'm wondering if this a healthy relationship to save or if I should walk away.","Based on your description, this relationship shows signs of unhealthy dynamics, including public shaming at work, controlling behavior, and a lack of mutual trust and respect. Healthy relationships are built on open communication, boundaries agreed upon by both partners, and respect for each other's autonomy. Being asked to sign a contract listing things you must not do, especially under pressure, suggests control rather than partnership. It may be healthier for you to consider walking away to prioritize your emotional well-being and find a relationship based on mutual respect and trust. If you feel uncertain, consulting a trusted counselor or therapist could provide personalized support."
context_393,"I was the one who ended it, and I'm so glad I did. It was the best decision I made in my life. But how do I stop the nightmares and flashbacks? It is creating a wall in my current relationship.","I'm sorry you're experiencing this. Nightmares and flashbacks after ending a difficult relationship are common signs of lingering trauma or emotional distress. To help stop or reduce them, consider the following steps:

1. **Seek Professional Support:** A therapist, especially one trained in trauma or cognitive-behavioral therapy (CBT), can help you process your experiences and develop coping strategies.

2. **Practice Grounding Techniques:** When flashbacks or nightmares occur, grounding exercises (like focusing on your breath, describing your surroundings, or holding a comforting object) can help bring you back to the present moment.

3. **Establish a Nighttime Routine:** Create a calming routine before bed to reduce anxiety, such as reading, meditation, or gentle stretches.

4. **Journal Your Thoughts:** Writing about your feelings and experiences can be a therapeutic outlet and may reduce the intensity of intrusive memories.

5. **Communicate with Your Partner:** Sharing your struggles with your current partner can reduce misunderstandings and help build trust"
context_394,I was violently raped by another women who was my friend of 13 years. I’m having bad flashbacks. I’m scared to sleep because I see it in my dreams. I don't leave the house because I have panic attacks.,"I'm so sorry you're going through this. It’s important to know that what happened to you is not your fault, and help is available. Consider reaching out to a mental health professional who can provide support tailored to your experience, such as trauma-focused therapy. If you feel safe, confide in someone you trust about what you're going through. You don’t have to face this alone, and there are people who want to help you heal. If panic attacks or flashbacks become overwhelming, grounding techniques like deep breathing or focusing on your surroundings can sometimes help manage moments of distress. If you feel in immediate danger or need urgent support, please contact a crisis helpline or emergency services."
context_395,I was with my boyfriend for years on and off. We dated and broke up three times. Since we broke up five months ago I can't move on. I want to get back together but he won't talk to me. What should I do?,"It's important to focus on healing and moving forward rather than trying to force communication. Give yourself time to process your feelings and work on your own well-being. Consider talking to close friends, family, or a therapist to help navigate your emotions. If he’s not willing to talk, respect his space and focus on rebuilding your life independently. Over time, this will help you gain clarity and open the door to healthier relationships, whether with him or someone new."
context_396,"I was with my friends at the park, and we were talking and having fun. After a while, I met a girl there. We talked and flirted for a while, then we gave our numbers to each other and left. We talked for a few months, then we met up again. She kissed me, so I assumed we were dating. Then I found out she has a boyfriend.","It sounds like there was a misunderstanding about the nature of your relationship. If she has a boyfriend and didn’t clarify your status before showing romantic interest, you might want to have an honest conversation with her to understand her intentions and decide how to move forward. It’s important to prioritize clear communication and respect for everyone involved."
context_397,"I was with my friends fishing by a pond. I found a frog and stabbed it with my friend's knife. I'm not sure why I did it. My friends saw me do it it and were shocked and got really mad at me.
   Now if someone brings it up I get really upset and panicked. I don't know why I feel like this. Does this mean there is something wrong with me?","Feeling upset and panicked when someone brings up the incident may indicate that you are experiencing guilt, shame, or confusion about your actions. It's normal to feel uncomfortable when reflecting on behavior that you now recognize as harmful or wrong. This doesn’t necessarily mean there is something fundamentally wrong with you, but it might help to explore these feelings more deeply. Talking with a trusted friend, family member, or a mental health professional can provide support and help you understand why you acted that way and how to cope with your emotions. Recognizing and reflecting on your behavior is an important step toward personal growth."
context_398,"I was “mentored” by this guy for a few years spiritually. It was okay at times, but other times, it was just weird. I try not to think about it too much, but a lot of manipulation and lying happened, yet no one else really believed me when I told them. It's like he's two different people, and no one else really sees that side of him. I was blamed for a lot of our troubles, and now we don't really talk much. I'm worried because he's in a trusted position of leadership and no one suspects anything. They just think I'm attacking his character. How do I know for sure?","To know for sure if your concerns are valid, consider documenting specific instances of manipulation or lies with dates, messages, or any evidence you may have. Reflect on how his behavior affected you emotionally and mentally, and seek support from a trusted counselor or therapist who can help you process your experience objectively. If possible, discreetly talk to others who may have had similar interactions with him to see if your experience is isolated or part of a pattern. Ultimately, trusting your own feelings and seeking professional advice can provide clarity and guidance on how to handle the situation, especially given his leadership role and the lack of others acknowledging your perspective."
context_399,"I went to my ex-boyfriend to reach out to one of his high school friends who's attempted to commit suicide. When I went to him to reach out to his high school friend, he told me that I put him in a terrible position and put an enormous load on his shoulders. He was very angry that I went to him to do that. Am I in the wrong for going to him to reach out? He helped me so much with my depression and bad habits, so that's why I thought of him to reach out. He made me feel awful for thinking highly of him to help. Why did he react this way towards me? I think he's being selfish.","You’re not necessarily wrong for wanting to reach out to someone who might need help, especially since you trusted your ex-boyfriend due to the support he once gave you. However, involving him without considering his feelings or current situation may have unintentionally put him under pressure. His angry reaction could stem from feeling overwhelmed, burdened, or caught off guard by being asked to help with a serious issue he might not feel equipped or willing to handle. It’s possible he is struggling with his own boundaries or emotions, and his response may not be about selfishness but about his own limits. Recognizing his reaction doesn’t invalidate your concern, but it might help to seek support through other channels—like mutual friends, professional resources, or crisis services—to ensure everyone involved is supported appropriately."
context_400,"I work two jobs and go to school for criminal justice. Over the summer, my father had a stroke. It was very devastating. My father isn't the same, and my family fights every day. I have been kicked out the house many times. I break down a lot.","I'm really sorry you're going through such a difficult time. Balancing two jobs and school is already challenging, and dealing with your father's stroke and family conflicts adds a heavy emotional burden. It’s important to remember that your feelings are valid, and reaching out for support—whether through friends, counselors, or support groups—can help you navigate this tough period. Taking care of your mental health is just as important as your responsibilities. You're not alone, and there are people who want to help you."
context_401,I would like to be able to have more positive relationships in the present.,"To cultivate more positive relationships in the present, focus on active listening, showing genuine interest in others, and practicing empathy. Communicate openly and honestly, express appreciation regularly, and be supportive in both good times and challenges. Engage in shared activities that foster connection, set healthy boundaries, and be willing to forgive and move past misunderstandings. Building trust and kindness consistently will help strengthen your relationships over time."
context_402,I'm 15 and my girlfriend is 14. Am I a pedophile because I'm attracted to her and she's under 18?,"No, you are not a pedophile. Pedophilia refers to an adult being sexually attracted to prepubescent children, typically under the age of 13. Since both you and your girlfriend are teenagers close in age, your attraction is considered age-appropriate. However, it's important to be aware of the legal age of consent in your area to ensure any relationship is safe and lawful."
context_403,I'm 17 and I'm sick and tired of going back and forth. I'd like to stay at my mother's house. This problem has really affected me. I've had anxiety attacks and suicidal thoughts and self-harm in the past.    Currently I'm going through anxiety and my thearapist is not available. How do I handle this?,"I'm really sorry you're feeling this way. It’s important to reach out to a trusted adult—like a family member, school counselor, or another healthcare professional—who can support you right now. If you're feeling overwhelmed or having thoughts of self-harm or suicide, please contact a crisis helpline or go to the nearest emergency room immediately. Remember, you don’t have to face this alone, and help is available."
context_404,I'm a 40 year old male and having erection problems. Still have the desire for a woman. Awfully frustrated. Any suggestions? My Doc doesn't want to discuss it.,"Erection problems can be caused by various factors including stress, anxiety, underlying health conditions, medication side effects, or lifestyle habits. Since you still have desire but are experiencing difficulties, consider the following steps:

1. **See a Specialist:** Consult a urologist or a men's health specialist who is experienced in addressing erectile dysfunction (ED). If your primary doctor is unwilling to discuss it, seeking a second opinion is important.

2. **Lifestyle Changes:** Regular exercise, a healthy diet, quitting smoking, reducing alcohol intake, and managing stress can improve erectile function.

3. **Mental Health:** Psychological factors like anxiety or depression can impact erections. Speaking with a therapist or counselor might help address any emotional blocks.

4. **Medical Evaluation:** Some medical conditions such as diabetes, high blood pressure, or hormonal imbalances contribute to ED. Comprehensive testing can identify treatable causes.

5. **Medications:** Approved medications like sildenafil (Viagra), tadalafil (Cialis), or others may help, but"
context_405,"I'm a Christian teenage girl, and I have lost my virginity. My boyfriend is a Christian teenager too, but things just got out of hand between us in a sexual manner. I planned to abstain from sex but I guess I wasn't clear about this because I was also tempted and led him on. We continued to have sex. Does it mean that he isn't the one God planned for me? We're so young, but that doesn't stop me from dreaming of a potential future together. I really do feel like he is in my life for an important reason. I'm incredibly happy for I was able to escape from several abusive relationships because of him. I love him very much.","It's understandable to have mixed feelings right now, especially when your values and actions feel out of sync. Remember, your worth is not defined by a single choice or mistake. In Christianity, God’s grace and forgiveness are always available, and He understands your heart and your struggles. Losing your virginity does not automatically mean your boyfriend isn’t the one God has for you, nor does it erase the meaningful impact he has had in your life. What matters is how you both move forward—seeking forgiveness, healing, and making choices that align with your faith and values. Open, honest communication with your boyfriend about your feelings and boundaries is important, as is seeking guidance from a trusted pastor, mentor, or counselor who can support you both spiritually and emotionally. God’s plan is about growth, redemption, and love, and He can work through your relationship as you both strive to honor Him."
context_406,"I'm a female freshman in high school, and this question is for my male best friend. At the start of freshman year, we dated for about a week before his parents ended it because they said he is too young to date. He has been dating a really sweet senior girl for a month or two. I have nothing against her except for the fact that she has Tim's heart. He is convinced that they are in love, and maybe they are, but I don't really believe him.    Lately, Tim had been expressing concern about what is going to happen when Sally leaves for college at the end of term this year. He's been asking me to help him with Sally and what girls like to show her how much he loves her. But he's also been thinking about breaking up with her just so they won't have to deal with it when she leaves. He seems really torn up about it, and I want to know what to say to him and how to help him once she leaves.    He knows that I still crush on him. He doesn't rub it in my face. He's a good guy, but I want to actually help him out and recover before we think about maybe another relationship between us. How do I do that when the time comes? How do I support him and show him that I'm here without wanting to hook up? How do I make him feel better? He is convinced he's never going to be able to love anyone ever again, which I think is ridiculous.","To support Tim genuinely without pressuring him or complicating your friendship, focus on being a consistent, understanding friend. When Sally leaves and if he’s going through a tough breakup, listen to him without judgment, validate his feelings, and avoid pushing him toward new relationships. Encourage him to take time for himself, stay busy with hobbies and friends, and remind him gently that healing takes time and that it's normal to feel heartbroken but not permanent. Show you care through small, thoughtful actions—like checking in regularly, sharing fun or encouraging messages, or inviting him to hang out in low-pressure settings. Be patient and clear about your friendship boundaries, so he knows your support comes without expectations. Over time, your steady presence can help him regain confidence in love and in himself, even if it takes a while for him to see it."
context_407,"I'm a female in my mid 20s. Lately I tend to over drink and I've become a very angry drunk.    In the past, I have even cheated on my boyfriend while I was under the influence of alcohol.    But now, even if I don't do anything wrong and don't embarrass myself, I still feel really guilty after a night of drinking. I don't understand why I'm feeling this way. Does this mean I have a problem?","Feeling persistent guilt after drinking, even when you haven't done anything wrong, can be a sign that your relationship with alcohol might be problematic. The fact that you tend to overdrink, become very angry when drunk, and have a history of behaviors that you regret (such as cheating) suggests that alcohol is affecting you negatively both emotionally and behaviorally. This guilt could be your mind's way of recognizing harm or conflict related to drinking, even if outward actions aren't currently leading to visible issues.

It would be helpful to reflect on your drinking habits and their impact on your life and relationships. Consider seeking support from a healthcare professional or counselor who can help you explore these feelings, understand your drinking patterns, and discuss strategies for healthier coping mechanisms. Reducing or stopping alcohol intake might improve how you feel both during and after drinking. Acknowledging these feelings is a positive first step toward addressing any underlying issues."
context_408,"I'm a girl, and I can't tell whether I'm bisexual or gay. I like girls a little more than boys, but I don't really know.","It's completely normal to feel uncertain while exploring your sexual orientation. Liking girls a little more than boys might mean you're bisexual, gay, or somewhere in between. Take your time to understand your feelings without pressure to label yourself right away. Your orientation can also change or become clearer over time, and that's okay. What's most important is that you feel comfortable and true to yourself."
context_409,"I'm a guy. If I don't like girls, nor do I like guys, does that mean I'm gay?","If you don't feel attracted to girls or guys, that doesn't necessarily mean you're gay. It could mean you experience little or no sexual attraction, which might align with being asexual. Sexual orientation is about who you're attracted to, so if you don't feel attraction to any gender, you might identify as asexual or simply still be exploring your feelings."
context_410,"I'm a little paranoid. My mind does get the best of me. One night, I put chairs under all of my door knobs because I thought someone might break in. I also think a lot, which is probably the reason for the paranoia. I can't stand loud noises, like the sound of cars going by. The grocery store is too noisy, and I feel like people are looking at me.","It sounds like you're experiencing significant anxiety and paranoia, which is making you feel unsafe and overwhelmed, especially in noisy or crowded environments. These feelings can be distressing and might benefit from professional support. Consider reaching out to a mental health professional who can help you understand and manage these thoughts and sensitivities. In the meantime, practicing calming techniques such as deep breathing, mindfulness, or creating a quiet, safe space at home might help reduce some of your anxiety."
context_411,"I'm a male in my 20s. My girlfriend is in her late 30s. She's great. She's funny and smart, she has a big heart, and we have an excellent sex life. She recently moved in with me partially because she wanted to and partially because she had no place to go. We fight a lot. It’s mostly my fault, I must admit. She doesn't like my insecurity and lack of trust I have for her. I have trust issues. Also, I can't fathom why a woman like her is with me, so I'm always dreading when a better dude will come along. I don't think she's happy. She's very submissive and she loves me very much, but also the fact that she has nowhere to go must be influencing her decision to stay. I love her so much, but my jealousy is not likely to diminish. I never believed in the whole ""If you love them, let them go,"" but I do now. I really want her to be happy. Should I end it with her? She has no place to go so I feel like I can’t break up with her. I’m literally trapped.","It sounds like you're in a difficult situation where your insecurities and trust issues are causing significant strain on your relationship, despite your deep love for her. The fact that she has no place to go is making you feel responsible for her living situation and hesitant to end things, but staying together primarily out of obligation can lead to resentment and unhappiness for both of you.

The healthiest path is to address your insecurities and trust issues, possibly with professional help, so you can build a more secure and trusting relationship. At the same time, have an honest conversation with her about both your feelings and the future. If after working on yourselves individually and as a couple the relationship still feels unhealthy or unsustainable, it may be kinder to both of you to part ways.

If you do decide to break up, support her in finding alternative living arrangements to ensure she's not left without options. Prioritizing both of your well-being and happiness, even if it means making hard decisions, is essential. Remember, love"
context_412,"I'm a male in my early 20s. Lately, my paranoia about being around kids is causing me too breathe heavy and sweat a lot. I then start to act weird because I'm trying to fight my paranoia. This leads to people starring at me because they don't know that I'm suffering from panic attacks and paranoia. They just notice me acting scared around kids and they think I'm a threat because of it.    I'm not a pervert or predator. I would never hurt a kid. I like kids and don't know why I'm so scared to be around them.    I don't understand why I feel like this. Am I a bad person? How do I make this stop?","You are not a bad person. Experiencing paranoia and panic attacks, especially when they feel irrational, is a sign of anxiety or a related issue, not a reflection of your character or intentions. It's important to recognize that these feelings are part of a mental health challenge that many people face, and it doesn't define who you are.

To help make this stop, consider the following steps:

1. **Seek professional help:** A mental health professional, such as a therapist or psychiatrist, can help you understand the root of your paranoia and anxiety, and work with you on strategies to manage or reduce these symptoms.

2. **Practice relaxation techniques:** Deep breathing exercises, mindfulness, and grounding techniques can help calm your body when you start to feel panicked.

3. **Gradual exposure:** With guidance from a therapist, slowly and safely exposing yourself to being around kids in controlled environments might help reduce your fear over time.

4. **Educate those around you:** If possible, you could explain your"
context_413,"I'm a teenage gay girl, and I'm in love with a girl a few years older than me. She loves me too, but we're not physically together at the moment. I've been thinking about being transgender soon too, but my family doesn't accept me, so I honestly don't know what to do about that because I feel like I have to constantly hide the real me. It hurts so much to hide the real me. What can I do?","I'm really sorry you're feeling this way. It’s hard to feel like you have to hide who you truly are, especially when your family isn’t supportive. Remember that your feelings are valid, and you deserve to be loved and accepted for who you are. It might help to find supportive communities online or locally—whether LGBTQ+ groups, counseling services, or friends who understand and affirm you. Connecting with others who share similar experiences can provide comfort and guidance. Also, when you feel safe, consider exploring ways to express your identity in small steps that feel right to you. Taking care of your mental health is important, so reaching out to a trusted adult, counselor, or support hotline could help you navigate these feelings. You're not alone, and there are people who want to support you through this."
context_414,"I'm a teenage girl, and I feel very bad about my weight. I don't know how to make it stop.","I'm sorry you're feeling this way. Remember, your worth isn’t defined by your weight. It can help to talk to someone you trust, like a parent, friend, or counselor, about how you’re feeling. Focusing on healthy habits like eating nourishing foods, staying active in ways you enjoy, and practicing self-kindness can make a difference. If these feelings continue or feel overwhelming, reaching out to a healthcare professional can provide support and guidance. You're not alone, and help is available."
context_415,"I'm a teenage girl, and my dad is an alcoholic. I hate being at home with him because he just stresses me out. He can be picking me up from basketball practice or piano lessons, and half of the time, I don't even know if he's sober or not. I refuse to get into the vehicle with him and walk home sometimes. I've either been barely sleeping or I over sleep, so I'm always tired. I live in a small town, so there's no one I can really talk to because I'm not really that close with my family.","I'm really sorry you're going through this. It sounds incredibly tough to live with that kind of uncertainty and stress. Finding someone you trust to talk to, like a school counselor, a teacher, or a close friend, might help you feel less alone. Also, consider looking into local support groups for teens dealing with similar family issues, either in person or online. Remember, your safety and well-being are important, and reaching out for help is a strong and important step."
context_416,"I'm a teenage girl. I don't know if I'm straight, bisexual, or gay. I've been straight all my life, but a sudden rush of questions have come over me, and I don't know anymore.","It's completely normal to feel uncertain about your sexual orientation, especially during your teenage years when you're exploring your identity. Take your time to understand your feelings without pressure or labels. Remember, your orientation can be fluid, and it's okay to not have everything figured out right now. What's most important is being true to yourself and surrounding yourself with supportive people. If you feel comfortable, talking to trusted friends, family, or a counselor can also help you navigate these feelings."
context_417,"I'm a teenager and I I go through periods of moodiness. I have extreme feelings (but I bury them), and then I feel nothing - just empty and emotionless.
   I have trust issues, low self esteem,ban extreme fear of abandonment, and I constantly reevaluate my relationships. I also don't know who I am as a person. I'm not happy overall, but I'm not suicidal. Can I just feel happy?","What you're experiencing is really tough, but you’re not alone, and it’s okay to feel confused and overwhelmed sometimes—especially during your teenage years when so much is changing. Mood swings, intense emotions, and struggles with identity and relationships are common at your age, but when these feelings are extreme and persistent, it can help to talk to a trusted adult, counselor, or mental health professional. They can support you in understanding your emotions, building trust and self-esteem, and helping you discover who you are in a safe and nurturing way. Remember, feeling happy is possible, and with the right support and tools, you can find more balance and peace in your emotions. Reaching out is a strong and important step toward feeling better."
context_418,"I'm a teenager and I get these really intense mood swings.    My mood will be really high and I'll think of something that I want to do. When I start to make it happen I get irritated by other people if they intervene. Then if the thing I wanted to do doesn't work out, I have these tendencies to blame other people for it not working out.    Can you explain what's going on?","What you're describing sounds like intense mood swings that affect how you feel and react to situations. This can be common during adolescence due to hormonal changes and brain development, which influence emotions and impulse control. When your mood is high and you're motivated, you may feel very focused and sensitive to interruptions, leading to irritation. If things don't go as planned, blaming others might be a way your mind tries to cope with frustration or disappointment. If these mood swings feel overwhelming or frequently cause problems, it might help to talk to a trusted adult or a mental health professional who can offer support and strategies to manage your emotions."
context_419,I'm a teenager and I've been sneaking out of my house at night for a year now. I've been caught several times. I want to stop doing this but I don't know where to start. How do I stop?,"It's great that you want to stop sneaking out—acknowledging it is a big first step. Here are some practical tips to help you stop:

1. Understand your reasons: Reflect on why you feel the need to sneak out. Are you looking for freedom, adventure, or to escape something? Understanding this can help you find healthier ways to meet those needs.

2. Communicate: Try talking honestly with your parents or guardians about why you’ve been sneaking out. Building trust can lead to more freedom and less need to sneak.

3. Find alternatives: Channel your energy into positive activities like sports, hobbies, or spending time with friends in safe, approved settings.

4. Set goals: Make a commitment to yourself to stay home at night, and reward yourself for sticking to it.

5. Seek support: If you're struggling with emotions or pressures that lead you to sneak out, consider talking to a counselor, trusted adult, or friend for advice and help.

Remember, change takes"
context_420,"I'm a teenager, and I created a sort of imaginary friend to help me cope with stressful situations or if I'm worried or upset. She ""gives me advice"" and comforts me and tells me it'll be okay. I've given her a name (Solace) and created a personality for her that's like a comforting motherly figure. I know it's just my own advice and my own thoughts, but it's just that I'm thinking of them through a voice other than my own. I do this because I know I never really listen to my own advice, and I thought it would be better if it was through someone else who knew my thought process in and out, through this imaginary friend. Is this normal? Could it develop into a separate personality with time if I continue a mentality that she is her own person?","What you’re describing is a healthy and creative coping strategy. Many people use imagined figures or voices as a way to process emotions, give themselves advice, or provide comfort—especially during stressful times. Creating Solace as a comforting, motherly presence can be a way for you to access your own wisdom with more kindness and clarity.

This is quite normal and can be a helpful tool for self-support. As for whether Solace could develop into a separate personality, that’s unlikely unless there are other underlying factors such as dissociative experiences or trauma. Simply using an imaginary friend or internal voice for advice usually remains a conscious and controlled part of your thinking. If you ever notice that Solace feels uncontrollable or that you lose time or awareness because of this, it might be good to talk with a mental health professional.

Otherwise, keep appreciating Solace as a positive way you help yourself—many people find similar methods beneficial for managing stress and emotions."
context_421,"I'm a teenager, and I just got my first job. I am a month and a half in. Yesterday, my boss pushed me to the point where I had to go to the restroom and cry. She didn't see me, and I'm glad, but when I went to talk to her about it today, I let a tear or two come out. I hate it. I feel like they're not going to keep me anymore.","It's completely normal to feel overwhelmed when starting a new job, especially as a teenager. Crying doesn't make you weak—it shows you're human and dealing with stress. Your boss likely values your efforts and honesty in trying to communicate. Try to explain how you're feeling calmly and ask for support or guidance. Remember, many people face challenges at first, and asking for help can show maturity. If the work environment remains difficult, consider talking to someone you trust or exploring other options, but don’t be too hard on yourself. You're learning and growing, and that's what matters most."
context_422,"I'm a teenager, and I know the importance of my upcoming schooling. However, no matter how much I put in my best effort, my family thinks I have done zero effort in total. What can I do?","It can be really tough when your efforts aren’t recognized by your family. Here are some steps you can take:

1. **Communicate Clearly:** Calmly explain to your family what you’re doing to prepare and study. Sometimes people don’t see all the work behind the scenes.

2. **Show Your Progress:** Share your achievements, good grades, or improvements regularly to help them see your effort objectively.

3. **Seek Support Elsewhere:** Talk to a teacher, school counselor, or a trusted adult who can encourage you and, if needed, help mediate the situation with your family.

4. **Focus on Your Goals:** Remember why your schooling is important to you and stay motivated independently, even if others don’t acknowledge it.

5. **Self-Care:** Make sure to take care of your mental health by balancing work with rest, hobbies, and social time.

Building understanding takes time, but keep believing in yourself and your efforts."
context_423,"I'm a teenager, and I struggle with going out and talking to people. I feel awful about leaving home. I know I can't afford a therapist so I don't know what my problem is, but I think I might have social anxiety.","It's understandable to feel uncomfortable leaving home and talking to people, especially if you think you might have social anxiety. You’re not alone—many teens experience similar feelings. Here are some steps you can try to help manage this:

1. **Start Small:** Practice brief social interactions in low-pressure situations, like saying hello to a neighbor or chatting with a classmate.

2. **Learn About Social Anxiety:** There are free resources online, such as articles, videos, and communities, that can help you understand what you’re experiencing.

3. **Use Relaxation Techniques:** Deep breathing, mindfulness, or grounding exercises can help reduce anxiety before and during social situations.

4. **Set Realistic Goals:** Don’t expect to overcome anxiety overnight. Celebrate small successes along the way.

5. **Reach Out for Support:** Consider talking to a trusted adult, teacher, or school counselor who might help you find resources or support groups.

Remember, social anxiety is common and manageable, and taking small steps can lead"
context_424,"I'm a teenager, and throughout my entire life, I've never really had good parents, or parents at all for that matter. I'm not exaggerating. I was living with my mom and grandparents until my father, in prison for most of my life, got out when I was in middle school. His mom, my grandma, only lived a mile down the road from my mom’s house, and I was so awe-stricken with my dad that I got to stay with him for a long time. Meanwhile, I did not realize that my mom was doing hardcore drugs. My mom went to prison for that and lost her café. We live in a very small town, so everyone knew about it, and I was bullied because of who my parents were. My dad ended up getting in with the wrong people and went back to prison.
   My mom and him had a mutual friend and often hung out at that person’s house. My parents did not get along at this point. We were driving him home one day from this house, and my mom stopped the car and kicked him out. He got out of the car, went to the driver’s side, and punched my mom in the face. I got out and told him not to hit my mom. At that point, I was really scared and mad that he did that, so I ran towards him to stop him. He literally picked me up and threw me on the back of a gravel road. I couldn't even walk. My mom tried to help me, but he started choking her. I hobbled over, and she barely got into the car, and we quickly drove away and called the police and ambulance. He was so badly strung out on drugs. He went to prison again and seems to be doing well. I met up with him once with my grandma, and we had coffee, but he's so hard to handle. I think a lot of it is that I can't bring myself to forgive him. My mom went back to prison again for drugs, and while she was in there, I moved in with my dad’s mom (the one who lived just down the road) because I trust her, her house is stable, and she's more nurturing, understanding, and loving then my other grandparents. I also stay at my boyfriend’s a lot. Now that my mom is out of prison, she's trying to control every aspect of my life. She’s trying to make me move back home out of Susan's house, and I don't want to. I don't like it there. They condone drug abuse and many other things, and I'm just not comfortable. She's even threatened to call the police and say I'm a runaway because she has custody of me. My boyfriend has always had this picture-perfect life, and his family are strict Christians. One time, his mom even went as far as to say that if he and I break up, if we were having sex, I would say that he raped me. I've got so many problems I don't even know what to do.","You’ve been through an incredibly tough and painful situation, and it’s completely understandable to feel overwhelmed and conflicted right now. It’s important to prioritize your safety and well-being above all else. Since you trust and feel cared for at your grandma Susan’s house, staying there sounds like the healthiest choice, especially if your mom’s environment is unstable and unsafe for you. If your mom threatens to call the police about you being a runaway, you can explain to the authorities that you are living with a trusted family member for your safety and well-being.

Given what you’ve experienced with both parents and the challenges you’re facing, it could really help to speak with a counselor, social worker, or another trusted adult who can provide support and guidance tailored to your situation. They can help you navigate your living arrangements, your relationship with your mom, and the emotional impact of everything you’ve been through.

Remember, you deserve to be in a safe, stable, and loving environment where you can grow and heal"
context_425,"I'm a teenager, and while I’ve never been to any kind of therapist, I noticed I experience several anxiety symptoms. I frequently find myself not going out and following my parent around the house. I can't go into stores (grocery stores specifically) on my own, and when I do, I have to be on the phone with my dad the whole time. I also forget things a lot.","It sounds like you might be experiencing symptoms of anxiety, which is common and understandable, especially during teenage years. Difficulty going into stores alone and feeling the need to stay close to your parent can be signs of social or separation anxiety. Forgetting things can also be related to anxiety, as it can affect concentration and memory. It might help to talk to a trusted adult, like a parent, school counselor, or doctor, about how you’re feeling. They can support you in exploring these feelings further and suggest ways to manage anxiety, possibly including visiting a therapist who can offer strategies and support tailored to you. Remember, you’re not alone, and help is available."
context_426,"I'm a teenager. I get random spurts of anger, like complete, pure rage. I figured it was hormones, but others notice it too. I get self-destructive. I used to cut but stopped. Now when I get mad, I bite my arms and fingers, pull my hair, scratch my face, or punch my thighs. Basically, I do things I can hide instead of breaking anything in my room and having to explain it to my mom. I don't live in a bad household. I have a great family, a great relationship with my boyfriend, and a good job. I have no idea what this is and I don't know how to control it. It's over any little thing. Tonight, it was because I couldn't get my earrings out. This happens maybe two to three times on a good week, and it's always over stupid, petty things.","Experiencing intense bursts of anger and engaging in self-harming behaviors like biting, pulling hair, or scratching can be signs that you're struggling to manage overwhelming emotions. Even if your life circumstances are generally positive, these feelings are valid and can be influenced by a mix of factors including hormonal changes, stress, or underlying mental health concerns such as mood disorders or impulse control difficulties. It’s important to reach out to a mental health professional who can help you understand these feelings, identify triggers, and develop healthier coping strategies. In the meantime, try to practice grounding techniques like deep breathing, mindfulness, or physical activities to channel your energy when anger arises. You don’t have to face this alone—support is available, and seeking help is a strong and positive step."
context_427,"I'm a teenager. My dad has been jail for the last five years. It's tough, but my mom really tries to give a normal life to my two sisters, my brother, and I. I feel like I took upon a parent role when I'm the second youngest, and I'm not stable. My mother and sisters say I'm overdramatic. I’m just so hurt, and I keep breaking down.","I'm really sorry you're going through this. It’s completely understandable to feel overwhelmed and hurt given everything you’re managing. Taking on so much responsibility at a young age can be incredibly tough, and your feelings are valid. It might help to find someone you trust to talk to, like a school counselor, a close friend, or a trusted adult, who can support you and help you navigate these emotions. Remember, you don’t have to carry all this weight alone, and seeking help is a sign of strength, not drama."
context_428,"I'm a young adult woman, and I have trouble finding my true identity being at home. This all started when I had a boyfriend about 10 months ago. My boyfriend and I were dating for a couple months and decided to get in to sexual acts. At the time, I was pretty religious, but I let this happen. I don't know why. I felt kind of guilty but mostly because I know my parents wouldn't like it. My parents are very religious—they're Christians. We did things every time he'd come over to my house. We didn't have anything to do at our house, so we would get tempted to do things when we'd watch movies by ourselves.
   One day, my parents found out I did this stuff with him because my dad read my messages. As soon as my dad found this out, he told my mom. They were both aggravated. They told me he was just a boy that wanted to get inside my pants. They said he wanted me for sex and he's not a Christian. I took their advice and broke up with him. Once we broke up for about a month, I decided to get back together with him a little after school started. My parents found out eventually, and I decided to not listen this time. I would constantly talk to my boyfriend about what they say about him: how's he's not the right one for me, and God totally forbids him. I would kind of try to break up with him, and then eventually I would just never listen to my parents. They're always yelling at me about how I shouldn't date this boy. I felt too old to listen to them. Now I'm kind of just stuck. Is the real me religious? Have I been brainwashed by him? I don't talk to my parents anymore about him, and my parents think I'm deceiving because of it. They threatened me that if I'm still with him, I can't do track and they won't support me. They've also called me slut, and now they called me basically a devil worshipper. They say my boyfriend is taking me away from my parents. I'm actually very happy with him. They also say I'm living a separate life at home than I am at school. They say they want what's best for me and love me because they adopted me.","You're in a difficult situation balancing your personal feelings, your faith, and your parents' expectations. It's natural to question your identity and beliefs when facing such intense pressure and conflicting emotions. Remember, your worth is not defined by others' judgments or labels. Take time to reflect on what truly resonates with you—your values, your happiness, and your sense of self—without feeling forced to fit someone else's definition. Consider seeking support from a trusted counselor, mentor, or someone outside your immediate family who can provide a safe space to explore your feelings and help you navigate these challenges. Building your own identity often involves making mistakes and learning from them, and it's okay to move at your own pace toward understanding who you are."
context_429,"I'm almost never happy. Half of the time, I don't feel anything. I find it easy to make myself feel nothing. I know I push people away because it’s easier. I just want answers. I'm sick of feeling this way. It’s ruining my relationships with people.","I'm really sorry you're feeling this way. It might help to talk to a mental health professional who can support you in understanding these feelings and finding strategies to cope. Remember, you don’t have to face this alone—reaching out to trusted friends or family members could also provide comfort. Taking small steps toward connection and self-care can make a difference over time."
context_430,"I'm always listening to my husband, but it feels like he never listens to me.    How do I get my husband to listen to me instead of me listening to him all the time?","To encourage your husband to listen to you more, try these approaches: communicate openly about how you feel, expressing that you want to be heard just as much as you listen; choose calm, appropriate times to talk without distractions; use “I” statements to share your feelings without sounding accusatory; ask for his attention by making eye contact or gently holding his hand; and consider setting aside regular time for meaningful conversations. Additionally, modeling attentive listening yourself can create a more balanced dynamic. If difficulties persist, couples counseling can provide tools to improve communication for both of you."
context_431,"I'm always told I'm not good enough or trying hard enough. I put 100% in to every thing. I'm worn out, I've worked on all of my family relationships, I'm doing great in school, I'm kind to those in need and otherwise. I stick to my religious beliefs and leave room for mistakes and learn from others so I don't have to make as many and the ones I do I learn from.  Somehow it's still not good enough and nothing I do works. Nothing has changed, and I feel hopeless. Any suggestions or ideas?","It sounds incredibly tough to give your all and still feel unrecognized or insufficient. First, acknowledge that your efforts and growth are meaningful—even if others don’t see it. Consider setting boundaries with people who consistently bring you down, protecting your well-being. It might help to talk to a counselor or therapist who can support you in processing these feelings and developing strategies to cope with this ongoing pressure. Remember, your worth isn’t defined by others’ opinions or approval. Focus on self-compassion and celebrate your progress, no matter how big or small. You deserve kindness, especially from yourself."
context_432,"I'm an adult, facing problems with my mom. She's way too controlling. She decides things for me, disregarding whatever I say. I tried explaining my side to her calmly, but she eventually gets angry and doesn't wish to listen to me regardless of how I speak to her.","Dealing with a controlling parent can be challenging, especially when communication feels one-sided. Here are some steps you might consider:

1. **Set Clear Boundaries:** Politely but firmly express your need for autonomy. For example, say, ""I appreciate your concern, but I need to make some decisions for myself.""

2. **Choose the Right Time:** Attempt conversations when your mom is calm and receptive, avoiding moments of tension.

3. **Use “I” Statements:** Frame your feelings from your perspective to reduce defensiveness, such as, ""I feel overwhelmed when my choices aren’t considered.""

4. **Limit Engagement on Controlling Topics:** If certain subjects trigger conflict, try to avoid unnecessary discussions about them or divert the conversation.

5. **Seek Support:** Consider talking to a trusted friend, family member, or counselor who can offer advice or mediate communication.

6. **Focus on Self-Care:** Prioritize your emotional wellbeing, practicing activities that reduce stress and promote confidence.

"
context_433,"I'm an early 20 something year-old virgin, and my boyfriend is in his early 20s with kids. He's cheated on me twice: once in the beginning and then four months ago. He wasn't use to dating a virgin and broke up with me three times because he wasn't sure. We both work at the same job (where we met) and it’s with the girl that works with us. I've been trying to get over it, but now my confidence and self-esteem are low, and sometimes I feel like he’ll do it again or that he's not ready to be with me. I think about it all over again when I see her. He says he's in love with me, and with the last time he cheated, it didn't feel right, and that's when he knew he had to stop because his feelings were for me. He's contacted her and told her he will not communicate with her because he's in a relationship with me.
   How do I gain confidence? Should I let him go? If I let him go, I don't want to be sad about it being that we work together. I try to tell myself I'm beautiful every day, and I think I am a pretty attractive female with a great personality, but I don't like the fact that she works there.","Gaining confidence after experiencing betrayal takes time and self-compassion. Continue affirming your worth by focusing on your strengths, setting personal goals, and engaging in activities that make you feel good about yourself outside of the relationship. Surround yourself with supportive friends or consider talking to a counselor to rebuild your self-esteem.

Regarding your relationship, repeated cheating and broken trust are serious concerns. While he says he loves you and has tried to stop communicating with the other woman, his past actions have understandably shaken your confidence. It’s important to prioritize your emotional well-being. Ask yourself if this relationship truly makes you feel respected, secure, and valued. If not, it might be healthier to let him go, even though working together will make it challenging.

To minimize sadness if you decide to end things, create boundaries at work such as limiting personal conversations and focusing on professionalism. Keep interactions polite but detached, and invest time in your personal growth and social life outside of work. Over time, this will help you heal and"
context_434,"I'm applying to private high schools. I'm playing basketball on my school team currently, and I love it. I also play on a team that I've hated since the beginning, and I finally want to quit before the season gets started. However, my parents say I can play on either both teams or neither. I think it's unfair because it's up to me if I want to play for a certain team. I was planning on playing basketball for the high school I get into, but if that means continuing to play for the team I hate, then I wouldn't want to play in high school. Now I don't know what to do! My parents are threatening to send me off to a different home if I don't play. I just want to run away.","It sounds like you're in a really tough situation, feeling stuck between your own preferences and your parents' demands. It’s important to acknowledge your feelings—they’re valid. You might consider having a calm, honest conversation with your parents where you explain why playing on the team you dislike is making you unhappy and how it affects your motivation and well-being. Propose a compromise, like focusing on the team you enjoy and promising to commit fully to it. If direct communication feels hard, is there a trusted adult—a relative, school counselor, or coach—who can help mediate the conversation? Remember, you deserve to be involved in activities that make you happy and fulfilled. If things feel overwhelming, reaching out for support can make a difference."
context_435,"I'm being verbally abused on a daily basis by my parents in front of my child. I feel like I’m trapped and I have no escape. I feel like I have to listen to the horrible things they say and just take all of it.
   I need some way of learning how to cope with listening to it especially since I have nowhere else to go. I feel very emotionally drained How can I deal with this?","I'm really sorry you're going through this. Here are some strategies to help you cope with the verbal abuse while you're in this difficult situation:

1. **Set mental boundaries:** Try to remind yourself that the hurtful words reflect their issues, not your worth. Practice mentally distancing yourself from their comments by visualizing a protective barrier or imagining the words as noise that doesn’t penetrate your core.

2. **Focus on your child:** Use your love and care for your child as a source of strength and motivation. Protecting their well-being can give you purpose and resilience.

3. **Practice self-care:** Find small moments in your day to do things that nurture your mind and body, such as deep breathing, meditation, journaling, or brief walks. These can help reduce emotional drain.

4. **Build a support system:** Reach out to trusted friends, family members, or support groups—even online ones—where you can share your feelings and get emotional support.

5. **Develop coping skills:** Techniques"
context_436,"I'm concerned about My 12 year old daughter.    About a month or two ago she started walking on her toes, as well as coloring and writing very messy. This all happened very suddenly. She has never walked on her tiptoes and has always colored and written very neatly.    Is this something I should be concerned abou? Any advice will help.","A sudden change in your 12-year-old daughter's walking pattern, such as toe walking, along with a noticeable decline in fine motor skills like messy coloring and writing, could be a sign of an underlying neurological or musculoskeletal issue. It is important to have her evaluated promptly by a pediatrician or a pediatric neurologist. They can perform a thorough assessment to determine the cause and recommend appropriate tests or interventions. Early evaluation and diagnosis are key to addressing any potential problems effectively. In the meantime, monitor for other changes such as weakness, balance problems, or behavioral changes and share all observations with the healthcare provider."
context_437,"I'm concerned about my boyfriend. I suffer from anxiety, but I always have this feeling he wants to hurt me because he told me he was interested in BDSM intercourse. We haven't tried it, but I've had this feeling he always wants to.","It's important to communicate openly with your boyfriend about your feelings and boundaries. If his interest in BDSM makes you uncomfortable or triggers your anxiety, let him know clearly what you are and aren't comfortable with. BDSM should always be based on mutual consent, trust, and clear communication. If you’re feeling unsafe or pressured, consider seeking support from a trusted friend, counselor, or therapist who can help you navigate your feelings and ensure your well-being. Remember, your comfort and safety come first."
context_438,I'm constantly in a bad mood and I have no energy. Is that depression?,"Feeling constantly in a bad mood and lacking energy can be signs of depression, but they can also result from other factors like stress, medical conditions, or lifestyle issues. It’s important to consult a healthcare professional who can provide a proper assessment and support tailored to your situation. If you're experiencing additional symptoms such as changes in sleep or appetite, loss of interest in activities, or feelings of hopelessness, seeking help promptly is especially important."
context_439,I'm currently dating someone else and I really like him. But I love and miss my ex so much. What do I do?,"It's important to take time to reflect on your feelings and what you truly want. Consider the reasons why you miss your ex and whether those feelings are about the person or about something else, like loneliness or nostalgia. Communicate honestly with yourself and your current partner about where you stand emotionally. If you're uncertain, taking a step back to gain clarity before making any decisions can help. Seeking support from trusted friends or a counselor might also provide valuable perspective. Ultimately, prioritize your emotional well-being and make choices that align with your happiness and integrity."
context_440,"I'm currently struggling with diagnosed depression, anxiety, and Misophonia. Also, I am 99% sure I have Borderline Personality Disorder and Avoidant Personality Disorder. I read the DSM-IV, taken college psychology, etc. I know it in my heart I have them. Is self-diagnosing okay with the right research?","While educating yourself about mental health is valuable, self-diagnosing can be unreliable and sometimes misleading, even with thorough research. Diagnosing complex conditions like Borderline Personality Disorder and Avoidant Personality Disorder involves careful evaluation by a qualified mental health professional, who considers clinical history, symptom patterns, and rule-outs for other conditions. If you strongly suspect you have these disorders, the best step is to seek an assessment from a licensed therapist or psychiatrist. They can provide an accurate diagnosis and guide you toward appropriate treatment and support."
context_441,"I'm dating a guy I really love. We have our problems, but I could see myself with him long term. But there's this other guy who I've had feelings for for awhile now. He gives me butterflies when we talk, and my heart beats fast when I see he's texted me, which i never felt with my current boyfriend.","It sounds like you're experiencing conflicting feelings between someone you love and have a future with, and another person who excites you in a different way. It’s important to reflect on what you truly want in a relationship—whether it’s the comfort and commitment you feel with your current boyfriend, or the intense emotions sparked by the other guy. Consider being honest with yourself and possibly your partner about your feelings to understand what will bring you the most happiness and fulfillment in the long run."
context_442,"I'm dating this guy, Peter. My friend Jennifer used to date him a while ago, and she's fine with us dating. My ex-boyfriend, Paul, broke up with Jennifer, and she's devastated about it. Peter and I are going through a rough patch in our relationship. All of a sudden, Paul is in ""love"" with me, and he wants me back. I don't know what to do because I can't hurt my friend or my boyfriend, but I think I might Paul again.","It's important to prioritize clear communication and honesty in this situation. Take time to reflect on your feelings and consider the impact of your decisions on everyone involved, including yourself. Since Jennifer is still hurting from her breakup with Paul, involving her ex-boyfriend again might deepen her pain. Similarly, evaluate your relationship with Peter and what you both want moving forward. It may help to have open conversations with Peter and seek support from trusted friends or a counselor to navigate your emotions and make a decision that respects everyone's feelings, including your own."
context_443,I'm dealing with an illness that will never go away and I feel like my life will never change for the better. I feel alone and that i have no one.    How can I overcome this pain and learn to be happy alone?,"I'm sorry you're going through this. Living with a chronic illness can be incredibly challenging, and feeling alone is a common experience. To help overcome the pain and find happiness within yourself, consider these steps:

1. **Acknowledge Your Feelings:** It's okay to feel sadness, frustration, or loneliness. Accepting your emotions is the first step toward healing.

2. **Seek Support:** Even if you feel alone, reaching out to support groups—whether in person or online—can connect you with others who understand your experience.

3. **Develop Self-Compassion:** Treat yourself with kindness. Celebrate small victories and be patient with your progress.

4. **Create Meaningful Routines:** Engage in activities that bring you joy or relaxation, such as hobbies, creative outlets, or gentle exercise, adapted to your ability.

5. **Practice Mindfulness and Meditation:** These can help you stay present and reduce stress, fostering a greater sense of peace.

6. **Set Small Goals:** Focus on"
context_444,"I'm dealing with imposter syndrome in graduate school. I know that by all accounts I am a phenomenal graduate student, and that I am well-published. I am well liked by students and faculty alike. And yet I cannot shake the feeling that I'm going to be found out as a fraud.    How can I get over this feeling?","Imposter syndrome is common, especially among high-achieving graduate students. To overcome it, try these strategies:

1. **Acknowledge Your Feelings:** Recognize that imposter syndrome is a normal experience and doesn’t reflect your true abilities.
2. **Review Your Accomplishments:** Keep a record of your successes, positive feedback, and publications to remind yourself of your real achievements.
3. **Talk About It:** Share your feelings with trusted peers, mentors, or a counselor. Understanding that others also experience these doubts can be reassuring.
4. **Challenge Negative Thoughts:** When self-doubt arises, question its validity and reframe it with evidence of your competence.
5. **Focus on Learning, Not Perfection:** Accept that mistakes are part of growth and don’t equate to being a fraud.
6. **Practice Self-Compassion:** Treat yourself with the same kindness you’d offer a friend in your situation.

If feelings persist or become overwhelming, consider seeking support from a"
context_445,"I'm depressed and recently went through a break up. It’s like every guy I like only wants me for sex. I think I'm ugly, and sometimes I just want to die. I have a son, and I got really big when I was pregnant. I have stretch marks on my stomach.","I'm really sorry you're feeling this way. Remember that your worth isn’t defined by others' opinions or your appearance. It’s okay to feel hurt right now, but please try to be gentle with yourself—your body has done something amazing by giving life to your son. If these feelings become overwhelming, consider reaching out to a mental health professional who can support you through this difficult time. You're not alone, and there is help available."
context_446,"I'm depressed often, and my mind goes a million miles a minute. Every once in a while, things are okay for a few days. After a bit, I start noticing that I am picking at my skin profusely. After roughly a week, the anxiety is back and still picking. Sometimes I find myself causing fights to have change.","It sounds like you're experiencing ongoing depression, anxiety, and compulsive behaviors like skin picking, which can be a way to cope with stress or emotional distress. The cycle of mood changes and behaviors you're describing—periods of relative calm followed by increased anxiety and skin picking—might be part of an underlying emotional or mental health condition. Finding healthier coping strategies and getting support could really help. I strongly encourage you to reach out to a mental health professional who can provide a proper assessment and work with you on managing these symptoms. They might suggest therapy, medication, or a combination to improve your well-being. Additionally, practicing grounding techniques, mindfulness, and identifying triggers could help reduce anxiety and compulsive behaviors. Remember, you're not alone, and help is available."
context_447,"I'm depressed. I have been for years. I hide it from everyone because I'm scared of the reactions I'll get. Last time I tried telling my parents, it was a huge argument about me being too young to be depressed (I’m a legal adult), calling me ungrateful, and telling me that if I can't handle things now, it's only going to get worse in the future (which is turning out to be true). It's exhausting pretending to be okay, and I don't know how much longer I can try. I'm just really tired, and sadly, I can't afford the help I need on my own.","I'm really sorry you're going through this. It sounds incredibly tough to carry this burden alone, especially without the support you need. Even if your parents haven't been understanding, your feelings are valid and important. You might consider reaching out to free or low-cost mental health resources in your area, such as community clinics, support groups, or helplines. Sometimes talking to someone impartial, like a counselor at school, a trusted mentor, or a mental health charity, can make a difference. Remember, you're not alone, and there are people who want to help you. Taking one small step toward seeking support can be a way to lighten that heavy load."
context_448,I'm feeling different towards my husband. I feel I am growing from the relationship. I have been with my husband for six years and married for almost five. I just don't feel that connection anymore. I feel nothing. I don't know why or if I'm just being irrational.,"It's natural for feelings in a long-term relationship to evolve over time. Sometimes, what you’re experiencing is a phase where emotional connection feels distant, which can happen due to stress, changes in personal growth, or unmet needs. It might help to openly communicate with your husband about how you're feeling, or consider couples counseling to explore these emotions together. Reflecting on what you want moving forward and understanding the root of your feelings can provide clarity and guide your next steps."
context_449,"I'm feeling rejected and frustrated. This is not new. The first month we were together, sex was about every day. Then it slowed down to once a month right away. I love my husband, but I am struggling with this.","It's understandable to feel hurt and frustrated when intimacy declines in a relationship, especially when it feels sudden and ongoing. Consider having an open and honest conversation with your husband about how you're feeling, expressing your needs and concerns without blame. It might also help to explore underlying reasons together, such as stress, health issues, or emotional distance. If needed, couples counseling can provide a safe space to address these challenges and help rebuild your connection. Remember, your feelings are valid, and seeking support is a positive step toward improving your relationship."
context_450,"I'm fine when we start becoming intimate, but out of nowhere, I will get a flashback of what happened to me in the past. I start hysterically crying and freaking out when my boyfriend obviously has done nothing to hurt me.","What you're experiencing sounds like a trauma response, where past painful or traumatic memories are triggered unexpectedly during intimate moments, causing emotional distress even though your boyfriend is not harming you. This is a common reaction for people who have endured trauma, and it doesn't reflect on your current relationship. It might help to talk to a therapist who specializes in trauma to work through these flashbacks and develop strategies to manage them, allowing you to feel safer and more comfortable during intimacy. Additionally, communicating openly with your boyfriend about your experiences can foster understanding and support."
context_451,"I'm going through a divorce with my wife of three years, who I've known since the 4th grade and been involved with for seven years! We just had a baby seven months ago and never got along with my mother, who I've lived with for years. I am now back with my mother because I have nowhere to go with this divorce looming. I'm heart broken because I fell into a depression, I haven't seen my child in a while, I'm having good and bad dreams, and I feel hated. Can you help? Can you intervene? Can I speak with someone?","I'm really sorry you're going through such a difficult time. It’s important to reach out to a mental health professional or counselor who can provide support and help you navigate your feelings and situation. If you feel overwhelmed or have thoughts of harming yourself, please contact a crisis helpline immediately or go to the nearest emergency room. You don’t have to face this alone—talking to a trusted friend, family member, or mental health professional can make a big difference. It may also help to explore local support groups for people going through divorce or parenting challenges. Remember, help is available, and you deserve support and care."
context_452,I'm going through a majorly bad divorce and my wife is making things so impossible for me. I need help.,"I'm sorry you're going through such a difficult time. It might help to reach out to a trusted friend, family member, or a professional counselor who can provide emotional support. Additionally, consulting with a qualified family law attorney can help you understand your rights and navigate the legal aspects of your divorce. Taking care of your mental health during this challenging period is important—consider seeking support groups or therapy to help you cope."
context_453,"I'm going through some things with my feelings and myself. I barely sleep and I do nothing but think about how I'm worthless and how I shouldn't be here.
   I've never tried or contemplated suicide. I've always wanted to fix my issues, but I never get around to it.
   How can I change my feeling of being worthless to everyone?","I'm really sorry you're feeling this way. It can help to start by acknowledging that these feelings, though overwhelming, don't define your true worth. Consider reaching out to a mental health professional who can provide support and guide you through these emotions. Practicing self-compassion, setting small achievable goals, and surrounding yourself with supportive people can also gradually improve how you see yourself. Remember, change takes time, and seeking help is a strong and important first step. You're not alone in this."
context_454,"I'm having a quinceañera, and the girls don't like their dresses. They never told me, and now it's a week away. I don't know what to do.","Start by having an open conversation with the girls to understand exactly what they don’t like about the dresses. Since the event is only a week away, focus on quick fixes such as alterations, accessorizing differently, or adding layers to make the dresses more comfortable or flattering. If possible, consider renting or borrowing alternative dresses locally, or consult a professional stylist for last-minute adjustments. Prioritize keeping everyone comfortable and confident so the celebration can be enjoyable for all."
context_455,"I'm having issues with my relative. The police never believe the experiences I have been through because I am only a kid. 
   I've even had trouble trying to reach a therapist because I said I wanted to get an adult to help me. Could you please give me advice?","I'm sorry you're going through this. It’s important to keep trying to reach a trusted adult—this could be a teacher, school counselor, or another family member you feel safe with—and tell them what’s happening. They can help you contact the right people who can protect and support you. If you find it hard to speak up, consider writing down your experiences or asking a friend to help you communicate. Remember, your feelings and experiences are valid, and there are adults who want to help you stay safe and get the support you need. If you feel in immediate danger, try to call an emergency number or a child protection helpline available in your area."
context_456,I'm having problems shutting them out and putting up walls.,"It's natural to find it difficult to shut others out and build emotional walls, especially if you value connection and trust. To help manage this, try setting clear personal boundaries that protect your well-being without fully isolating yourself. Practice communicating your needs honestly and assertively, and consider gradually limiting contact or exposure to situations that cause discomfort. If feelings become overwhelming, seeking support from a counselor or therapist can provide strategies tailored to your experience."
context_457,I'm having relationship problems and I want to fix them to make things right before I lose her. How can I learn how to listen and get myself together?,"To improve your relationship by learning to listen and getting yourself together, start by practicing active listening: give her your full attention, avoid interrupting, and show empathy by acknowledging her feelings. Communicate openly and honestly about your own thoughts without being defensive. Reflect on your behavior and identify areas you can improve, such as managing stress or being more patient. Consider seeking resources like books on communication or even couples counseling to develop better understanding and skills. Consistency, patience, and genuine effort are key to rebuilding trust and connection."
context_458,"I'm in a long-distance relationship with my ideal man, but I'm not as attracted to him as I should be. Everything else is perfect about him, but I find myself lusting over more attractive men. The next step is marriage, but I want to marry someone who I can wake up to and fall in love with all over again. However, I also don't want to throw away a great relationship over what might just be lust. Am I asking for too much in the ""perfect guy""? Is there such a thing? Am I truly in love?","It's natural to desire both deep emotional connection and physical attraction in a partner, especially when envisioning a lifelong commitment like marriage. Lust and attraction can fluctuate, and being drawn to others doesn't necessarily mean your love for your partner is lacking. However, waking up each day feeling genuinely attracted and excited by your spouse is important for a fulfilling relationship. Rather than seeking perfection, consider what qualities are most vital to your happiness and whether your feelings for your partner can grow deeper over time, including physical attraction. Reflect on whether your current feelings stem more from genuine love or from idealized expectations. Open communication with your partner about your feelings might also help clarify your emotions and guide your decision. Ultimately, love is complex and layered, and it's okay to acknowledge doubts while weighing the unique strengths of your relationship."
context_459,"I'm in a relationship with my fiancé and I currently found out that she's been cheating on me with a co-worker. I was very upset none the less. I understand what she did was wrong, but I want to spend the rest of my life with her. So I'm willing to forgive and move on. We have been together for a little over 9 years, and we have a son. At the beginning of our relationship, I was unfaithful and she caught me cheating. She forgave me for what I've done to her and since then I been completely faithful. I'm worried about our relationship and want to move forward but its been very unsettling. All I can think about is her with another man. I don't know what to do or where to go for advice?","It's understandable to feel deeply hurt and unsettled after discovering your fiancé's infidelity, especially given your history and your desire to build a future together. Since you both have a long history and share a child, working through this will require patience, honesty, and commitment from both of you. Here are some steps you might consider:

1. **Open Communication:** Have a calm and honest conversation with your fiancé about your feelings, the reasons behind the cheating, and what you both want moving forward.

2. **Consider Couples Counseling:** A professional therapist can help you both navigate the complex emotions, rebuild trust, and develop effective communication tools.

3. **Individual Counseling:** It might also help for you to speak with a counselor individually to process your emotions, manage your thoughts, and decide what you need personally.

4. **Set Boundaries and Expectations:** Agree on clear boundaries and behaviors that will help rebuild trust and ensure accountability.

5. **Give Yourself Time:** Healing from infidelity is a gradual process"
context_460,"I'm in a relationship, but I feel like I'm always putting more into it and not getting reciprocated. My ex told me that I will never find anyone else, and that's lingering in the back of my mind.","It's important to recognize your own worth and not let past negative comments undermine your confidence. Relationships should be balanced, with both partners contributing and supporting each other. If you feel you're consistently giving more than you're receiving, it may be helpful to communicate your feelings openly with your partner or consider whether this relationship truly meets your emotional needs. Remember, you deserve to be with someone who values and reciprocates your efforts."
context_461,I'm in a state of depression right now. Who can I talk to? I've been sick in a lot of pain and crying. Don't know where to turn.,"I'm really sorry you're feeling this way. It might help to reach out to a trusted friend, family member, or a mental health professional who can support you during this difficult time. If you're in immediate distress, consider contacting a crisis hotline or going to the nearest emergency room for help. You don't have to go through this alone—there are people who want to support you."
context_462,"I'm in college currently, so I am not a direct victim anymore. My father is very abusive with his words and actions, and my siblings are getting treated horribly.","I'm sorry you're going through this. It might help to reach out to a trusted adult, counselor, or support service at your college who can provide guidance and assistance. You and your siblings deserve to be safe and supported."
context_463,"I'm in love with my own gender, and my parents are against that. I don't know how to tell them because I'm afraid they'll not want me anymore.","It’s completely natural to feel scared about sharing something so important with your parents, especially when you’re unsure how they’ll react. Remember that your feelings are valid and deserving of love and respect. When you feel ready, try to have an open and honest conversation with them in a calm setting. You might also consider seeking support from trusted friends, LGBTQ+ communities, or a counselor who can help you navigate this process and provide emotional support. Ultimately, the most important thing is your well-being and accepting yourself for who you are."
context_464,"I'm in my early 20s, and I've been seeing my boyfriend for a year now. My boyfriend has always been the sweetest guy until recently. He has made comments such as “you would look better as a Tumblr girl"" or ""you should start doing more squats."" It's really hurtful.","It’s important to recognize that your boyfriend’s recent comments are hurtful and inappropriate. No one should make negative remarks about your appearance, especially someone who is supposed to care about you. Consider having an open and honest conversation with him about how these comments make you feel. If he dismisses your feelings or continues to be disrespectful, it may be worth reevaluating the relationship for your own emotional well-being. Remember, you deserve to be with someone who supports and respects you."
context_465,"I'm in my early 20s. I've worked since two months after I turned 18. I have “plans.” I could become an electrician, or I could operate heavy machinery. I have goals, but I do nothing to try to meet them because I don't feel I can. I just want a better life for my fiancée and the kids than I did.","It's great that you have clear goals and a strong motivation to build a better life for your fiancée and kids. Feeling stuck is common, but the key is to start with small, manageable steps. Consider researching local programs or apprenticeships for electricians or heavy machinery operators, and reach out to advisors or mentors who can guide you. Breaking your goals into achievable tasks can help build confidence and momentum toward the future you want. Remember, progress often begins with simply taking the first step."
context_466,"I'm in my early 20s. I’ve been married once, and he cheated on me. Ever since then, I've felt ugly no matter what. I'm engaged, and I still feel ugly. I don't like to take pictures of myself.","It's understandable to feel hurt and insecure after such an experience, but remember that your worth and beauty are not defined by someone else's actions or opinions. Feeling ugly often stems from internalized pain, not your true appearance. Practicing self-compassion, surrounding yourself with supportive people, and perhaps talking to a therapist can help rebuild your confidence. You deserve to feel beautiful and valued, especially by yourself. Taking small steps, like doing things that make you feel good or focusing on your strengths, can gradually shift how you see yourself."
context_467,"I'm in my late 20s, and I've never had a boyfriend or even been on a date. I have no friends. I hate Facebook because everyone else has kids and a great husband and great paying jobs. I work in retail, and I can't find a job. I have an Associate degree. No one is not giving me a chance, and I'm getting upset and frustrated. I feel worthless and feel like everyone hates me. I feel like a failure, and I still live with my Dad. It's very embarrassing!","I'm really sorry you're feeling this way. Remember that your worth is not defined by your relationship status, job, or social media comparisons. It’s okay to feel frustrated, but try to be kind to yourself during this time. Consider setting small, achievable goals—whether it’s applying to a few jobs each week, exploring new hobbies, or joining local groups or classes to meet people with similar interests. Reaching out to a counselor or therapist might also help you process these feelings and build confidence. You are not alone, and with time and support, things can improve."
context_468,"I'm in my late 20s. I have two jobs right now, I'm in school, and I feel like I just have a lot under my belt right now. I get stressed out really easily. I tend to worry and over-think. I'm just worried about money and everything.","It sounds like you’re juggling a lot right now, and it's completely natural to feel stressed and overwhelmed. To help manage your stress, consider setting small, manageable goals each day to avoid feeling overwhelmed. Prioritizing self-care, such as getting enough sleep, eating well, and taking short breaks, can also make a big difference. It might help to talk to someone you trust about your worries or seek support from a counselor or support group. Remember, it’s okay to ask for help and take things one step at a time."
context_469,"I'm in my late 50s. I never loved or have been loved. I need deeper help than is offered in my small town, but I cannot leave this town because of agoraphobia. I find myself losing hope more and more. My brain barely works anymore, and my memory so small, I forget in a moment. I serve no purpose. I'm incapable of work or anything of value, and I never have been. I’m a complete waste of time and resources, and yet I keep trying. Why? Why does God insist that I continue to exist? I’m not suicidal, just tired.","I'm truly sorry you're feeling this way. It's important to remember that your feelings are valid, and struggling with agoraphobia and isolation can deeply affect how we see ourselves and our purpose. Even when it feels hopeless, your existence matters, and there are ways to find support and meaning, even within your current limits.

You might consider reaching out to a mental health professional who offers teletherapy or phone counseling, so you can access help without needing to leave home. Support groups, whether online or via phone, can also provide connection and understanding from others who face similar challenges.

Sometimes, small daily routines or creative outlets—like writing, art, or gentle mindfulness exercises—can help ease mental fatigue and offer moments of peace or accomplishment.

Remember, you are not alone, and your efforts to keep going show strength. It’s okay to seek help and to hope for better days ahead. If your thoughts grow darker or become overwhelming, please reach out to a trusted person or crisis support service."
context_470,"I'm in my late teens and live with my dad. The only time I go out is for my college classes. Sometimes when I see my friends I want to talk with them, but sometimes I won't want to talk to them for days or even weeks.    Sometimes I feel i'm not worth knowing or i'm never going to do anything right.
   Are they right, am I depressed?","Feeling unsure about yourself, wanting to sometimes withdraw from friends, and having negative thoughts about your worth can be signs of depression, but they can also be part of normal ups and downs, especially during late teens. It's important to pay attention to how long these feelings last and how much they affect your daily life. If these feelings persist, interfere with your activities, or make you feel hopeless, it would be helpful to talk to a trusted adult, counselor, or mental health professional who can provide support and guidance. You're not alone, and help is available."
context_471,"I'm in my mid 20s with a husband and children. I love my family, but I feel like I've lost my identity, and I don't know who I am other than a mom and wife. At times, all I can think is what I gave up and how I feel unhappy and trapped, but I know I'd feel like worse without them. I loathe myself at times. I have an amazing life, so why can't I just enjoy it?","It's natural to feel a loss of identity when your roles as a wife and mother dominate your life, especially in your mid-20s when self-discovery is still evolving. Feeling trapped or unhappy doesn’t mean you’re ungrateful or lacking love for your family—it means you need space to reconnect with yourself. Try carving out small moments for activities that interest you, exploring new hobbies, or setting personal goals outside your family life. Consider talking to a counselor or therapist who can help you navigate these feelings and rediscover who you are beyond your roles. Remember, valuing yourself as an individual is important and can enrich both your well-being and your relationships."
context_472,"I'm in my mid-twenties now, and my boyfriend of seven years and I want to start a life. My mother is 100% codependent on me and is extremely manipulative. She suffers from type 1 diabetes, which she uses to guilt me if I ever leave her. The problem is that I will feel guilty.","It's important to recognize that your well-being and independence are valid and necessary, even when your mother relies heavily on you. Setting healthy boundaries can help reduce her manipulative behavior without abandoning her. Consider seeking support from a therapist experienced in family dynamics and codependency to help navigate your feelings of guilt and develop strategies for balancing your needs with her health challenges. Remember, taking steps to build your own life doesn't mean you don't care—it means you're creating a sustainable way to support both yourself and her."
context_473,"I'm just an extremely paranoid person. I constantly feel as though I am in some sort of danger, like as though I live in a horror movie with no resolution. It worsens at night. It gets to the point I'm scared in my own home more so than anything. I have no access to the help I need so I'm desperate.","I'm really sorry you're feeling this way. It might help to try grounding techniques when you feel overwhelmed, like focusing on your breath or naming things you can see around you to stay connected to the present moment. If possible, reaching out to a trusted friend, family member, or a mental health professional—even through a helpline or online service—could provide support. You're not alone, and there are people who want to help you through this."
context_474,"I'm not suicidal and wouldn't take my own life, but sometimes, I've wished for an accident to occur and take it. I feel like I just shouldn't be here and wish I wouldn't have been born so I didn't have to go through life. For me, it's a chore, but I don't know if that's normal or a sign of something.","Feeling like life is a chore and wishing you hadn't been born can be distressing and may indicate underlying emotional difficulties such as depression or prolonged stress. While it's not uncommon to have moments of doubt or dissatisfaction with life, persistent feelings like these are important to acknowledge. It can be helpful to talk to a mental health professional who can provide support, help you understand what you're experiencing, and work with you on strategies to improve your well-being. Remember, you don't have to face these feelings alone, and help is available."
context_475,"I'm not the same anymore, I don't know how to get back to who I am. I'm sad and confused and angry and tired. I don't sleep well.","I'm really sorry you're feeling this way. It might help to reach out to a trusted friend, family member, or a mental health professional who can support you through this difficult time. You're not alone, and there are people who want to help. Taking small steps toward self-care, like gentle exercise, maintaining a routine, or practicing mindfulness, might also provide some relief. Remember, it's okay to ask for help."
context_476,I'm obsessing about a terrible breakup. Everything is a constant reminder. How do I move on?,"Moving on from a painful breakup takes time and self-compassion. Here are some steps that might help:

1. **Allow Yourself to Grieve:** It’s natural to feel sad, angry, or confused. Give yourself permission to experience these emotions without judgment.

2. **Limit Reminders:** Minimize contact with your ex and avoid places, songs, or items that trigger painful memories, at least until you feel stronger.

3. **Focus on Self-Care:** Prioritize activities that nurture your mind and body—exercise, healthy eating, good sleep, and hobbies you enjoy.

4. **Reach Out for Support:** Talk to trusted friends, family, or consider professional help like therapy to process your feelings.

5. **Set New Goals:** Redirect your energy into personal growth—learn something new, pursue interests, or set career goals.

6. **Practice Mindfulness:** Techniques like meditation or journaling can help you stay present and reduce obsessive thoughts.

Remember, healing isn’t linear, and"
context_477,"I'm planning to have baby, so I have to quit smoking - but it's hard. Sometimes it's not a physical need, it's mental.
   I cannot help myself from thinking about smoking. What can I do to get rid of this addiction?","Quitting smoking is challenging, especially when the cravings are mental rather than physical. Here are some strategies that may help you manage the mental urge to smoke:

1. **Identify Triggers:** Notice when and where you most often think about smoking. Avoid these situations or develop new habits to replace the smoking routine.

2. **Mindfulness and Distraction:** When the urge arises, practice deep breathing, meditation, or distract yourself with activities like walking, reading, or hobbies you enjoy.

3. **Cognitive Behavioral Techniques:** Challenge the thoughts that lead to cravings. Remind yourself of your reasons for quitting, such as your baby's health.

4. **Support System:** Share your goals with friends, family, or a support group. Talking about your urges can reduce their power.

5. **Healthy Alternatives:** Chew gum, snack on healthy foods, or use nicotine replacement therapy if recommended by your doctor.

6. **Professional Help:** Consider counseling or smoking cessation programs that provide tools to manage mental"
context_478,"I'm scared that I am with this man so I won't be alone. He should be with somebody who deserves him if this is the case, and I don’t want to hurt him.","It’s important to be honest with yourself about your feelings and intentions. If you’re staying in a relationship out of fear of being alone, it might help to take time to reflect on what you truly want and deserve. Communicating openly with him about your feelings can prevent misunderstandings and hurt. Remember, both partners deserve a relationship built on genuine connection and mutual respect. Prioritizing your well-being and his is key to finding a healthy and fulfilling relationship."
context_479,"I'm socially awkward. I've always want to be popular. I've had the opportunity to be popular, but every time I get i,t I'm too scared. All I have to do is talk the popular people. They're really nice to me, but I'm too scared of change. I really want to work up the courage to lose my fear.","It's completely normal to feel scared of change and social situations, especially when stepping out of your comfort zone. To build courage, try taking small steps — start with brief conversations or casual greetings with popular people. Practice self-compassion and remind yourself that it's okay to feel nervous; courage grows with repeated exposure. Consider focusing on shared interests to make interactions feel more natural. Over time, these small efforts can help you gain confidence and reduce fear. If you find it challenging to manage these feelings alone, talking to a counselor or trusted friend might also provide support."
context_480,"I'm starting to think that I might have depression. The thing is though, I'm not exactly sad. I can joke with my friends and stuff, but I've stopped caring about my work, and I've been starting to think that life is pointless. I really have no clue if I need help, or if I'm just tired or something.","It’s important to know that depression doesn’t always mean feeling sad; it can also involve losing interest or motivation, feeling numb, or thinking life is pointless. Since you're experiencing changes like not caring about work and questioning life’s meaning, it might be helpful to talk to a mental health professional. They can provide an assessment and support tailored to what you’re going through. Reaching out doesn’t mean something is wrong with you—it’s a strong step toward understanding your feelings and getting the help you may need. If you ever feel overwhelmed or have thoughts of harming yourself, please seek immediate help from a trusted person or professional."
context_481,"I'm supposed to stay here the rest of my academic life, but I've never liked it here, not even before I came. I’ve never felt like I belong, I’ve missed my country every second in the past four months, and I'm just miserable. I'm gaining weight, doing nothing, and crying for hours straight. Is it time to go back home or is it just culture shock?","What you're experiencing sounds very challenging and painful. It’s possible that what you're going through includes culture shock, which often involves feelings of loneliness, sadness, and missing home. However, persistent misery, withdrawal, and significant emotional distress over several months might also indicate that your current environment is not a good fit for you right now. It’s important to consider how much these feelings affect your wellbeing and academic progress. Reflect on whether there are any support systems you can access—counseling services, student groups, or friends—to help you cope. If after seeking support you still feel overwhelmed and unhappy, it may be worth seriously considering returning home or exploring alternative options that align better with your mental health and happiness. Your wellbeing should be a priority."
context_482,"I'm transgender, I know I am, but I've only told a few friends. I know I can't tell my family because of previous conversations we've had. They just wouldn't accept it.
 My gender dysphoria is getting really difficult to deal with on my own. I need some strategies for dealing with it. What should I do?","I'm sorry you're going through this. Here are some strategies that might help you manage gender dysphoria, especially when you can't share your identity openly with family yet:

1. **Create Your Own Support System:** Connect with trusted friends, online communities, or local LGBTQ+ support groups where you can express yourself safely and find understanding.

2. **Affirm Your Identity Privately:** Use affirming clothing, hairstyles, or pronouns in your private space to help your sense of self.

3. **Mindfulness and Grounding Techniques:** Practices like deep breathing, meditation, or focusing on your senses can help reduce distress in moments of dysphoria.

4. **Engage in Activities That Make You Feel Good:** Pursue hobbies, exercise, or creative outlets that boost your mood and help ground you in your body positively.

5. **Journaling:** Writing about your feelings can help process your experiences and identify patterns or triggers of dysphoria.

6. **Seek Professional Support:** If possible"
context_483,I'm unemployed just relocated. I can't get approved for a place to live because of past mistakes which follow me to this day. I'm depressed and on the verge of loosing my partner because I'm overwhelmed and have trouble functioning on a daily basis. I see no light at the end of this tunnel and need some help. I see no point in this chaos infested joke some call life.,"I'm really sorry you're feeling this way. It might help to reach out to a mental health professional who can support you through these feelings. Sharing what you're going through with close friends, family, or a counselor can also provide relief and guidance. Remember, you're not alone, and there are people who want to help you find a way forward. Taking small steps each day, like establishing a routine or seeking local community resources, can gradually make things feel more manageable. Please consider contacting a crisis helpline or mental health service in your area—they're available to support you anytime."
context_484,I'm very depressed. How do I find someone to talk to?,"I'm sorry you're feeling this way. It might help to reach out to trusted friends or family members and let them know how you're feeling. You could also consider talking to a mental health professional, such as a counselor or therapist, who can provide support and guidance. If you're unsure where to start, many communities have helplines or online services where you can connect with someone who cares. Remember, you don't have to face this alone—help is available."
context_485,I'm worried I should see a therapist due to past events and current mental status. I'm just so unsure of how to ask my doctor about seeing someone.,"It's completely okay to feel unsure about asking for help. You can start by telling your doctor honestly that you've been feeling overwhelmed or struggling with your mental health and would like to talk to a mental health professional. You might say something like, ""I've been having a hard time lately and think seeing a therapist could help. Can you help me with a referral or next steps?"" Doctors are used to these conversations and can guide you toward the support you need."
context_486,"I've always thought that there wasn't much good out there for me. Now that things are actually going well, it kind of scares me. I spent most of my life feeling unwanted and figured I would be alone. I recently met a great woman who seems to really like me, and I don't know how to process this. It's bothering both of us.","It's completely natural to feel unsettled when positive changes happen, especially if you've been accustomed to feeling unwanted or alone for a long time. Your feelings likely stem from fear of vulnerability or uncertainty about whether this happiness will last. It can help to openly communicate your feelings with your partner, so you both understand where each other is coming from. Also, consider giving yourself time to adjust to this new reality and maybe explore talking to a counselor or therapist who can support you in processing these emotions and building confidence in your relationship. Remember, it's okay to feel scared—but you deserve happiness and connection."
context_487,I've become so jaded that I can't control my thoughts. I cannot focus on anything and been having anxiety attacks.,"I'm sorry to hear that you're feeling this way. It might help to reach out to a mental health professional who can provide support and strategies to manage your anxiety and improve focus. Meanwhile, practicing grounding techniques, deep breathing exercises, and ensuring regular routines like sleep, nutrition, and physical activity can also be beneficial. Remember, you don't have to face this alone."
context_488,"I've been abused emotionally all of my life and for some reason I keep getting with men that I let emotionally abused me.
 How can I stop it? I know the mistakes that I've made in my life. I'm having a really hard time getting back on my feet. Can you help me please?","I'm really sorry you're going through this. Healing from emotional abuse takes time and self-compassion. Here are some steps that might help you break the cycle:

1. **Recognize patterns:** You’ve already identified the pattern, which is a crucial first step.

2. **Set clear boundaries:** Learn to recognize red flags early and practice saying no or walking away when you feel disrespected or manipulated.

3. **Build self-worth:** Engage in activities and relationships that reinforce your value and help you rebuild confidence.

4. **Seek professional support:** A therapist or counselor can provide guidance tailored to your experiences and help you work through trauma.

5. **Surround yourself with supportive people:** Cultivate friendships and connections with those who respect and uplift you.

6. **Practice self-care:** Prioritize your emotional and physical well-being through rest, healthy habits, and activities that bring you joy.

Remember, healing is a journey, and it’s okay to ask for help along the way. You deserve"
context_489,"I've been bulimic for about 6 years now. I'm in my early 20s. I am about to start back to school to become an RN, and I really need to get better once and for all.    I lose control of myself and become angry and anxious and just eat and purge. Over and over. Can someone please point me in the right direction for help?","I'm really sorry to hear you're struggling. It’s a positive step that you want to get better. Here are some suggestions to help you move forward:

1. **Reach out to a healthcare professional:** Consider making an appointment with a therapist or counselor who specializes in eating disorders. They can provide tailored support and treatment options such as cognitive-behavioral therapy (CBT), which is effective for bulimia.

2. **Talk to your primary care provider:** They can assess your physical health, screen for any complications from bulimia, and refer you to specialists like dietitians or psychiatrists.

3. **Look for eating disorder support groups:** Connecting with others who understand what you’re going through can be really helpful. Groups may be available in your community or online.

4. **Consider inpatient or outpatient treatment programs:** Depending on the severity, structured programs provide comprehensive care including medical, nutritional, and psychological support.

5. **Practice self-care and stress management:** Techniques like mindfulness, journaling"
context_490,"I've been bullied for years and the teachers have done nothing about it. I haven't been diagnosed with depression, but i have been extremely sad for years.
   How can I deal with being bullied at school when the teachers won't help?","I'm really sorry you're going through this. Dealing with bullying can be incredibly hard, especially when you feel unsupported. Here are some steps that might help:

1. **Find Supportive People:** Talk to trusted friends, family members, or a school counselor if one is available. Having someone listen can make a big difference.

2. **Document the Bullying:** Keep a detailed record of incidents—dates, times, what happened, and who was involved. This can be useful if you decide to report the bullying again.

3. **Reach Out to Higher Authorities:** If teachers aren't helping, consider contacting a school principal, administrator, or even the school district. They have a responsibility to ensure a safe environment.

4. **Seek External Support:** Look for local support groups or helplines for bullying or emotional distress. They can offer advice and resources.

5. **Practice Self-Care:** Engage in activities that make you feel good and help reduce stress—like hobbies, exercise, or mindfulness"
context_491,"I've been dealing with this for years. My mom thinks I'm overly emotional and refuses to offer any help, like therapy or seeing a doctor. She's seen me when I'm having a panic attack and just said I was faking for attention or that I'm a hypochondriac. I just want to get better.","I'm really sorry you're going through this. It can be incredibly tough when the people closest to you don't understand or support what you're experiencing. Remember that your feelings are valid, and seeking help is a strong and important step. If possible, try reaching out to a trusted friend, school counselor, or another family member who might support you in finding professional help. There are also mental health hotlines and online resources available where you can talk to someone confidentially. You're not alone, and there are people and resources that want to help you get better."
context_492,"I've been depressed for quite a while. I've been trying to work through it, and my boyfriend has been my rock. He is honestly the only person I trust enough to talk to about anything, but he decided to break up with me because of my depression. I cannot afford to see a therapist or anything, so he saw no hope in staying with me. My insurance has a $5000 deductible, so I’m screwed. I've had everything from suicidal thoughts to trying to quit my job. I have no one. My family doesn't care about me; they kicked me out when I turned 18 a few years ago. I had friends, but they have all moved on with their lives and have no time for me. My ex-boyfriend is trying to help but is making things worse because every time I see or hear him, I break down into tears. I found out that I will never be promoted now because of my depression.","I'm really sorry you're going through this. It sounds incredibly tough, but please know you're not alone and help is available even if therapy feels out of reach right now. Consider reaching out to free or low-cost mental health resources like community support groups, crisis hotlines, or online counseling platforms that offer sliding scale fees. You might try organizations such as the National Suicide Prevention Lifeline (988), or apps like 7 Cups for peer support. Also, maintaining a routine, small daily goals, and gentle self-care can help manage depression symptoms. If you’re feeling overwhelmed or having suicidal thoughts, please reach out immediately to a trusted hotline or emergency service. Remember, your feelings are valid and there are people who want to support you."
context_493,"I've been experiencing a lot of anxiety and panic attacks lately. I was recently diagnosed by my psychiatrist with obsessive-compulsive disorder. Lately, I've been questioning everything from my career to my relationship. My boyfriend and I just moved in a few months ago. All of a sudden, I don't feel as comfortable around him as I used to, although I can't seem to find a reason as to why I feel this way.","It's understandable that your recent OCD diagnosis and ongoing anxiety are impacting how you feel about various parts of your life, including your relationship. OCD often causes intrusive thoughts and heightened uncertainty, which can make you question things that previously felt stable or comfortable. It might help to share your feelings openly with your boyfriend, so he can support you during this time. Additionally, continuing to work closely with your psychiatrist or therapist can provide strategies to manage anxiety and intrusive thoughts, helping you regain a sense of comfort and clarity in both your relationship and other areas of your life."
context_494,"I've been feeling worthless, unaccomplished, and so frustrated. I want to break things, hit myself, run away, kick, scream, and cry. I just want to be happy and outgoing again. I want to be able to take care of my daughter and live comfortably.","I'm really sorry you're feeling this way. It might help to talk to someone you trust about how you're feeling, like a close friend, family member, or a mental health professional. You're not alone, and there are people who want to support you through this. Taking small steps toward self-care and reaching out for help can make a difference. Remember, wanting to be happy and care for your daughter shows your strength and love, even when things feel overwhelming."
context_495,I've been getting told lately by my partner that it’s embarrassing that I'm so antisocial around his family and friends. I believe it's because I'm not as social as him.,"It's understandable that you feel more reserved, especially if being social doesn't come as naturally to you. Everyone has their own comfort level in social settings, and it's important for your partner to respect that. You might consider having an open conversation with him about how you feel and exploring ways together to find a balance that supports both your needs—perhaps by gradually engaging more when you feel comfortable, without feeling pressured to change who you are."
context_496,"I've been going through a rough time lately. I been into nothing but women. I’ve never thought about men until a week ago. I’m very upset and depressed about this. It's not normal to me. I looked at gay porn more than once to prove that I’m not gay. I get the same results each time, and I feel disgust. This is tough on me. I'm scared that I looked too many times. I keep thinking about it and shake all the time.","It's understandable to feel confused and upset when you're facing unexpected feelings or thoughts about your sexuality. Remember that sexuality can be fluid, and exploring these feelings does not define you or make you less of who you are. Feeling scared or uncomfortable is common, but it’s important to be gentle with yourself during this time. If these thoughts and feelings are causing you distress or affecting your daily life, consider reaching out to a mental health professional who can provide support and help you process your emotions in a safe and non-judgmental space. You're not alone, and help is available."
context_497,"I've been having horrible anxiety for the last week. I can't sleep. I get a sense of doom, and it's hard to breathe. I feel like nothing I do makes it better.","I'm sorry you're experiencing this. Feeling intense anxiety with difficulty sleeping, a sense of doom, and trouble breathing can be very distressing. It’s important to reach out to a healthcare professional as soon as possible to discuss your symptoms. In the meantime, try to practice deep, slow breathing exercises, create a calm and comfortable environment for sleep, and avoid caffeine and stimulants. If your breathing difficulties worsen or you feel overwhelmed, seek emergency medical help immediately. You're not alone, and support is available."
context_498,"I've been having this ongoing problem for most of my life now. I am a young adult, and right now, driving and even being a passenger gives me terrible panic attacks and anxiety. I can't ride in the backseat or the front seat with the safety belt on. I have to lean the seat back a bit because the pressure on my back terrifies me. I miss so many opportunities to go places with friends and family because of my fears of having a panic attack. My family offers little to no support. They think it's fake or ""all in my head."" It makes me feel guilty and at times depressed to the point where I'd rather never wake up anymore. I am not self-harming, I just feel meaningless. This constant fear has taken over my thoughts and my life. I was such a happy person. I want my life back. I want to travel with my friends and family again, but I don't know how. I've almost given up hope on getting better and just accepting the fact that I'll live with this anxiety forever.","I'm really sorry you're going through this. What you're experiencing sounds incredibly difficult, and your feelings are valid. It’s important to know that anxiety and panic attacks are real and treatable conditions. Seeking help from a mental health professional, such as a therapist or psychiatrist, can provide you with strategies like cognitive-behavioral therapy (CBT) or, if appropriate, medication to manage your anxiety. Support groups—either in-person or online—may also help you connect with others who understand what you're going through. Try to be gentle with yourself and remember that recovery is possible; many people have found relief and regained their confidence with proper support and treatment. If you ever feel overwhelmed or hopeless, reaching out to a crisis helpline can provide immediate help. You don’t have to face this alone, and there is hope for a better future."
context_499,"I've been hospitalized twice. Once was last month for psychiatric help. I'm on medicine, but I'm struggling with fighting the negative thoughts, irrational fears, and loneliness. The people around me aren't helping much.","I'm really sorry you're going through this. It can be incredibly tough to face negative thoughts, fears, and loneliness, especially when support feels limited. Continuing with your prescribed medication is important, but you might also benefit from reaching out to a mental health professional, like a therapist or counselor, who can offer strategies to manage these feelings. Connecting with support groups, either in person or online, could help you feel less isolated by sharing experiences with others who understand. Remember, it's okay to ask for help and prioritize your well-being—you're not alone in this. If your thoughts become overwhelming or you feel unsafe, please seek immediate help from a trusted person or emergency services."
context_500,"I've been hurt by a man for five years. He doesn't involve me with the family or kids. Everyone in the family is against me. There is a Mass today for a family member, and he never asked me to go. I'm to sit home alone now and Christmas too. He expects me to sit alone while he enjoys being with the family. We are in our 50s, and it hurts that he won't even think of me or involve me as part of the family. He doesn't even care. I am leaving him as soon as possible, but I hurt so bad that I didn't know who to turn too. I'm now in this low funk of depression, and I'm scared because I do stupid things to myself and give up. I have no friends because I was a truck driver. I've been getting serious headaches and can't sleep. I don't eat; I've lost my appetite. This has been going on for a couple weeks now.","I'm really sorry you're going through this. It sounds incredibly painful and isolating. Please consider reaching out immediately to a mental health professional or a crisis helpline who can support you during this difficult time. You don't have to face this alone, and there are people who want to help you through the pain and keep you safe. Taking that first step to talk to someone can make a big difference. Remember, your feelings are valid, and you deserve care and kindness."
context_501,"I've been in a relationship for almost a year, and I absolutely trust my boyfriend. He treats me nice, checks on me, and tells me sweet things. However, when it comes to making life decisions, I feel he is very immature. I try to talk things out so we can compromise or make sound decisions together, but he lacks any ideas and prefers to just go with anything to avoid fighting. As far as dates, if I don't say anything, plan it, or have money to chip in, we will not go. I feel like I put in a lot of work supporting and sometimes spoiling, and all I get is a loyal man who will not cheat and say sweet things on occasion.","It sounds like you appreciate your boyfriend's kindness and loyalty, but you're feeling frustrated by his lack of initiative and maturity in decision-making and contributing to the relationship equally. It's important in a partnership to have balanced effort, mutual responsibility, and open communication. You might consider having an honest conversation about how his passivity and limited involvement in planning affect you, expressing your needs clearly. Setting expectations for shared decision-making and effort could help him understand your perspective. If he’s unwilling or unable to grow in these areas, it’s important to reflect on whether the relationship meets your emotional and practical needs long-term."
context_502,"I've been in a relationship for over a year. He's cheated and lied. I heard he's married, but he says he's not. Everything is very up and down; there's no trust. Recently, he went on a trip, and I promised him I'd behave and not drink because when I drink, I drink too much, and I tend to make poor choices. This time, I made a huge mistake: I drank too much, and I cheated on him. I slept with another man for about five minutes before realizing what I was doing is wrong. I told him and he just got really rude. He called me names and threatened me. I feel bad as I do love him. We just have so many issues. I'm not a bad person, I've just made a lot of bad mistakes. It’s unintentional, and I know right from wrong, but why do I still make the wrong choice?","It sounds like you're in a very painful and complicated situation with a lot of mistrust and emotional turmoil on both sides. Making mistakes, even when you know right from wrong, can happen for many reasons—stress, emotional pain, insecurity, or unhealthy relationship dynamics can impair judgment. It’s important to recognize that frequent conflict, cheating, lying, and threats are signs of an unhealthy relationship. Loving someone doesn’t mean you have to accept behavior that hurts you or puts you at risk. Reflecting on why you and your partner both make choices that hurt the relationship can be a step toward healing, whether that means seeking counseling, setting boundaries, or considering whether this relationship is truly right for you. Remember, you deserve respect, honesty, and safety, both from yourself and from your partner."
context_503,I've been like this ever since I was in school; back then I transferred to another school. Now I'm thinking about changing my job.,"It sounds like you've experienced significant transitions before, like transferring schools, and now you're considering another change with your job. Reflecting on what motivated you to transfer schools might help you understand what you're seeking in a new job and guide you toward a decision that aligns with your goals and well-being."
context_504,"I've been married for 3 years and I have two kids. During my 3-years married, my husband cheated on me twice. The second time really got to me and at my lowest I hurt him back. We aren't communicating as well as I would like. What do I do?","It’s understandable to feel hurt and frustrated after experiencing infidelity, especially more than once. Rebuilding trust and improving communication takes time and effort from both partners. Here are some steps you can consider:

1. **Seek honest conversations:** Try to create a safe space where both of you can express your feelings openly without judgment. Share how the betrayals impacted you and listen to his perspective as well.

2. **Consider couples counseling:** A professional therapist can help mediate discussions, improve communication skills, and work through the underlying issues affecting your relationship.

3. **Work on forgiveness and healing:** While difficult, forgiveness can be an important step for your own peace of mind. This doesn’t mean forgetting what happened but finding a way to move forward.

4. **Set clear boundaries:** Discuss what you both need to rebuild trust and prevent future hurt, and be clear about consequences if those boundaries are crossed.

5. **Focus on self-care:** Taking care of your emotional and physical well-being is crucial"
context_505,"I've been suppressing it for quite some time, but there are days when I can't make eye contact with her. I think she knows, and we both admitted there was some type of vibe, but the overall discussion was vague. I think she could possibly be dating someone that works with us. It's driving me crazy. As an act of expression, I have purchased a gift for her that's personalized. I haven't given it to her yet.","It sounds like you're experiencing strong feelings and uncertainty about your relationship with her. Since you’ve noticed a mutual vibe and purchased a personalized gift, consider whether giving the gift might open a meaningful conversation between you two. Timing and context matter—choose a moment when you can talk openly and honestly about your feelings. This can help clarify where you both stand and potentially ease the tension you're feeling. If she is dating someone else, be prepared to respect that situation and focus on what’s best for your emotional well-being."
context_506,"I've been with a man for four years. For the last year, he has said he is done, but he still talks, texts, visits, and has not moved on with anyone else. His words do not match his actions. I love this man, but it's hurting so much.","It sounds like you're in a painful and confusing situation where his words and actions are not aligned. This inconsistency can be emotionally exhausting and hurtful. It may help to have an open and honest conversation with him about what he truly wants and where he sees the relationship going. Clarifying his intentions can allow you to make decisions that prioritize your emotional well-being. Remember, you deserve clarity, respect, and love that matches your feelings. Seeking support from trusted friends, family, or a counselor can also provide guidance and comfort during this difficult time."
context_507,"I've been with him for a couple months. We will talk everyday and he will get mad over something I will say and not talk to me. We have our great moments, but I just need to focus on my personal situations, and I feel he is slowing me down with that. I still wanna be with him, but not now.","It sounds like you value the relationship but also recognize the importance of focusing on yourself right now. It might help to have an honest conversation with him about where you’re at, expressing that you care about him but need some space or time to work on your personal priorities. Setting clear boundaries can help both of you understand each other’s needs and reduce misunderstandings while you focus on yourself."
context_508,"I've been with my boyfriend over 3 years. He cheated on me and the woman is now pregnant. He is physically and mentally abusive towards me. I have attempted to talk with him in order to resolve our issues; however, he never wants to talk and often blames me for everything. I’m always there when he needs my help. He tells me although I help him doesn’t mean that I am a good person. He always discredits me as a woman and it’s hurtful. I spend most day crying and feeling lonely. I am unhappy and unsure of what I need to do.","You deserve to be treated with respect, kindness, and love. Being in a relationship where you are physically and mentally abused is not healthy or safe. It may be important for you to reach out to trusted friends, family, or a professional counselor for support and guidance. Consider creating a safety plan and exploring resources such as domestic violence hotlines or organizations in your area that can help you. Remember, you are not alone, and there are people who want to help you find safety and healing. Prioritizing your well-being and safety is crucial."
context_509,"I've been with my husband for eight years now. We have split twice before, and the first time was because he cheated. I took him back months later, and he really tried making it up to me by making a lot of changes. However, we continued to have issues because of my lack of trust. My insecurities and trust issues lead to physical abuse, which lead to us separating again. During that separation, he consoled himself by talking to the same girl he cheated on me with. But we then ended up back together and worked it out for a while until I got pregnant with our second child.
   The baby was a few months old, and he confessed to me about his secret relationship with her. He told me how he could never stop talking to her and how, during our issues, she has been and is the only women he's gone behind my back with (but on a friendship level because she's miles away). He confessed how he fought feelings for her and feels like he's possibly in love with her too. He said he feels like he's in love with the both of us now because this women has fallen for him, and she hasn't been able to leave him alone since. Even though she knows that he's still with me and happy with our family, she can’t help it, and he confessed how his feeling for her are mutual. Being that he loves me too, he wanted to be with the both of us at the same time. He wanted to have affairs with her behind my back by flying her out and staying at a hotels, but he didn't want me to find out, so he told me everything. He said he didn't want to continue to lie to me and so I can finally stop accusing him of being with other women when it's only been this one girl the whole time. He feels like my insecurities and trust issues are what pushed him closer towards her, and that no matter what he did to do right, I would still accuse him. He's caught up in his feelings and pretty much says that he wants her but doesn't want me to leave him because I'm the one he wants to be with for the rest of his life.
   I'm of course hurt and in shock. I feel like I have to make a decision on whether I want to allow it and deal with having to share him or walk away. Both of these decisions are really hard to make because I feel like whether I stay or go, my heart will still be torn apart. I have to make a decision quick because she will be flying out sooner than I thought.","You’re facing an incredibly painful and complex situation, and it’s understandable to feel shocked, hurt, and torn. It’s important to prioritize your emotional well-being and the stability of your family while also being honest about what you can and cannot accept in a relationship.

Consider these steps:

1. **Take Time for Yourself:** If possible, ask for some space to process this information before making any decisions. Quick decisions under intense emotional pressure can be overwhelming.

2. **Clarify Your Boundaries:** Reflect deeply on what you need in a relationship to feel safe and respected. Are you willing or able to accept a non-monogamous arrangement, especially one that began through secrecy and betrayal? There is no right or wrong answer—only what is right for you.

3. **Seek Professional Support:** Talking with a therapist or counselor—either individually or as a couple—can help you navigate your emotions, rebuild trust if you choose to try, or support you in moving forward independently.

4. **"
context_510,"I've been with my partner for 4 years. She's given me no reason not to trust her. But lately I've been overreacting a lot when she's just doing normal things. I think it's triggering my bad past relationships.
   How can I get rid of these insecurities and be more trusting with her?","It's great that you recognize your reactions may be linked to past experiences. To work on reducing insecurity and building trust in your current relationship, try these steps:

1. **Reflect on Past vs. Present:** Remind yourself that your current partner has not given you reasons for distrust. Practice distinguishing past relationship patterns from your current reality.

2. **Communicate Openly:** Share your feelings and insecurities with your partner in a calm, honest way. This can foster understanding and support.

3. **Challenge Negative Thoughts:** When you feel triggered, pause and question whether your thoughts are based on facts or fears rooted in the past.

4. **Practice Self-Compassion:** Acknowledge that healing takes time and that it’s normal to feel vulnerable.

5. **Build Trust Gradually:** Focus on positive experiences together and celebrate moments that reinforce trust.

6. **Consider Professional Support:** A counselor or therapist can help you work through past trauma and develop healthier relational patterns.

By being patient with yourself"
context_511,I've been with the mother of my child for years.,"It’s great that you’ve shared that you’ve been with the mother of your child for years. If you have any questions or need advice related to your relationship, parenting, or anything else, feel free to ask!"
context_512,"I've developed a really intense and unexpected attraction to An actress after seeing her in a ballet uniform while guest starring on a television show. I try, but I can't get her out of my mind. What should I do?","It's natural to feel drawn to someone who made a strong impression on you, especially if they appeared in a context that resonated with you, like a ballet uniform. To manage these feelings, consider focusing on what specifically attracted you—whether it's the aesthetic, the talent, or something else—and channel your energy into your own interests or passions. Remember that your connection is based on a brief, fictional portrayal, so try to keep perspective. If the feelings are overwhelming, engaging in social activities, hobbies, or talking with friends can help redirect your thoughts and emotions in a healthy way."
context_513,"I've felt this way for two years. I feel so much better now then I did when it started, but it is still there in the back of my mind at all times.",It's understandable that something lingering for two years can still affect you even if you're feeling better overall. Continuing to acknowledge it and perhaps seeking ongoing support or strategies to manage those persistent feelings can help you make even more progress toward peace of mind. You're showing strength by recognizing it and noticing your improvement.
context_514,I've gone to a couple therapy sessions so far and still everytime I walk in I get nervous and shaky. Is this normal? Should I still be feeling like this?,"Yes, it's completely normal to feel nervous and shaky before and during therapy sessions, especially in the beginning. Therapy often involves discussing personal and sensitive topics, which can naturally cause anxiety. Over time, as you become more comfortable with your therapist and the process, these feelings usually lessen. If your anxiety remains intense or interferes with your ability to participate, consider sharing this with your therapist—they can help you find ways to manage these feelings."
context_515,"I've got so much anger. I don't know how to control myself. My girlfriend screams at me all the time, and sometime I don't know how to deal with life. I'm very depressed and angry. I feel lost.","I'm really sorry you're feeling this way. It might help to talk to a mental health professional who can support you in managing your anger and depression. Reaching out to trusted friends or family members and expressing how you feel can also provide some relief. Remember, you're not alone, and help is available. Taking small steps toward self-care, like regular exercise, healthy eating, and sufficient rest, can also improve your mood over time. If your feelings become overwhelming or you have thoughts of harming yourself or others, please seek immediate help from a crisis hotline or emergency services."
context_516,"I've had posttraumatic stress disorder for years without my parents ever finding out. I want to overcome it, but it’s so vivid, it’s like it’s happening again. I'm scared and paranoid. I have depression, which I have been struggling with since a young age.","I'm sorry you're going through this. It might help to reach out to a mental health professional who can provide support and treatment tailored to your needs. Therapy options like cognitive-behavioral therapy (CBT) or eye movement desensitization and reprocessing (EMDR) are often effective for PTSD. Additionally, connecting with trusted friends or support groups can provide comfort and understanding. Remember, you don't have to face this alone, and help is available."
context_517,"I've have lived for sometime with depression but things have gotten a lot better, but why is it so hard to get over anxiety and social isolation?","Anxiety and social isolation can be difficult to overcome because they often involve deeply ingrained patterns of thinking and behavior that reinforce each other. Anxiety triggers fear of social situations, leading to avoidance, which in turn limits opportunities for positive social experiences that can build confidence and reduce fear. Additionally, biological factors like brain chemistry, past experiences, and stress levels play a role. Recovery often requires gradual exposure to social situations, building coping skills, and sometimes professional support such as therapy or medication to help rewire these patterns and create lasting change."
context_518,"I've hit my head on walls and floors ever since I was young. I sometimes still do it but I don't exactly know why,    I have anxiety and I had a rough childhood but now I'll start to hit my head and sometimes not realize it but I don't know how to stop or even why I'm doing it.    How can I help myself to change my behavior?","It sounds like hitting your head may be a coping mechanism linked to anxiety or past trauma. To help change this behavior, consider the following steps:

1. **Seek professional support:** A therapist or counselor, especially one experienced with anxiety and trauma, can help you understand the underlying causes and develop healthier coping strategies.

2. **Increase self-awareness:** Try to notice when and why you start hitting your head. Keeping a journal or using mindfulness techniques can help you recognize triggers.

3. **Develop alternative coping methods:** Practice stress-reduction techniques like deep breathing, grounding exercises, or physical activities that provide sensory input in safer ways (e.g., squeezing a stress ball).

4. **Create a safe environment:** Identify situations where you’re more likely to hit your head and modify your surroundings to reduce triggers or opportunities for self-harm.

5. **Build a support network:** Sharing your experience with trusted friends, family, or support groups can provide emotional support and accountability.

If the behavior continues or worsens"
context_519,"I've known him for about six years. We've dated off and on. I hadn't seen him in close to three years but recently started seeing him again. I really want this to last this time. I stayed the night. Do I text, call, or make contact first, the same day of the morning I left his house?","It's generally a good idea to send a text the same day or the next morning to show you're interested and appreciated the time together. A simple, genuine message like ""I had a great time last night"" or ""Good morning, just wanted to say I enjoyed seeing you"" can open the door for further communication without seeming too forward. From there, let the conversation flow naturally before deciding whether to call or meet again."
context_520,"I've never been able to talk with my parents. My parents are in their sixties while I am a teenager. I love both of them but not their personalities. I feel that they do not take me seriously whenever I talk about a serious event in my life. If my dad doesn’t believe me, then my mom goes along with my dad and acts like she doesn’t believe me either. I’m a pansexual, but I can’t trust my own parents.
 I've fought depression and won; however, stress and anxiety are killing me. I feel that my friends don't listen to me. I know they have their own problems, which I do my best to help with. But they don't always try to help me with mine, when I really need them. I feel as if my childhood has been taken from me. I feel as if I have no one whom I can trust.","I'm really sorry you're feeling this way. It sounds incredibly tough to feel misunderstood and unsupported by both your parents and friends, especially when you're dealing with anxiety and stress on top of everything else. Remember that your feelings are valid, and you deserve to be heard and supported. It might help to reach out to a counselor, therapist, or a trusted adult outside your family who can provide a safe space for you to express yourself. You're not alone, and there are people who want to help you through this. Taking small steps to find support can make a significant difference."
context_521,"I've only been married three months. Every week, we argue about something, and it seems to be getting worse.","It's common for newly married couples to face challenges as they adjust to living together and merging their lives. To improve your relationship, try the following steps:

1. **Open Communication:** Set aside time to calmly discuss your feelings and concerns without blaming each other.
2. **Identify Patterns:** Notice what triggers your arguments and address those issues specifically.
3. **Seek Compromise:** Work together to find solutions that satisfy both of you.
4. **Quality Time:** Spend positive, stress-free time together to strengthen your bond.
5. **Consider Counseling:** A couples therapist can help you develop healthy communication and conflict-resolution skills.

Remember, early efforts to understand and support each other can build a stronger foundation for your marriage."
context_522,"I've pretty much been on my own since day one, I'm a middle child of five, and I can't seem to put my trust in anyone. It took me four years to finally open up a little to my best friend. Every time I realize that I have feelings for someone, I freak out and never talk to them again. I really want some help.","It sounds like you've developed strong self-reliance due to your experiences, which makes trusting others and opening up challenging. Recognizing this is an important first step. To start building trust and healthier relationships, consider taking small, manageable steps like sharing minor thoughts or feelings with someone you feel safe with, gradually increasing your comfort over time. It might also help to explore these feelings with a therapist who can provide guidance tailored to your experiences and support you in understanding and managing your emotions. Remember, building trust is a process, and it's okay to take it at your own pace."
context_523,I've recently thought that i could be transgender but I've never had the mind of a girl.,"It's important to remember that being transgender is about your internal sense of gender, which might not always match traditional expectations or stereotypes. You don't have to think or feel a certain way to be transgender. Exploring your feelings with a supportive counselor or therapist who specializes in gender identity can help you understand yourself better. Take your time—there's no right or wrong way to experience your gender."
context_524,"I've tried working out and eating fruits and vegetables, but I always seem to eat the junk in the house.","It can be challenging to avoid junk food when it's easily accessible at home. To help manage this, try gradually replacing junk food with healthier snacks you enjoy, such as nuts, yogurt, or fresh fruit. Additionally, plan your meals and snacks ahead of time, and keep tempting junk foods out of sight or out of the house altogether. Creating a supportive environment and having a clear goal can make it easier to stick to healthier eating habits alongside your workouts."
context_525,"I've worked with this guy for about three years now, and I knew the first time I saw him that I was attracted. Over time, he became a very dear friend, and we talked about our relationship problems, family, dreams, and so on. There was always flirtation with us, and one day pretty recently, it progressed to making out. We agreed to keep it quiet, and we did, but in the back of my mind, I hoped it would become something more. It didn't, and three months later, I'm still not over it.
   I'm trying so hard to maintain the friendship because that's what he wants. We're no longer in the same office, which I thought would help me get over these feelings, but we still talk about work, and he's constantly touching me, so I'm still very drawn to him. He's a hugger and such a sweet guy, so I find myself fantasizing all the time about what could have been and what could still be, but he's clearly not interested. He's younger than me and prefers model types, but I see him checking me out a lot, which gives me hope. How do I get him out of my system and still maintain the friendship?","To get over your feelings while maintaining the friendship, start by setting clear personal boundaries that reduce physical contact and situations that trigger your attraction—such as frequent hugs or flirtatious interactions. Limit one-on-one time and avoid private conversations that veer into personal or emotional territory. Focus on expanding your social circle and engaging in activities that boost your self-worth and distract your mind positively. Accept and remind yourself that his interest doesn’t align with a romantic relationship, despite mixed signals, to help manage expectations. Over time, emotional distance will help lessen your feelings, allowing you to preserve the friendship without ongoing hurt. If needed, consider seeking support from a therapist or trusted friend to process your emotions healthily."
context_526,"If I tell him I don't like certain things, he does when it pertains to me. He tells me it's not like that. He never has anything to say about me until I tell him something about himself.","It sounds like he only acknowledges your feelings or concerns when they directly affect him, and he tends to dismiss your perspective otherwise. Additionally, he doesn't offer feedback or comments about you unless you first bring up something related to him. This pattern may indicate a lack of open communication or empathy in the relationship."
context_527,"In 2008 my former husband of 14 years walked away from my life and we've been separated ever since. We have always been together sexually and both have experienced sleeping with others. I stopped because I wanted my marriage to work out but he did not. If he stops sleeping with other women, can our marriage be saved? Or should we just part ways? I still care deeply about him after all that I did and he has done. But he is seeing someone else on and off for years now. Will our marriage still be saved if he decides that he wants to try to do so?","Rebuilding a marriage after long-term separation and ongoing involvement with others is complex and requires mutual commitment, honesty, and effort from both partners. If your former husband genuinely stops seeing other people and both of you are willing to openly communicate, address past hurts, and possibly seek counseling, there is a possibility to repair and rebuild your relationship. However, it’s important to consider whether both of you share the same goals and are ready to work through the challenges together. If one partner remains uncertain or continues outside relationships, it will be very difficult to restore trust and intimacy. Reflect on what you truly want, how much effort both of you are prepared to invest, and whether rebuilding the marriage aligns with your emotional well-being and future happiness. Couples therapy can be a valuable step in clarifying these issues and helping you both decide the best path forward."
context_528,"In middle school and high school, my friends and family thought I was gay. I tried telling them, but they wouldn’t believe me. It almost feels like they wanted me to be. Now I’m actually starting to believe them. I know I wasn’t back then, and now I’m not sure anymore.","It's understandable to feel confused when others' perceptions clash with your own feelings, especially over time. Remember that your identity is personal and only you can truly know it. It's okay to take time to explore your feelings without pressure or labels. If you find it helpful, consider talking to a trusted friend, counselor, or therapist who can support you as you navigate your feelings. Ultimately, what matters most is how you feel about yourself, not others' assumptions."
context_529,"In particular during family gatherings (such as funerals), where there are different customs.","Family gatherings, such as funerals, often involve various customs that can differ significantly depending on cultural, religious, or regional traditions. It's important to be aware and respectful of these differences to honor the significance of the occasion and to support family members appropriately during these times."
context_530,"In the last ten months, I've been kicked out, moved around three times, worked many jobs, stopped school to make money, had dad and mom get sick, was cheated on while pregnant, lost my baby, had relationship issues, and was betrayed. I can't get a job. I have no friends. I feel lonely and isolated. I've been dealing with all this by myself.","I'm truly sorry you're going through such a difficult time. It’s important to remember that you don't have to face these challenges alone. Reaching out to a counselor or therapist could provide support and help you process everything you're experiencing. Connecting with support groups, whether for grief, relationship issues, or job searching, might also help reduce feelings of isolation. If possible, try to find small ways to take care of yourself each day, and know that seeking help is a sign of strength, not weakness. You're not alone, and there are people and resources that want to support you."
context_531,"In the past year, two of my best and only close friends moved to different states. Now I have nobody to hang out with. I'm always alone, and I honestly haven't hung out with anyone since they left. I'm super lonely. What should I do to make new friends? Because they moved and I have no friends now, I think I'm falling into a depression or something. I just need help.","I'm sorry you're feeling this way. Making new friends can be challenging, but here are some steps that might help:

1. **Join Groups or Clubs:** Look for local clubs, hobby groups, or classes that interest you—whether it’s sports, arts, gaming, or volunteering. Shared interests make it easier to connect.

2. **Attend Community Events:** Check out community centers, libraries, or local events to meet new people in a relaxed environment.

3. **Use Social Apps:** Apps like Meetup or Bumble BFF are designed to help people make new friends.

4. **Reach Out Gradually:** Start with casual conversations with coworkers, neighbors, or classmates to build connections over time.

5. **Consider Talking to a Professional:** Since you mentioned feeling like you might be falling into depression, it could be helpful to speak with a counselor or therapist who can provide support and coping strategies.

Remember, building friendships takes time, and it's okay to start small. Taking steps to care for your mental"
context_532,"In this argument my friends are all against me so I'm wondering if I'm exaggerating my feelings. I feel like I'm being attacked and that is making me blow things out of proportion and taking the role of the victim, when in reality I'm the one being unreasonable and I am simply annoying my reasonable friends. Or are they really being insensitive and not respecting me in our friendship?","It sounds like you're experiencing a conflict where your feelings and perspective differ significantly from your friends'. It's important to recognize that feeling attacked can heighten emotional responses and make situations feel more intense. To understand whether you're exaggerating or if your friends are being insensitive, consider having an open and calm conversation with them. Express how you feel without assigning blame and ask for their honest perspective. Reflect on whether your reactions might be influenced by emotions and try to identify specific behaviors that bother you. Mutual respect involves both sides listening and validating each other's feelings. If your friends dismiss your feelings consistently, that could indicate insensitivity; if they respond thoughtfully, it may help you see the situation more clearly. Ultimately, honest communication and empathy from all involved are key to resolving these doubts."
context_533,"Is it a type of fetish, or is it normal?","Without specific details about the behavior or interest in question, it's difficult to determine whether it qualifies as a fetish or is considered within the range of normal preferences. Fetishes are generally defined as intense sexual fixation on a specific object, body part, or activity that is necessary for sexual arousal. Many interests and behaviors fall along a spectrum of normal human sexuality. If the interest causes no harm and is consensual, it can be considered a normal variation of sexual expression. If you provide more details, a more precise answer can be given."
context_534,"Is it normal for people to cry during therapy, or is it just me?","Yes, it is completely normal for people to cry during therapy. Therapy often involves exploring deep emotions and personal experiences, which can naturally bring up feelings that lead to crying. It’s a healthy and common part of the healing process."
context_535,Is this something I should be worried about? Should I do something about it?,"I don’t have enough information to determine if this is something to be worried about or if any action is needed. Please provide more details or context so I can assist you better. If this relates to a health, safety, or urgent issue, consider consulting a professional promptly."
context_536,"It happens especially at me and my sister, and then she gets emotional and brings up the past. How should I deal with it? She is always stressed about her work and doesn't put her family first.","When your sister gets emotional and brings up the past during conflicts, it's important to remain calm and listen empathetically without escalating the situation. Acknowledge her feelings but gently steer the conversation toward resolving the current issue rather than rehashing old ones. Since she is stressed about work and may be neglecting family, try to have a compassionate conversation at a calm moment, expressing your concern for her well-being and the family relationship. Encourage open communication and suggest finding ways to support each other better, perhaps helping her manage stress or setting aside dedicated family time. If conflicts persist, consider setting boundaries about when and how to discuss sensitive topics to maintain a healthier relationship."
context_537,"It takes me a long time to fall asleep; I’d estimate about two hours. I often have nightmares, starting with being eaten by a monster, and I often wake up frightened and unable to breathe. I believe I started losing sleep after breaking up with a girlfriend of 8 years. Also, my father’s business went bankrupt and my mother has a chronic condition. I was under a lot of stress, and life lost meaning. After improving my life and developing a habit of running and exercise to release stress, my symptoms improved. However in the past couple months, I started losing sleep again and having nightmares without warning. How can I solve this issue?","Given your history of prolonged sleep onset, nightmares, stress related to significant life events, and recent recurrence of sleep difficulties despite previous improvement, it would be helpful to approach this issue comprehensively:

1. **Evaluate Current Stressors:** Reflect on any new or ongoing stress or emotional challenges that may have emerged recently, as these can trigger sleep disturbances and nightmares.

2. **Maintain Healthy Sleep Habits:** Continue your exercise routine, ideally earlier in the day, and establish a consistent sleep schedule. Minimize screen time and stimulating activities before bedtime.

3. **Practice Relaxation Techniques:** Consider incorporating calming activities before sleep such as deep breathing exercises, meditation, or progressive muscle relaxation to reduce anxiety and promote relaxation.

4. **Assess Mental Health:** Since nightmares and sleep problems can be linked to anxiety, depression, or post-traumatic stress, consider consulting a mental health professional for evaluation and support.

5. **Limit Stimulants and Alcohol:** Avoid caffeine, nicotine, and alcohol especially in the hours leading"
context_538,"It was over 20 years ago, but the pain has resurfaced again now because I have started seeing her Facebook posts about how great her life is. I feel so angry. How can I handle this?","It's natural to feel anger when past pain is triggered by seeing someone's seemingly happy life online. To handle this, try limiting your exposure to her posts by unfollowing or muting her on Facebook, which can help reduce emotional triggers. Reflect on your feelings by writing them down or talking to a trusted friend or therapist to process the anger and understand its roots. Focus on your own growth and happiness by engaging in activities that bring you joy and fulfillment. Remember, her posts reflect only parts of her life and don’t diminish your worth or healing journey. Practicing mindfulness or relaxation techniques can also help manage intense emotions when they arise."
context_539,"It's been almost a year since my ex-boyfriend broke up with me after he cheated on me many times. I had found out about a month before, but I hadn't told him I knew because I didn't want us to break up. I used to have very low self-esteem, and I think it might have to do with my dad being an alcoholic. My father cheated on my mother when I was little. I wonder if this pain has to do with that. My ex-boyfriend and I were only dating for five months, but I still can't get over this betrayal. I'm not sure what to feel to get over it: forgiveness? Hate? He helped me financially after our break up by lending me $3000, so I'm grateful for that. I still hate him for what he did and still want him to like me although we're not even talking anymore. We follow each other on Instagram and that's it. I feel like I still need his validation. This is haunting me day and night. I want to focus on my new relationship and goals, but I keep obsessing over this and keep checking my ex-boyfriend's Instagram and Facebook. I feel so bad and keep having nightmares.","It’s understandable that you’re still struggling with the pain from your past relationship, especially given the betrayal you experienced and the complex feelings tied to your family history. Healing from infidelity and emotional wounds takes time, and your ongoing attachment and need for validation from your ex are common reactions to that deep hurt and broken trust.

Recognizing that your low self-esteem may be linked to childhood experiences with your father is an important insight. These early experiences can influence how you handle relationships and personal worth. It might help to work through these feelings with a therapist, who can support you in building self-esteem, processing betrayal, and developing healthier coping mechanisms.

For now, consider setting boundaries with social media—limiting or taking breaks from checking your ex’s profiles—to reduce the cycle of obsession and distress. Focusing on self-care, nurturing your new relationship, and pursuing your personal goals can help redirect your energy toward healing and growth.

Remember, forgiveness doesn’t mean forgetting or excusing what happened; it’s more"
context_540,"It's been like a couple of years that I've been feeling like this. I don't want to self-diagnose, but I get so sad and cry and then I feel better. But then I get upset with people so quickly, and I hurt their feelings. It's this constant rollercoaster, and it's hard.","It sounds like you’re going through a really challenging time with intense and fluctuating emotions. Experiencing sadness, irritability, and mood swings over an extended period can be difficult to manage alone. It might be helpful to reach out to a mental health professional who can provide support, help identify what you’re experiencing, and work with you on strategies to feel more stable and understood. Remember, seeking help is a strong and important step towards feeling better."
context_541,It's especially bad at night time. I am scared of sleeping alone.,"I'm sorry to hear that you're feeling scared to sleep alone at night. It might help to create a calming bedtime routine, like listening to soothing music or using a night light. If these feelings continue, consider talking to a trusted friend, family member, or a mental health professional who can provide support and guidance. You're not alone, and help is available."
context_542,"It's not entirely true to say I enjoy being sad, but I always find a way to feel that way. I listen to sad music, read tragic stories, and, in a twisted way, like how bad it makes me feel. I focus on negative aspects of my life even if they aren't legitimate or I just make it seem negative.","It sounds like you have a complex relationship with sadness, where you might be drawn to negative emotions because they feel familiar or intense in a way that you find meaningful. This pattern of focusing on negative aspects, even when they aren't fully accurate, can sometimes become a coping mechanism or a way to make sense of your feelings. If this tendency is causing distress, exploring these emotions with a mental health professional could help you understand and find healthier ways to engage with your feelings."
context_543,It's really hard to not have negative feelings about friends who don't put any effort into nourishing our relationship.,"It's understandable to feel hurt or frustrated when friendships feel one-sided. Relationships thrive on mutual effort, and when that balance is lacking, it can impact your emotional well-being. It might help to communicate your feelings honestly with your friends, set boundaries to protect your energy, and focus on investing time in those who value and reciprocate your efforts. Remember, it's okay to prioritize friendships that nurture and support you."
context_544,"It's the way my mom said I was worth nothing, stupid, no point of being in school. I'm ""lazy little fat.""","I'm really sorry you're feeling this way. Remember that your worth is not defined by what anyone else says, especially hurtful words from others. You deserve kindness and respect, and there are people who care about you and want to support you. It might help to talk to a trusted friend, counselor, or therapist about how you're feeling. You're not alone."
context_545,"Ive been in an on an off relationship with a this man for almost 3 years. Even though I care about him, he continues to hurt me.    He and his wife were separated when we met. Now he's going through a really difficult divorce from her and is taking it really hard. I want to end this relationship, but I don't feel like I can. How can I let go?","Letting go of a relationship that has hurt you, especially one intertwined with complex situations like divorce, can be challenging but is essential for your well-being. Start by acknowledging your feelings and the impact the relationship has on you. Set clear boundaries for yourself—remind yourself why the relationship hurts and why ending it is necessary. Seek support from trusted friends, family, or a counselor to help you process your emotions and reinforce your decision. Focus on activities that build your self-esteem and independence. Remember, letting go is a process that takes time, and prioritizing your emotional health is a vital step toward healing and finding peace."
context_546,"I’m a man, and I’m soon to be married. I have been messing around with other men on the side. It started as a once in a while thing, but it’s been happening a lot. I don't know what to do.","It's important to reflect honestly on your feelings and what you want for your future. Consider the reasons behind your behavior and whether it aligns with your commitment to your upcoming marriage. Open and honest communication with your partner is crucial—though difficult, it can help you both understand each other’s feelings and expectations. If you're struggling to sort through these emotions on your own, seeking support from a counselor or therapist experienced in relationships and sexuality can provide guidance and clarity."
context_547,"I’m a senior high school student. I’m also five months pregnant. I got pregnant by my boyfriend of three years. My parents don’t want us to communicate with each other. He can’t even come to visit my gynecologist. My mom goes to attend all of my doctor’s appointments. She’s supportive of me. I wish, though, that my boyfriend was next to me and be able to see his daughter on a sonogram, at the very least. My family does not understand that he deserves that much. I cry all the time because I feel lost and hopeless.
 I need guidance and I believe that you can give it to me. Am I wrong for wanting him around? Are they right for keeping him away from the appointments and not letting us communicate with each other even though we are the parents? I do everything that they ask of me. I just want him to be around. When I ask my parents to let him be here, they call me a selfish person. Please help me.","You are not wrong for wanting your boyfriend to be involved in your pregnancy and to share important moments like doctor’s appointments. As the parents of your child, both of you have a right to be part of this experience. It’s understandable that you feel lost and hopeless when you are being kept apart from someone important to you and your baby.

Your parents may be acting out of concern, but excluding your boyfriend completely can cause emotional pain and may not be in the best interest of everyone involved, especially the child. Open communication and mutual respect are important. It could help to calmly express to your parents how much his involvement means to you and to ask if there is a way to have supervised visits or joint appointments that make them feel more comfortable.

Seeking support from a trusted adult counselor, a school social worker, or a pregnancy support organization can also provide guidance and help mediate between you, your parents, and your boyfriend. Remember, wanting your boyfriend’s presence is natural and a sign of wanting support and"
context_548,"I’m a teenager. My entire family needs family therapy, and more than likely individual therapy. My parents refuse to take action, and I'm tired of it. Is there any way I can get out of this myself?","I'm sorry you're going through this. As a teenager, your options may be limited depending on your age and where you live, but there are steps you can take:

1. **Seek individual therapy yourself:** Many places allow minors to access counseling or mental health services without parental consent, especially if you're over a certain age (often 12-14). You can look for local youth counseling centers, school counselors, or mental health clinics that offer confidential support.

2. **Talk to a trusted adult:** This could be a school counselor, teacher, or family friend who can help you find resources or advocate on your behalf.

3. **Use helplines and online resources:** There are confidential helplines and online chat services where you can get advice and support.

4. **Know your rights:** Depending on where you live, laws about consent to mental health services vary. Research local laws to see if you can legally seek therapy on your own.

Taking these steps can help you get the support you"
context_549,I’m facing severe depression and anxiety and I just feel like I’m going through a lot. This really distracts me and I cant get my mind off the things that are bothering me.    How do I overcome this anxierty and depression?,"I'm sorry you're going through this. It can help to reach out to a mental health professional who can provide support and treatment tailored to you. Additionally, try to practice self-care by maintaining a regular routine, getting enough sleep, eating balanced meals, and engaging in physical activity. Techniques such as mindfulness, deep breathing exercises, or journaling may also help manage anxious thoughts. Connecting with trusted friends or family members and sharing how you feel can provide relief. Remember, recovery takes time, and seeking help is a strong and important first step. If your feelings become overwhelming or you have thoughts of harming yourself, please seek immediate professional help or contact a crisis helpline."
context_550,"I’m in a relationship with my child's father. I’m a really jealous person. We don’t go out or do anything with other people because of me. To keep our relationship going, I know I have to stop being jealous, but I can’t. How can I get over these issues?","Overcoming jealousy involves understanding its root causes and actively working on building trust and self-confidence. Here are some steps that might help:

1. **Reflect on the Cause:** Identify what triggers your jealousy. Is it fear of losing your partner, past experiences, or low self-esteem?

2. **Communicate Openly:** Share your feelings with your partner honestly but calmly, so they understand your struggles without feeling blamed.

3. **Build Trust Gradually:** Trust is developed over time through consistent, positive experiences. Allow yourself to see your partner’s reliability and commitment.

4. **Work on Self-Esteem:** Engage in activities that make you feel confident and fulfilled outside the relationship, which can reduce insecurity.

5. **Set Healthy Boundaries:** Agree with your partner on boundaries that make both of you comfortable while also allowing some independence.

6. **Seek Professional Help:** Consider speaking to a therapist or counselor who can provide strategies to manage jealousy and improve your relationship dynamics.

7. **Practice Mind"
context_551,"I’m in love with my friend who is also a girl. I fell in love with her in a few months. That was my first love. We used to talk for the whole day and night over the phone and on Facebook. I thought she had the same feelings for me, but I was wrong. I always wanted to touch her warmly and stay with her all my life. But all my dreams get broken apart after she got into a relationship with a guy. I’ve tried to be in relationship with guys, but I can’t be in love with them.","It sounds like you're experiencing a lot of pain from unrequited love and the challenges of understanding your own feelings. It's completely natural to feel heartbroken when someone you care deeply about loves someone else. Your feelings for your friend are valid, and discovering your sexual orientation can sometimes be confusing, especially when trying to fit into societal expectations. It’s important to be gentle with yourself during this time. Surround yourself with supportive friends or communities where you can express yourself openly. Remember, love and happiness can come in many forms, and being true to who you are is essential for finding meaningful and fulfilling relationships in the future. If you ever feel overwhelmed, consider reaching out to a counselor or support group that understands LGBTQ+ experiences—they can offer guidance and comfort as you navigate your feelings."
context_552,"I’m in my early 20s. My ex’s parents are friends with them and have told them bad things about me. I left my ex due to an abusive situation, and they are making me look like I was the bad one.","I'm sorry you're going through this difficult situation. It's important to prioritize your well-being and stay safe. Consider setting clear boundaries with your ex and their family to protect yourself from further negativity. Surround yourself with supportive friends and family who understand your experience. If possible, seek counseling or support groups for survivors of abuse to help process what you've been through. Remember, your perspective and feelings are valid, and you deserve respect and healing."
context_553,"I’m trying to make marriage work after a split. Before our split, he lied a lot and broke every promise to me. I don't think he cheated. Last month, I asked what women work with him, so he told me. Yesterday, I found out about a girl that he said he forgot about. Should I be upset?","It's understandable to feel upset in this situation. Trust is a crucial part of rebuilding a relationship, especially after past dishonesty. If he told you he forgot about a woman and you later found out otherwise, it could feel like a betrayal or a sign that he's not being fully honest. It might help to have an open and honest conversation with him about how this makes you feel and why transparency is important for you moving forward. Your feelings are valid, and addressing these concerns together can support the healing process."
context_554,I’ve been in a long distance relationship with my girlfriend for just over a year. This past week she admitted to me that she has feelings for another guy. She says it’s “just a crush” but I don't know how to cope with it.    How should I deal with this?,"It's natural to feel hurt and uncertain when your partner shares feelings for someone else, especially in a long-distance relationship. First, allow yourself to acknowledge your emotions—it's okay to feel upset or confused. Open and honest communication with your girlfriend is crucial; talk about what this means for both of you and the future of your relationship. Consider discussing boundaries, expectations, and how to rebuild trust. It might also help to focus on strengthening your connection despite the distance, through regular communication and shared activities. If coping becomes overwhelming, seeking support from close friends, family, or a counselor can provide additional perspective and comfort. Remember, prioritizing your emotional well-being is important as you navigate this situation."
context_555,"I’ve been on 0.5 mg of Xanax twice a day for the past month. It hasn't been helping me at all, but when I take 1 mg during a big anxiety attack, it calms me down. I was wondering how I can ask my psychologist to up the dose to 1 mg twice a day without her thinking I'm abusing them. I just have very big anxiety attacks. Should I stay on the 0.5mg and deal with the attacks or should I ask to up the dose? I'm afraid she will take me off them and put me on something else.","It's important to have an open and honest conversation with your psychologist about how your current dose of Xanax is affecting you. You can explain that while 0.5 mg twice daily isn't managing your overall anxiety effectively, taking 1 mg during severe attacks helps, indicating that a higher regular dose might be more beneficial. Frame it in terms of seeking the most effective treatment for your symptoms, rather than focusing on the dosage increase alone. Your psychologist's priority is your well-being, and discussing your experience can help her make an informed decision about adjusting your medication or exploring other options. Avoid self-adjusting your dose without professional guidance."
context_556,"I’ve been with my boyfriend for a year and a half. He loves me a lot, and I love him. It hurts to be apart from him for so long. It hurts all over, and then I feel like it won't last.","Being apart from someone you love deeply can be really painful and challenging. It's natural to feel hurt and uncertain about the future during times of separation. To help cope, try to maintain open and honest communication with your boyfriend, share your feelings, and find ways to stay connected emotionally despite the distance. Focusing on the strength of your relationship and the love you share can provide reassurance. Also, taking care of yourself—through activities you enjoy, support from friends or family, and self-care—can help manage the emotional pain and build resilience until you’re together again. Remember, many couples overcome periods of separation and grow stronger through the experience."
context_557,"I’ve known my boyfriend for several years. We were friends for a long time. In 2013 we started a relationship, and he even asked me to move in with him since I lived out of state. I planned to move in with him in 2014 after I finished school and he found a job. However, during this time we had a few arguments and broke up with each other for a short period of time. We decided later to make it work. Shortly after, I found out that I was pregnant. I wanted to tell him during his next visit. However, he never came to see me and instead asked me for money. After I gave him money, he quit answering my phone calls and texts.    Soon after, I experienced a miscarriage. I texted him about what had happened, and he didn’t seem to care. I was extremely hurt by this. I still decided to move back as I had originally planned. He helped me with the move and replaced the money I had lent him. During this time, I asked if he wanted to be in this relationship because I needed to know. Although he says he did, I hardly ever see him. He never got a job, which was in the original plan.    After that, we both started seeing other people for a short amount of time but once again got back together. Once we got back together, I cut all ties with the former relationship I had been in. I thought he had too. But I found out that he did not attempt to do as I did and was still talking with another woman. In fact, he had even sent inappropriate pictures to her. When I confronted him about this, he wasn’t apologetic. He said that he only did it to get even with me and was actually mad at me for looking through his phone. He even closed his car window on my finger and tried to throw me out of his car. I don’t know what to do.","You are experiencing a deeply unhealthy and emotionally abusive relationship. His lack of support during your pregnancy and miscarriage, ongoing dishonesty, disrespectful behavior, and physical aggression are serious red flags. It’s important to prioritize your safety and well-being. Consider seeking support from trusted friends, family, or a professional counselor. You might also want to explore resources for domestic abuse if you feel threatened or unsafe. Ending this relationship and focusing on your own healing and happiness may be the best course of action."
context_558,"Just wondering if this is a deviant act, and if I should be concerned for him. He isn’t quite 10.","Without additional details about the specific behavior you’re referring to, it’s difficult to determine if it is a deviant act or a cause for concern. If the behavior is unusual, harmful, distressing, or significantly different from typical childhood actions, it may be worth consulting a child psychologist or pediatrician for a professional evaluation and guidance."
context_559,"Last year, I just always felt hopeless. I don't have a great relationship with my sister. I lost my mother recently, and that really added to my sadness. My sister always brings up how I was never close to my mother.",I'm sorry you're going through such a difficult time. Losing your mother and feeling distant from your sister can be really painful. It might help to reach out to a counselor or support group where you can express your feelings and find some comfort. Remember to be gentle with yourself as you navigate these emotions.
context_560,"Maybe this is a stupid question, but I sometimes don't know what's real or not. If feel at times like everyone's lying. How do I know if God is one of those lies?","It's natural to question what is real, especially when you feel uncertain or surrounded by doubt. Belief in God often comes down to personal experience, faith, and reflection rather than absolute proof. You might find it helpful to explore your feelings, seek out conversations with trusted people, or spend time in quiet reflection or prayer to understand what resonates with you personally. Remember, it's okay to have doubts; questioning can be a meaningful part of finding your own truth."
context_561,"Me and my adult daughter just do not get along. She's very belittling to me when I don't agree with her. It's almost like she scolds me. We get into all out war. She's said I don't support her in what she does and that I've never loved her. She calls me horrible names, and she pushes my buttons to the point I call her names.",I'm sorry you're experiencing such a difficult and painful relationship with your daughter. It might help to seek family counseling or mediation with a professional who can facilitate healthier communication between you both. Setting clear boundaries about respectful behavior and expressing your feelings calmly could also improve interactions over time. Taking care of your own emotional well-being during this is very important.
context_562,"Me and my girlfriend just broke up. She said she loves me but is not in love anymore. This came out of nowhere. We seemed so happy together. It all started when she went to Missouri to visit her family. The first week she was there she was fine then once she went to this one sister’s house everything changed. That's when she told me she loved me but was not in love with me anymore. I thought maybe it was just because she missed her family and she just wanted to be home because she told me that she could not leave them again. Then she told me to come to her in Missouri. So that's what I did. I quit my job I dropped everything, said goodbye to my family in Florida and drove 15 straight hours to be with her. Once I got there everything was fine again.  She apologized for everything and said she didn't mean any of it then we were good for about a week. Then she went back to saying she didn’t love me anymore and had no feelings for me. The only thing that really gets me and makes me not want to accept this is that now she is pregnant. This wasn’t an accident. We were trying to get pregnant, so all this is hard to accept. I love her so much. I have never been bad to her. I've treated her the best I can. I wanted her to be my wife. I was going to propose to her when she got back. Now I'm losing my family and my mind. I don't know what to do.","I'm really sorry you're going through this. It’s incredibly painful to face a breakup, especially when you still love her and have a child on the way together. Right now, focus on taking care of yourself emotionally and physically. Consider seeking support from close friends, family, or a counselor who can help you process these feelings and offer guidance. Communicate openly and calmly with her about your concerns, especially regarding the pregnancy, as co-parenting and mutual respect will be important regardless of your relationship status. Remember, healing takes time, and while it’s hard, prioritizing stability for yourself and your future child is crucial."
context_563,Me and the father of my child have been dating for a year. We had a big argument and at first he wanted to work it out. But with time he started asking others and they told him to leave me. Now he wants me to wait on him to mature. He wants to talk to other people. Then come back in four years. He doesn't want to deal with me while I'm pregnant. He doesn't take me to the doctor or anything. I feel alone. How do I handle this situation?,"I'm sorry you're going through this difficult time. It's important to prioritize your well-being and the health of your baby. Consider reaching out to supportive friends, family members, or a counselor who can provide emotional support. If possible, connect with prenatal care services on your own to ensure you and your baby receive proper medical attention. Remember, you deserve respect and care, especially during pregnancy. If your partner is unwilling to support you now, focus on building a strong support system around you and making decisions that protect your and your child's health and safety."
context_564,"My best friend and I were pranking her friend, and I told her to tell him that she likes him. She said no, but I forced her. After she told him, he told her that he likes her too. Their friendship is ruined because of me. She won't forgive me, and I feel really guilty. I feel like crying.","It's understandable that you feel guilty, but the best step now is to sincerely apologize to your best friend and acknowledge how your actions affected her. Give her some space and time to process, and show through your actions that you respect her feelings. Learning from this experience can help you build stronger, more honest friendships in the future. Remember, everyone makes mistakes, and taking responsibility is an important part of healing."
context_565,"My best friend and I've been really close for almost three years. She lives in the UK, and I live in the US. Ever since her boyfriend flew from Oregon to Scotland, I've been angry at him. Ever since he came into her life, he took her away from me. My best friend would always say sorry, and I'm sick of it.","It sounds like you're feeling hurt and left out because your best friend's relationship has changed the dynamic between you. It's natural to feel upset when someone you care about becomes less available, especially when they start spending more time with a new partner. It might help to have an open and honest conversation with your friend about how you're feeling—expressing your feelings without blame can strengthen your connection. Also, finding new ways to stay connected, like scheduling regular calls or virtual hangouts, could help maintain your close bond despite the distance and changes. Remember, friendships can evolve, but they can still remain meaningful."
context_566,"My boss took over some work I'd begun. Concerned that she had doubts about my work, i asked her for feedback. I assured her that I did my utmost for customer service, and asked if I was deficient. She then said this was me being co-dependent.","It sounds like your boss interpreted your request for feedback and reassurance as a sign of co-dependence, which typically refers to excessive reliance on others for approval or validation. While seeking feedback is generally positive, it may help to focus on building confidence in your own work and framing questions in a way that emphasizes growth and improvement rather than reassurance. This approach can demonstrate professionalism and self-assurance, potentially addressing her concerns."
context_567,"My boyfriend and I have a terrible sex life after three years of dating, and I don't know what to do. I have this lingering fear of pain during sex after having two partners previously who weren't careful. How can I stop projecting this onto my current boyfriend?","It's important to acknowledge your fears without letting them define your current experience. Start by having an open and honest conversation with your boyfriend about your past and your concerns, so he understands where you're coming from. Consider exploring gentle and gradual intimacy at your own pace to rebuild trust in your body's responses. You might also benefit from working with a therapist or sex counselor who can help you process past trauma and develop coping strategies. Practicing mindfulness and relaxation techniques during intimacy can reduce anxiety and help your body feel more comfortable. Remember, healing takes time, and prioritizing communication and self-compassion can improve your sex life."
context_568,"My boyfriend and I have a toxic relationship due to his emotional and verbal abuse but he makes me feel like I could never find someone better, and that I can't be happy without him.
   How do I get away from this relationship?","Leaving a toxic relationship can be challenging, especially when emotional manipulation is involved, but your well-being and happiness are the priority. Here are steps to help you safely get away:

1. **Acknowledge the Abuse:** Recognize that emotional and verbal abuse is not your fault and that you deserve respect and love.

2. **Build a Support System:** Reach out to trusted friends, family members, or a counselor who can offer emotional support and practical help.

3. **Plan Your Exit:** If you live together, consider arranging a safe place to go when you leave. Pack essentials and important documents discreetly if needed.

4. **Set Boundaries:** Limit contact with your boyfriend, and be firm about your decision to end the relationship.

5. **Seek Professional Help:** A therapist or counselor can help you process your feelings and rebuild self-esteem.

6. **Consider Safety:** If you fear for your safety, contact local domestic violence resources or authorities for assistance.

7. **Focus on Self"
context_569,My boyfriend and I have been arguing every night about the same thing. He also tells me that if I go visit my mother out of state he will be gone when I get back. He and my mother do not get along. What should I do?,"It’s important to address the ongoing arguments and the tension between your boyfriend and your mother. Try having an open, calm conversation with your boyfriend about why he feels this way and how it affects you. Setting clear boundaries about your relationship with your family is important. If the conflicts continue and he uses the threat of leaving as a way to control you, consider whether this relationship is healthy and supportive for you. Seeking guidance from a trusted friend, counselor, or therapist might help you navigate these challenges and make decisions that prioritize your well-being."
context_570,"My boyfriend and I have been dating for almost 2 years. I've been really sad lately and for the past few months I've realized I'm just way too dependent on him. It makes me really upset to be so dependent on someone else, but I can't help it. I don't even know who I am without him.
   How can I be less dependent on my him?","It's great that you recognize this and want to work on it. To become less dependent on your boyfriend, start by focusing on building your own identity and independence. Try exploring hobbies or interests that you enjoy on your own, setting personal goals unrelated to the relationship, and spending time with friends or family independently. Practicing self-care and self-reflection—like journaling or mindfulness—can help you reconnect with your own feelings and needs. Consider working on your self-confidence by celebrating small achievements and making decisions by yourself. If these feelings feel overwhelming, talking to a therapist can provide support and strategies to develop a stronger sense of self. Remember, it's okay to rely on your partner sometimes, but nurturing your individuality will make both you and your relationship stronger."
context_571,"My boyfriend and I have been dating for almost a year. We go to different schools, and we don't see each other that often. I just feel very paranoid that there's someone else or that he could be hiding something from me.","It's natural to feel insecure sometimes, especially in a long-distance relationship where you don't see each other often. To address your feelings, try having an open and honest conversation with your boyfriend about your concerns. Building trust through communication can help reduce paranoia. Also, focus on strengthening your connection when you do spend time together and consider setting regular check-ins to stay connected. If these feelings persist, reflecting on the root of your insecurity and possibly talking to a counselor might help."
context_572,"My boyfriend and I have been disagreeing on a lot lately. It's really coming down to the fact that we want opposite things sometimes. I do a lot for him: I take care and protect him, and in the end, he still doesn't trust me. We've both come to the conclusion that when I want something and he doesn't want it, he's not willing to find a happy medium whatsoever. It's just non-negotiable. I'm not sure what to do honestly. He doesn't trust me as much as I wish he did. Honestly, sometimes I feel like his enemy, and it kills me.","It sounds like you're experiencing a challenging dynamic where your efforts to care for and protect your boyfriend are met with a lack of trust and unwillingness to compromise. Feeling like your needs are dismissed and that you're viewed as an adversary is deeply painful. Healthy relationships require mutual trust, respect, and the ability to find middle ground. It might help to have an open, honest conversation focused on how these patterns impact you emotionally, and to express your need for trust and collaboration. If these issues persist without change, considering couples counseling or reflecting on whether this relationship meets your emotional needs and well-being could be important steps. Your feelings are valid, and you deserve a relationship where you feel valued and supported."
context_573,"My boyfriend and I have been going out for about a year. I suddenly find myself jealous when I see him talking to other girls. I have never been this way before. I don't like these feelings. He said that my jealousy would cause our relationship to have problems. I told him I can't help these feelings. I don't know where they are coming from, but this is how I feel, I tried to stop, but I can't. I really like this guy, but I'm afraid that I'm messing up the relationship. It's just stupid.","It's normal to experience new feelings like jealousy in a relationship, especially as emotional investment grows. These feelings don't make you ""stupid"" or mean you're ruining the relationship, but it's important to understand and manage them. Try reflecting on what might be triggering your jealousy—is it fear of losing him, past experiences, or insecurity? Communicating openly with your boyfriend about your emotions, while reassuring him of your trust, can help. Additionally, focusing on building your self-confidence and perhaps talking to a counselor or therapist might assist you in coping with these feelings in a healthy way, so they don't harm your relationship."
context_574,"My boyfriend and I have been together for five years now. Throughout the entire first day that we met, he and I had the opportunity to interact quite a lot and instantly sparked a deep connection with one another. That same night, he and a friend stayed over at my house (without my mom's acknowledgment) and we kissed. The next two days were a repetition of the first day. On the third night, my mother finally caught us, and I was kicked out of my house. I left with him of course, and we went from meeting each other to being like a married couple. It was very hard for us. His stepdad also kicked him out of his home, and we were staying at cheap hotels and friend's houses with the little money we had. I quit my job and dropped out of school because it was hard to do anything without a stable home. There were times when we had nowhere else to go but sleep in the car outside a Walmart parking lot. Our honeymoon stage, as they call it, probably only lasted one month. After that, it was a downward spiral. We were constantly arguing about money, food, and our families. We kept having the famous ""you're doing it wrong—do it this way"" argument. After six months, we moved across the country only to live the same thing, and that's when the violence started. One afternoon, after a serious argument, he got into his truck and threatened to leave me. I was frightened that he would actually go through with his word, given that we had just moved to a place where we knew no one. He told me to let him leave or he would hit me. He had once promised he would never touch me, so I challenged him to do it. He slapped me, and ever since that time, when we have serious fights, he loses control and hurts me. I haven't had the courage to leave him, and there's really nothing stopping me now. I don't live with him, I don't depend on him, and we don't have children. We both haven't been able to let go of that deep connection that we still have and that has been damaged so badly. He always apologizes, and at the beginning, he was more willing to change. Now he just wants me to understand why he does it and how I don't ever make the effort to try to be okay. I've read enough about domestic violence to know that it's not my fault that he loses control, so that's not even an issue for me. I know he has to change that on his own. I just want to know if there's people who have gone through this and had the tables turned? Is there hope for a better future together?","Thank you for sharing your story—what you've described is a serious and painful situation involving domestic violence. It's important to recognize that physical abuse is unacceptable, and no one deserves to be hurt by someone they love. While the deep connection you feel is real, abuse damages relationships profoundly and can escalate over time.

There are some people who have experienced abusive relationships where the dynamics changed, often through the abuser seeking professional help, fully acknowledging their behavior, and committing to long-term change. However, this requires consistent accountability, counseling, and often outside intervention. Your safety and well-being must be the priority. 

If you are considering whether to stay or leave, it can help to reach out to a trusted counselor, domestic violence support group, or a hotline in your area. They can provide guidance tailored to your situation, help you build a safety plan, and support you emotionally. Remember, hope for change exists, but it depends on your partner’s genuine commitment and on you feeling safe and respected.

Ultimately"
context_575,"My boyfriend and I have not had sex in a couple of weeks. He had to have a cyst removed on his testicles. I have been wanting to have sex with him for a while now, and it drives me crazy not to be able to make love to him. I'm scared to touch him and get close to him because I'm afraid that I will hurt him.","It's understandable to feel conflicted after your boyfriend's surgery. The best approach is to communicate openly with him about your feelings and concerns. Ask him how he's feeling physically and emotionally, and whether he's ready for intimacy. Letting him guide the pace will help ensure you don't unintentionally cause pain. Showing affection in non-sexual ways—like hugging, kissing, or gentle touch—can help maintain closeness without risk. Patience and understanding during his recovery will strengthen your connection and create a safe space for both of you."
context_576,"My boyfriend and I recently broke up. One week, we were fine, and the next, he told me he needed space. He completely deleted me out of his life. He does have an opiate addiction. He claimed he was sober, but since we've split, I've heard many lies from him. Could he be using again, and does this addiction affect the mind?","Yes, it is possible that he could be using again, especially given the sudden change in behavior and the lies you've noticed. Opiate addiction often involves cycles of relapse and recovery, and addiction can significantly affect a person's thinking, decision-making, and honesty. Substance use can lead to changes in the brain that impact emotions, judgment, and behavior, which might explain the sudden need for space and removing you from his life."
context_577,My boyfriend called me a particular profanity and I broke up with him. This is the third time he's called me this and I'm just completely done with giving him chances. He knows how much it bothers me. I just want to know if I'm over reacting.,"You are not overreacting. It's completely understandable to end a relationship when your partner repeatedly uses language that hurts you, especially after you've communicated how much it bothers you. Respect and kindness are fundamental, and no one deserves to be spoken to in a way that causes emotional pain. Prioritizing your well-being by setting boundaries is healthy and important."
context_578,My boyfriend can't get over my promiscuous past. He says he loves me but says the thought of my past is disgusting and a sexual distraction. He says he should have had more sex with different people. I don't know how to handle this.,"It's important to have an open and honest conversation with your boyfriend about how his feelings are affecting both of you. Reassure him that your past doesn’t define your current relationship or your feelings for him. Encourage him to focus on building trust and intimacy in the present rather than dwelling on the past. If his feelings continue to cause distress or create tension, consider seeking couples counseling to help navigate these emotions together in a healthy way. Remember, a loving relationship should be based on acceptance and respect."
context_579,"My boyfriend has a child he gets every other weekend. He goes to see her twice a week or more. Every time she leaves, he gets into these funks like when his mom died. When she’s here, she’s disrespectful, and his answer is “Well, I don’t know what to tell you.” She swears and talks back, and he laughs. He and her mom have been apart for three years, and he blames her behavior on that and her being so young. We never have adult time when she’s not here. She’s the ""golden child,"" and he won’t listen to anyone.","It sounds like your boyfriend is deeply affected by the time apart from his daughter, which triggers intense feelings similar to grief, but he struggles with setting boundaries when she's with him. His tendency to excuse her disrespectful behavior by attributing it to their family situation or age, combined with laughing off her swearing and talking back, suggests he may be avoiding addressing discipline and structure. This dynamic is impacting your relationship negatively, especially since you rarely get uninterrupted adult time together. It might help to have an open, honest conversation about your needs and concerns, encouraging him to consider consistent boundaries with his daughter and making space for your relationship apart from parenting challenges. Couples counseling or family therapy could also provide support in navigating these complex feelings and improving communication."
context_580,"My boyfriend has this close female friend. It always bothered me because of how close they are, so I decided to meet her. That made the situation worse because they were even closer than what I thought. They acted like a couple rather than friends with each other. There was no physical interaction, but he talks to this girl a lot. What can I do? Leaving him isn't an option.",It's important to have an open and honest conversation with your boyfriend about how his close relationship with this female friend makes you feel. Share your concerns calmly and express your need for reassurance and boundaries that make you comfortable. Ask him to help you understand their dynamic and discuss what both of you consider appropriate in friendships outside your relationship. Building trust and setting clear expectations together can help alleviate your worries without jeopardizing your relationship.
context_581,"My boyfriend is always saying he's done with me and says he's leaving, but then at the end of the night, he's still here. He wakes up in the morning, acts like nothing happen, and repeats this every night.","It sounds like your boyfriend is expressing frustration or conflict repeatedly but isn't following through on his words. This pattern can be emotionally exhausting and confusing, as his actions don't match his statements. It may help to have an open and honest conversation about why he feels this way and what he truly wants from the relationship. Setting clear boundaries and expressing how this cycle affects you could also encourage more consistent and respectful communication between you both. If the pattern continues without improvement, consider seeking support from a trusted friend, counselor, or therapist."
context_582,"My boyfriend is in Ireland for 11 days, and I am an emotional wreck.","It's completely natural to feel anxious and upset when your boyfriend is away for an extended period. Try to keep yourself busy with activities you enjoy, stay connected through regular messages or calls, and remind yourself that the time apart is temporary. Focusing on self-care and maintaining a positive mindset can help ease the emotional strain until he's back."
context_583,My boyfriend is in recovery from drug addiction. We recently got into a fight and he has become very distant. I don't know what to do to fix the relationship.,"It's important to approach the situation with patience and empathy, especially considering your boyfriend's recovery journey. Give him some space to process his feelings, and when he seems open, gently express that you care about him and want to work through the issues together. Avoid pressure or blame, and focus on listening to his perspective. You might also consider suggesting couples counseling or support groups that specialize in relationships affected by addiction, which can provide tools to improve communication and rebuild trust. Taking care of your own emotional well-being during this time is equally important."
context_584,My boyfriend is seeking therapy. He is in his 40s and has some childhood issues. He has kids from his previous ex-wife and is unable to see them.,"It's positive that your boyfriend is seeking therapy, as it can help him work through his childhood issues and the emotional challenges related to not being able to see his kids. Therapy can provide him with coping strategies, emotional support, and guidance on managing relationships and possibly improving his situation with his children over time. Encouraging him to stay committed to therapy and be open during sessions will be beneficial for his healing and personal growth."
context_585,"My boyfriend lost his dad to suicide. He says that because his dad died, so did his heart. He says that he can't be there for me or love me anymore and wants nothing to do with me ever again. Why is he doing this when we were very happy together? He says that I have done nothing wrong but he just can't be with me.","Your boyfriend is likely overwhelmed by grief and emotional pain from losing his dad to suicide. His statement that ""because his dad died, so did his heart"" suggests he's experiencing deep sadness, possibly depression or emotional numbness. Even though he cares for you and acknowledges you have done nothing wrong, his internal struggle may be leading him to believe he can't love or be there for anyone right now. This doesn't reflect on your relationship but rather on his current mental and emotional state. It’s important for him to seek professional help to process his loss and cope with these feelings. Supporting him from a distance while encouraging him to get help might be the best approach."
context_586,"My boyfriend moved in with me a few months ago. I love him, but his dog is wrecking my house. Every day we get home, there is a huge mess on the floor, and several things will be ripped up (including the couch). He's slowly eating all of the doors, and there will be food and poop everywhere. Even though I come home during all of my breaks to take him out, he still poops and pees in the house every chance. I can't financially afford to have the dog wrecking my house. I've tried talking to my boyfriend about the dog to try and come up with a solution, but it never ends well. The dog is the only thing we fight about because I want him out of the house and my boyfriend doesn't want to see him go. It’s not the dog fault though; I understand that. The dog is only a year old, and he isn't a bad dog. He's just too big of a dog for where he is; he should be a farm dog instead of a town dog. I don't hate the dog, but I just can't afford to continue having my house torn to pieces.","It sounds like you're dealing with a very challenging situation balancing your relationship and the damage caused by the dog. Since the dog is young and likely has high energy and needs more exercise or mental stimulation than he's currently getting, one approach could be to explore training or behavioral help, such as a professional dog trainer or a behaviorist, who can provide strategies to manage his destructive behavior and housetraining issues.

If professional help isn't financially feasible or doesn't resolve the problem, having an open, calm conversation with your boyfriend about possible compromises is crucial. This might include finding alternative care for the dog during work hours (doggy daycare, pet sitter), investing in durable dog-proof furnishings, or even considering rehoming to a farm or more suitable environment if that's ultimately best for the dog's wellbeing and your living situation.

Prioritize clear communication with your boyfriend about how this impacts you and your home, aiming to reach a solution that respects both your relationship and the dog's needs."
context_587,"My boyfriend of eight years and father of our two children is a truck driver. He is never home and only contributes to our family financially. There is no other support given. He comes home when able, sleeps, gives money, and leaves again. I can't get him to do anything with me or the kids. He just sleeps and works.","It sounds like you're feeling overwhelmed and unsupported in managing the household and parenting responsibilities largely on your own. It might help to have an open and honest conversation with your boyfriend about how his absence and lack of involvement affect you and the children. Expressing your feelings clearly and discussing expectations could encourage him to find ways to be more present emotionally and physically when he is home. Additionally, seeking support from friends, family, or a counselor could provide you with emotional relief and practical strategies to cope with the situation."
context_588,"My boyfriend of five months expresses how much he cares for me and loves me, and I believe it. It has been one of the best relationships I have been in for a short period of time, but he has lied to me so much. He’ll tell me that he'll stop lying, and while he’s saying that, he's hiding something or lying about something. First, it was about a girl. He hid text messages and claimed she was a friend and it was a friendly conversation when it was a girl he once found interest in. Next was his ex-girlfriend. He put a fake contact name, and it was just friendly, but he lied to my face. All the time, he claims he never cheated and still expresses his love the same way and that he wants to change and do better.","It sounds like you're in a complicated and painful situation where your boyfriend’s repeated dishonesty is undermining your trust, despite his expressions of love and promises to change. Trust is a fundamental part of any healthy relationship, and continual lying—especially about significant issues like communication with other women—can be a major red flag. While people can change, true change requires consistent honesty and effort over time. It’s important to consider how his behavior affects your emotional well-being and whether staying in the relationship is healthy for you. You might want to have an open, honest conversation about how his actions impact you and set clear boundaries or consider seeking advice from a trusted friend, counselor, or therapist to help navigate your feelings and decisions."
context_589,"My boyfriend of five years told me he cheated on me during our relationship after we broke up. We've since gotten back together and are trying to make it work. I don't know how to trust him now, but I really want to make it work, and it seems like he does too. But my trust issues are getting in the way and causing problems.","It's completely understandable to struggle with trust after learning about past cheating, especially in a long-term relationship. Rebuilding trust takes time, open communication, and consistent effort from both partners. It can help to set clear boundaries, be honest about your feelings and concerns, and consider couples counseling to work through the trust issues together. Remember to be patient with yourself as you navigate these emotions, and focus on small positive steps that reinforce reliability and transparency in your relationship."
context_590,"My boyfriend recently got a kitty. I hate cats in general, and he knows it. It grosses me out and makes me very upset when he pets his cat. I want to throw out the cat. I feel very jealous.","It's understandable to feel upset and jealous when something new comes between you and your boyfriend's attention. Since your boyfriend knows you dislike cats, it might help to have an honest conversation about your feelings. Express your emotions calmly, explain why the cat bothers you, and listen to his perspective too. Finding a compromise—like setting boundaries around the cat or spending special time together without the pet—could help both of you feel respected and valued. Remember, throwing out the cat is not a fair or kind solution, so focusing on communication and understanding is the best approach."
context_591,"My boyfriend says I'm nuts. I need to get help because I get an overwhelming feeling that he is cheating on me. Whenever I try to talk with him about it, he always turns it around on me by telling me what I'm doing wrong. I know that accusing him does not help. When his whole demeanor shifts towards me, I can't help but think that something is wrong. Am I wrong for feeling this way? I try to talk with him to make it better. I let him know when I am feeling down. But I am not confident in these things.  Two weeks ago a girl texted his phone 3 times trying to hook up with him. He texted her back with ""Sorry, I've been working. I just read your message."" The girl was trying to get him to call her at a time when he was at home with me. He texted her back with ""Don't text me anymore."" I don't feel like I am way out of the line. But I can't talk with him if all that he will say is that I'm crazy and I need help. What should I do? How will I go about checking if there really is something wrong with me?","It's understandable to feel upset and uncertain in this situation. Your feelings of discomfort and suspicion are valid given the circumstances, especially with the messages from another girl and your boyfriend's dismissive reactions when you try to talk. However, it's important to focus on communication and your emotional well-being. Here are some steps you can take:

1. **Trust Your Feelings:** Your feelings are real and worth acknowledging. It's okay to feel uneasy if something doesn't feel right.

2. **Seek Support:** Consider talking to a trusted friend, family member, or a mental health professional who can help you sort through your feelings and gain perspective without judgment.

3. **Set Boundaries:** Communicate clearly with your boyfriend about what you need in the relationship to feel safe and respected. If he dismisses your feelings repeatedly or gaslights you (making you question your reality), this is a red flag.

4. **Focus on Self-Care:** Make sure you are taking care of your mental and emotional health. Engage"
context_592,"My boyfriend shows affection, but I just push him away. Every time my boyfriend tries to kiss, hug, or touch me I almost always push him away. I'm on birth control and it has killed my sex drive.     I love him so much. Why do I do this?","What you're experiencing is likely a mix of physical and emotional factors. Birth control can sometimes lower your sex drive by affecting hormone levels, which may reduce your desire for physical intimacy. This biological change might make you less responsive to affection, even if you love your boyfriend deeply. Additionally, if you're feeling conflicted or frustrated about this difference between your feelings and actions, it can cause you to unconsciously push him away as a way to protect yourself emotionally. It might help to talk openly with your boyfriend about how you're feeling and consider consulting a healthcare provider to explore if different birth control options could lessen this side effect. Also, gently exploring your emotions and physical responses with a therapist could provide deeper insight and support."
context_593,"My boyfriend won't touch me intimately, he won't kiss me while we are having sex and he won't have oral sex with me. I know he has done this things with other women in the past. I don't know why he won't do them with me. What should I do?","It's important to have an open and honest conversation with your boyfriend about how you feel and ask him gently about his boundaries and reasons for not engaging in those intimate behaviors with you. Communication can help you understand his perspective and identify if there are underlying issues such as comfort levels, emotional factors, or past experiences affecting his behavior. Consider expressing your feelings without blame, and be open to hearing his side. If needed, couples counseling can provide a supportive space to work through intimacy challenges together."
context_594,"My boyfriend’s sneaky and puts his friends before me. He fights just to leave. One day, he's happy. The next, he's mean and blames me for everything. He can't admit faults. He thinks he's perfect and does no wrong.","It sounds like you're in a relationship where your boyfriend consistently prioritizes his friends over you, behaves unpredictably by switching from happy to mean, blames you unfairly, and refuses to acknowledge his mistakes. This pattern can be emotionally draining and may indicate a lack of respect and healthy communication. It’s important to consider setting boundaries, expressing your feelings clearly, and evaluating whether this relationship meets your needs and wellbeing. Seeking support from trusted friends, family, or a counselor might also help you navigate this situation."
context_595,"My brother has been a heroin addict for years, and he’s now in his mid-30s. He has taken from me my mom and my grandparents. He's sick in the head. Now he moved his girlfriend into the house because they both manipulated us. Today, my mom and my brother went toe-to-toe over his girlfriend not helping around the house and always being high. I ended up hitting my brother for getting so close to my mom's face. I feel terrible, but he's always picking his girlfriend over us. Mind you, he tells other girls that he hates his girlfriend, he's single, and she's only living here because he feels bad. We tried kicking them out and everything, but nothing is working. They do nothing to try and help.","I'm really sorry you're going through this difficult situation. Dealing with a loved one's addiction and the strain it puts on family relationships is incredibly challenging. It's important to prioritize your own and your family’s safety and well-being. Consider seeking support from a professional counselor or a local support group for families affected by addiction, such as Al-Anon or Nar-Anon. They can provide guidance on setting healthy boundaries, managing conflict, and coping with the emotional toll. If tensions escalate at home, involving a mediator or social services might be necessary to ensure a safe environment. Remember, you are not alone, and help is available."
context_596,"My brother has been diagnosed with paranoid schizophrenia and has not been taking his medication. He's been using methamphetamine and alcohol and was found sleeping naked in my step mom driveway in 12 degree weather.
   I was adopted in by his dad (who just passed) and his mother will not Get involved because she's afraid of financial responsibility.    Do I have the rights to be able to sign my brother into mentalhealth facility?","I am sorry to hear about your brother's situation. Generally, the ability to sign someone into a mental health facility—often called involuntary commitment or psychiatric hold—depends on local laws and specific criteria, typically involving whether the person poses a danger to themselves or others due to mental illness. Family members can often initiate the process by contacting mental health professionals or emergency services, but legal authorization usually requires evaluation by healthcare providers or a court order. Since you were adopted by your brother's father but do not appear to be the legal guardian of your brother, you likely do not have automatic legal authority to admit him voluntarily. However, you can contact local mental health crisis teams, adult protective services, or emergency responders to intervene, especially given his substance use and dangerous behavior in cold weather. It may also be helpful to consult with a lawyer experienced in mental health law in your area to understand your rights and options."
context_597,"My brother just broke up with his girlfriend. While they were dating for the past two years, her son spent the weekends with me and my mother. Now she doesn't think her son should have any interaction with us. How should we approach the situation? Is she doing the right thing for her child?","In this situation, it’s important to prioritize the well-being and stability of the child. Since the son has been spending weekends with you and your mother for two years, he likely has developed a meaningful relationship and routine with you both. Abruptly cutting off that contact could be confusing or upsetting for him.

Approaching the situation with open, respectful communication is key. You might try discussing with the mother how maintaining a connection benefits her son’s emotional health, emphasizing that your relationship with him is positive and supportive. It can help to focus on the child’s needs rather than the breakup itself.

While the mother has the right to make decisions she believes are best for her child, isolating the child from supportive figures could be detrimental. If concerns about boundaries or the previous partnership exist, those can be addressed while still allowing the child to maintain important relationships.

Ultimately, keeping the child’s best interests at heart means fostering consistency, love, and stability—qualities that ongoing contact with you and your mother can"
context_598,"My coworkers are making false statements about me to the boss, saying I have mood swings. They have no proof to back it up. Can my employer make me see a therapist of their choice?","Generally, an employer cannot require you to see a therapist of their choice without your consent unless certain legal or safety conditions apply (e.g., if there is a clear concern about workplace safety or as part of a formal accommodation process under disability laws). If coworkers make unsubstantiated claims about your mood, your employer should investigate fairly and not take actions based solely on unsupported statements. If your employer insists on a mental health evaluation, you have the right to understand the reasons, the scope, and to seek appropriate advice or support, such as consulting a labor attorney or your human resources department."
context_599,"My dad beat and mentally abused me so badly that I can't function properly. Letting go of the past is important to moving on and getting better, but I’m terrified to get better because I don't even know who I am without the trauma. I've never gotten to be myself. I don't even know who I am.","I'm really sorry you're feeling this way. Healing from such deep pain takes time and support. It might help to reach out to a trusted therapist or counselor who can guide you gently through understanding yourself beyond the trauma and help you discover your true identity. Remember, your worth isn’t defined by your past, and with patience and care, you can find peace and rebuild a sense of self that is entirely your own. You're not alone in this."
context_600,"My dad cheated on my mom for 13 years. I cannot stop obsessing over the fact that my boyfriend might be cheating on me even when I know he isn't. I have full access to his phone, social media, and e-mails. I never find anything, but I'm obsessed with constantly checking just in case. How do I stop this? It's driving a wedge between us.","It's understandable that your dad's long-term infidelity has deeply impacted your trust and made you anxious about your own relationship. To stop this obsessive behavior, consider the following steps:

1. **Acknowledge the Source:** Recognize that your fears stem more from past trauma than your current boyfriend's actions.
2. **Set Boundaries:** Limit how often you check his phone or social media; give yourself specific times or reduce checking gradually.
3. **Build Trust Through Communication:** Have open conversations with your boyfriend about your feelings without accusations, focusing on how to support each other.
4. **Seek Professional Support:** A therapist can help you work through trust issues and develop healthier coping mechanisms.
5. **Practice Self-Compassion:** Be patient with yourself as trust rebuilds and work on reinforcing your self-worth independently of your relationship.

Taking these steps can help reduce anxiety, rebuild trust, and strengthen your relationship over time."
context_601,"My dad doesn't like the fact that I'm a boy. He yells at me daily because of it and he tells me I'm extreme and over dramatic.
   I get so depressed because of my dad's yelling. He keeps asking me why I can't just be happy the way I am and yells at me on a daily basis. Is this considered emotional abuse?","Yes, your dad's behavior can be considered emotional abuse. Consistent yelling, belittling you by calling you extreme or overdramatic, and making you feel unhappy or depressed because of who you are are all forms of emotional abuse. It's important to seek support from trusted friends, family members, or a mental health professional who can help you navigate this situation and provide the emotional support you deserve."
context_602,"My dad is always, and I mean always, cussing and screaming at me for no reason at all. He makes me feel stupid. He also compares me to my other siblings in a negative way and demeans me. Is this abuse?","Yes, what you're describing can be considered emotional abuse. Constant cussing, screaming, making you feel stupid, and negatively comparing you to your siblings are harmful behaviors that can damage your self-esteem and well-being. If you feel safe doing so, consider talking to a trusted adult, counselor, or support service about your situation for help and guidance."
context_603,"My dad is doing some really bad drugs, and I'm not allowed to see him anymore because of what he can do to me or my siblings on this drug. It has affected me tremendously in my life. It’s even caused me anger and stress.","I'm really sorry to hear you're going through this. It’s understandable that your dad’s drug use and the resulting situation have caused you so much pain, anger, and stress. Remember, it's important to take care of yourself during this difficult time. Talking to a trusted adult, counselor, or support group can help you process your feelings and find ways to cope. You’re not alone, and support is available."
context_604,"My dad makes me feel like shit and like I'm worthless. He calls me names and makes me feel depressed. I want to move out because I swear if I stay here, I'm going to lose it. What can I do?","I'm really sorry you're going through this. It’s important to prioritize your mental health and safety. Consider reaching out to a trusted adult, teacher, school counselor, or a mental health professional who can support you and help you explore safe options for moving out. You might also look into local resources such as youth shelters, counseling services, or support groups. Remember, you deserve to be treated with respect and kindness, and there are people who want to help you."
context_605,"My dad passed away when I was a teenager. I never got any help, and five years later, I feel like I can't handle it anymore.","I'm really sorry you're going through this. Losing a parent is incredibly hard, especially at a young age, and feeling overwhelmed is completely understandable. It might help to reach out to a counselor or support group where you can share your feelings and get the support you deserve. You don’t have to face this alone—there are people who want to help you through it."
context_606,"My dad refuses to acknowledge my anxieties about going to parties, dinners, etc. Whenever I have an opinion it gets shut down. My mom and everyone else behaves likewise. For my father who heads a company, this is normal. He has to be right all the time. He blatantly refuses to even try to see it from my angle.    Recently however, it's been getting to the point where I feel pressured and unable to speak my mind. It isn't possible for me to get professional one-on-one help. He tells me to grow a pair and get over it. I recently have been developing more severe body image and self-confidence issues, which I have had all my life. I feel invalidated by my dad. I have been more paranoid lately as well. I can't turn on location services anymore on my phone because of a past incident. He makes me feel guilty about it. I feel rather worthless more often than not, unfortunately. What do I do?","I'm sorry you're feeling this way. It sounds very difficult to deal with a lack of understanding and support from your family, especially when it comes to your anxieties and self-confidence issues. Here are some steps you might consider:

1. **Seek Support Outside Your Family:** Since professional one-on-one help isn't currently possible, try reaching out to trusted friends, teachers, school counselors, or support groups where you can express yourself and feel heard.

2. **Practice Self-Compassion:** Remind yourself that your feelings are valid and it's okay to struggle. Try to engage in activities that boost your self-esteem and bring you comfort, such as hobbies, exercise, journaling, or mindfulness.

3. **Set Boundaries:** If possible, limit conversations or situations where you feel invalidated or pressured. When your dad dismisses your feelings, try to calmly state your perspective without expecting immediate acknowledgment.

4. **Educate Yourself:** Learning more about anxiety and self-confidence can empower you. Understanding your experiences"
context_607,"My daughter basically freaked out out of nowhere over me saying “calm down” when she dropped her phone. Within seconds, the situation escalated to her kicking me out on the curb, saying horrifically unspeakable things, and her calling the cops on me. She seems unable to stop herself at times.","It sounds like your daughter may be experiencing intense emotional or behavioral difficulties that cause her to overreact and act impulsively. It could be helpful to approach the situation with patience and avoid triggering phrases like “calm down,” which can sometimes escalate tension. Seeking support from a mental health professional, such as a therapist or counselor, might provide her with tools to manage her emotions better and help improve communication and conflict resolution between you both. If safety becomes a concern during these episodes, having a plan in place to protect yourself and involving professionals as needed is important."
context_608,"My daughter didn't see her biological father for the last three years. She doesn’t want to see him because she remember really bad things from him such as domestic violence and child abuse. The visitation is with supervision, but she refuses to see him. Is it better to take my daughter to the therapist and try to see him after the therapy?","Yes, it is advisable to take your daughter to a therapist to address her feelings and trauma related to her biological father. A therapist can help her process her experiences, build coping strategies, and assess whether supervised visitation might be beneficial and safe for her emotional well-being. It’s important to prioritize her comfort and mental health throughout this process."
context_609,My daughter is in later elementary school. She can't color in the lines. Her words jumble together when she writes unless there are big spaces or she skips lines.,"It’s common for children in later elementary school to still be developing fine motor skills and handwriting abilities. Difficulty coloring within the lines may indicate challenges with fine motor control or visual-motor integration. The jumbling of words and need for large spaces or skipping lines when writing could point to issues with spatial awareness or dysgraphia, a learning difficulty affecting handwriting and written expression.

To support your daughter, consider the following steps:
1. **Consult a Specialist:** An occupational therapist can assess her fine motor skills and recommend targeted exercises to improve control and coordination.
2. **Handwriting Practice:** Use worksheets designed to improve letter formation and spacing, gradually reducing the size of lines and spaces as she improves.
3. **Visual-Motor Activities:** Engage her in activities that strengthen hand-eye coordination, such as puzzles, tracing, or playing with clay.
4. **Classroom Accommodations:** Speak with her teachers about providing extra support, such as allowing more time for writing tasks or using assistive technology.
"
context_610,My daughter seemed to be developing at a normal rate until about the age of 10. She then started to act younger than she is.    Now she only wants to play with younger kids and she doesn't act her age. I don't know why this is happening. Is this normal?,"It's not uncommon for children to go through phases where their behavior or interests seem younger than their actual age, especially around times of change or stress. However, if your daughter suddenly started acting younger than her age and prefers the company of much younger children, it might be helpful to observe if there are any other changes such as difficulties at school, social challenges, emotional distress, or health issues. While some variability in development can be normal, a noticeable and sustained change like this may warrant a conversation with a pediatrician, child psychologist, or counselor to rule out underlying factors and ensure she receives appropriate support if needed."
context_611,"My daughter was overly tired and throwing a fit at her grandparent's house. She wanted to come home at midnight and cried screamed said she said she hated her grandma and that she wanted to kill herself!
    We also have a new baby in the house i didn't know if this would contribute to this. How should I approach this?","It's important to approach this situation with calmness and sensitivity. Your daughter's extreme emotional reaction could be influenced by multiple factors, including tiredness, unfamiliar environments, and adjusting to the new baby at home. Here are some steps to consider:

1. **Ensure Immediate Safety:** Take any mention of self-harm seriously. Gently and calmly ask her about her feelings and if she has any plans to hurt herself. If you feel her safety is at risk, seek professional help immediately.

2. **Provide Comfort and Reassurance:** Let her know that her feelings are heard and understood, and reassure her that she is loved and safe. Validate her emotions without judgment.

3. **Address Tiredness and Environment:** Over-tiredness can cause increased emotional outbursts. Ensure she has a consistent, soothing bedtime routine, and if possible, minimize late-night outings or overstimulating situations.

4. **Discuss Feelings About the Baby:** The arrival of a new sibling can sometimes cause jealousy or"
context_612,"My depression has been reoccurring for a long time. It all started when I was being bullied in high school. In ninth grade, my principal told me I needed to stay home for a couple days to protect myself while she spoke to my classmates. I needed professional help for my stress because I was having crying spells from the stress of going to school and confronting my classmates. After that, I was fine for a couple of years. I entered my first year of college in a really tough program with high demands of expected work. I believe my depression re-booted from there with the stress. I began to cut myself because a friend of mine at the time told me how she used to do the same and it used to feel good for her. Obviously, that wasn't the right choice. I regret ever doing that, seeing as even though I'm not self-harming anymore, I always look back at that time whenever I feel very stressed. I have a big problem with handling problems in life. Whenever a problem arises, I get stressed and I feel hopeless, as if it's not going to get better. I get way too stressed from my problems, which leads to overreacting a lot (especially when talking to others), which then leads to depression. I have a hard time coping with stress because I know that if I could handle it easily then I wouldn't be sad all the time, and I would say and do the right thing instead of overreacting to my loved ones.","It sounds like you’ve been through a lot, and your experiences with bullying, academic pressure, and stress have deeply affected your mental health over the years. Recognizing the pattern of how stress leads to feelings of hopelessness, overreactions, and depression is an important first step. It’s understandable that coping with problems feels overwhelming, especially when past difficulties have had such a strong impact. You might find it helpful to explore strategies for managing stress and emotions, such as cognitive-behavioral techniques, mindfulness, or working with a mental health professional who can support you in developing healthier coping mechanisms. Remember, healing and learning to handle stress better takes time, and seeking help is a sign of strength. You don’t have to face these challenges alone."
context_613,My doctor seems to think I am in danger of having one. I neglected to ask how this was different than an episode. I have been formally diagnosed with bipolar type 1.,"In bipolar type 1 disorder, a ""manic episode"" is a distinct period characterized by abnormally elevated, expansive, or irritable mood accompanied by increased activity or energy, lasting at least one week and causing significant impairment or requiring hospitalization. When your doctor refers to being ""in danger of having one,"" they mean you may be at risk of entering such a manic episode. This differs from a general ""episode,"" which could refer to either a manic, hypomanic, or depressive episode. Since bipolar 1 involves full manic episodes, the doctor’s concern is specifically about the onset of mania, which can have serious consequences if not properly managed."
context_614,"My doctor thinks that seeing a psychiatrist will help with my depression and anxiety. Now my anxiety is worse, what do I do? Writing on here has taken every bit of strength I have left.","I'm really sorry you're feeling this way. It might help to reach out to a trusted friend, family member, or your doctor and let them know how much you're struggling right now. If the anxiety feels overwhelming or you have thoughts of harming yourself, please seek immediate help from a mental health professional or contact a crisis helpline in your area. You're not alone, and support is available."
context_615,"My ex-boyfriend and I have been back and forth for over a year now. He's in his late 20s, divorced for like five years now with two kids. He has a lot of narcissistic behaviors. He lies and cheats, but I love him. I've tried to date other people, but I always go back to him.","It sounds like you're in a difficult and emotionally challenging situation. Loving someone who exhibits narcissistic behaviors—and who lies and cheats—can be very painful and confusing. It’s important to prioritize your emotional well-being and recognize patterns that may be harmful to you. Consider seeking support from a trusted friend, counselor, or therapist who can help you explore your feelings and develop strategies for building healthier relationships. Remember, you deserve honesty, respect, and consistency in love."
context_616,"My ex-boyfriend and I met over a year ago. We hit it off and fell in love pretty quick. However, he has trust issues and assumed I was cheating. When I found out I was pregnant, we had just broken up. Five months later, I lost the baby, and we did not speak for a few weeks. Now we are talking, and he says he loves me but is afraid I will hurt him ""again."" I just want to know where to go with this because I love him so much, and I want to get back to us being happy and a family.","Given the history and emotions involved, rebuilding trust will take time and open communication. It’s important to have an honest conversation with him about both of your feelings, fears, and expectations. Consider couples counseling to help navigate trust issues and heal from past hurts together. Focus on creating a supportive, transparent environment where both of you feel safe expressing vulnerabilities. Taking things slowly and consistently showing commitment can help rebuild the foundation for a healthy relationship and family."
context_617,"My ex-boyfriend boyfriend and I lived together. He had a two year affair with a girl and had three pregnancies with her. One was an abortion, another was a miscarriage, and then she had the third baby. They are not together, but he continues to contact me and wants me back. He has nothing to offer me.","It sounds like your ex-boyfriend has caused you a lot of pain and disruption. Given his actions and current situation, prioritizing your own well-being and setting clear boundaries is important. If he continues to contact you despite your wishes, consider firmly communicating that you do not want any contact and, if necessary, seek support from friends, family, or a professional to help maintain those boundaries and protect your emotional health."
context_618,"My ex-boyfriend, will not stop harassing and stalking me. We work together. I honestly think he needs help to move on. His accusations are angry lies. But I think he may believe them to be true.","If your ex-boyfriend is harassing and stalking you at work, it's important to prioritize your safety and well-being. Consider documenting all incidents in detail, including dates, times, and descriptions. Report his behavior to your workplace HR department or manager to ensure there is an official record and to seek support in creating a safer work environment. Additionally, you may want to consult local law enforcement about restraining orders or legal protections against harassment and stalking. If you feel comfortable, suggest that he seek professional help to address his behavior, but your safety is the priority. Seeking support from trusted friends, family, or a counselor can also help you navigate this difficult situation."
context_619,"My ex-fiancé (whom I am still seeing) left me because of the pressure from all three of his teenage daughters. They wanted him to try to work it out with their mom (his ex-girlfriend of 20 years). He and I split three months ago, but I have been seeing him pretty regularly despite the fact that he is living back with his ex-girlfriend and kids. He is ""co-existing"" for the kids and fighting all the time with his ex-girlfriend. His daughters don’t want their dad with me because my two boys (grown adults and on their own now) had bad reputations and issues with drugs. His daughters say it is embarrassing for him to be with me. He and I had an absolutely amazing relationship and connect on so many levels. He is getting a lot of pressure from his family and his longtime friends to ""do the right thing"" and stay with his ex-girlfriend for the kids. He says he wants me to wait. We were going get married last year. He bought me a $1000 dress, we had invitations made, and everything set up, but then his girls told him they'd never speak to him again if he married me. He says he’s trying to mend his relationship with them.","You’re in a very challenging situation where your ex-fiancé is caught between his daughters’ strong opposition to your relationship and his desire to be with you. Despite your deep connection and the plans you made together, his priority right now is repairing his relationship with his children and maintaining family stability, even if it means living with his ex and enduring conflict. His request for you to wait reflects his struggle to balance respect for his daughters’ feelings and his commitment to you. It’s important to consider your own emotional well-being during this uncertain time and decide how long you are willing to wait for him while he navigates these family pressures. Open, honest communication about expectations and boundaries will be crucial going forward."
context_620,"My ex-girlfriend says she's bored and wants to experience life single. I treated her really badly and caused meaningless fights when she didn't do anything, I feel remorseful, and I'm willing to do whatever it takes to get her back. She's unhappy. When I called her, she was crying and said she will text me when she's ready.","Given the situation, it's important to respect her need for space and time to heal. Focus on improving yourself sincerely—reflect on your past behavior, work on communication and emotional maturity, and show consistent positive change without pressuring her. When she reaches out, listen carefully, apologize genuinely, and demonstrate through your actions that you’ve grown. Patience and empathy are key; rushing or pushing her may only cause more distance."
context_621,"My ex-husband told my two adolescents that Santa doesn't exist on the day before Christmas. They are desperate to hold on to the magic of Christmas, but I don't know if it's right for me to lie to them and tell them that Santa is real. I don't want to let them down and make them lose out on those memories, but I also don't want to lose their trust.","It's understandable to want to preserve the magic of Christmas for your children while also valuing honesty and trust. One approach is to have an open conversation about the spirit and meaning of Santa rather than focusing solely on whether he is literally real. You might explain that Santa represents the joy of giving, the spirit of kindness, and the wonder of the holiday season, which are very much real and important. This way, you honor their feelings and the tradition without directly telling a lie, helping them maintain the special memories while fostering trust."
context_622,"My ex-wife married and used me to have a child. She now uses that child as a pawn. I know my child misses me, but I need to move on and not live in the past. How do I do this? Do I see my child as much as possible or very little? Is it more confusing for the child?","Navigating co-parenting after a difficult separation is challenging, especially when you feel your child is being used as a pawn. To help your child and yourself heal, focus on maintaining a consistent, positive, and loving presence in their life. Aim for regular, quality contact that fits your child's needs and stability—this consistency helps reduce confusion and builds trust. Avoid using your child to manage conflicts with your ex, and prioritize clear, age-appropriate communication with your child about your role and feelings. At the same time, work on your own emotional well-being through support networks or counseling, which will better equip you to be present for your child without being stuck in the past. Ultimately, balance is key: be involved enough to reassure your child of your love and support, but avoid exposing them to adult conflicts, which can be confusing and distressing."
context_623,My father is in the hospital and was diagnosed with leukemia. I have been dealing with that all day. My husband keeps getting mad at me for things that I said.,I'm sorry you're going through such a difficult time. It’s understandable that you're feeling overwhelmed with your father's diagnosis. Try to communicate openly with your husband about how you're feeling so he can better support you during this stressful period. Consider reaching out to a counselor or support group to help manage your emotions and stress.
context_624,My fiancé and I broke up. He cheated on me numerous times. I kept forgiving but questioning his every move. He got tired and left.,"I'm sorry you're going through this. It’s incredibly painful to deal with betrayal and the end of a relationship. Remember to take time to care for yourself, lean on supportive friends and family, and give yourself space to heal. You deserve trust and respect in a relationship."
context_625,"My fiancé and I come from a strong Christian background but both went off the ""straight and narrow"" once before. He is having a hard time accepting my past, especially that I'm not a virgin. He has a hard time in general accepting himself and others.    His insecurities are hurting our relationship. How can I help him let go of my past and decide to live in the present?","Helping your fiancé let go of the past and focus on the present involves patience, open communication, and reassurance. Here are some steps you can take:

1. **Create a Safe Space for Honest Conversation:** Encourage him to express his feelings and insecurities without judgment. Listen actively and empathetically, showing that you understand his struggle.

2. **Reassure Him of Your Commitment:** Emphasize your love and commitment to the relationship and to building a future together. Make it clear that the past does not define your current bond.

3. **Focus on Shared Values and Goals:** Remind him of the strong Christian foundation you both share and how that can be a source of strength to move forward together.

4. **Encourage Self-Acceptance:** Gently support him in accepting himself—acknowledging that everyone has a past, and growth is about who we are now and who we choose to become.

5. **Seek Guidance Together:** Consider counseling with a trusted pastor or"
context_626,"My fiancé and I have almost the best relationship every girl wants, but lately it's changed. I get less attention and little to no intercourse. He works a lot and goes to the gym a lot (he's a football player for an indoor league), but he has no time for me. We live two hours from family, and when I leave home to see family, he'll text me saying ""whatever"" and ""leave me alone."" But when we're together, everything is okay. No fighting or anything. I love this man, but I just don't know what to do anymore.","It sounds like you're feeling neglected and disconnected from your fiancé due to his busy schedule and the distance from your support system. It’s important to have an open and honest conversation with him about how his work, gym commitments, and responses when you’re away are affecting you emotionally. Share your feelings calmly, emphasizing that you love him and want to strengthen your relationship. Together, you could discuss finding a better balance between his commitments and your needs, perhaps scheduling quality time or establishing ways to stay connected when apart. If communicating on your own feels difficult, couples counseling might help both of you address these challenges and improve your relationship."
context_627,"My fiancé and I have been in a relationship for two years. We have an infant son. My fiancé also has a child from a previous relationship. We do not live together. I live with my mother currently while I get on my feet, and he's living with some friends. My mother and I have an awful relationship that is completely unbearable most of the time. We cannot even stand to be around one another while living in the same house. She has made it clear that she wants me gone. Recently, I was talking to my father who lives in a different state. My father and I have always had a good relationship. I explained to him the situation I am in with my mother, and he said he would like for me, my fiancé, and our son to come live with him and his wife. I would really love to go. I do not want my son to be in this environment with constant arguing and negativity any longer. There is nowhere else for me to stay while remaining in this state. The problem is my fiancé is refusing to move away with me because he does not want to leave behind his other child. He and his child's mother have a horrible relationship, and she would absolutely not be willing to let him visit if we moved away. I believe I would be doing what is best for my child by moving away, but I do not want to leave without my fiancé. I have already explained the situation to him, and he will not give in. Do I continue to stay in this negative environment with my child and keep our family together? Do I move away with my child and have my relationship end? I do not want to take him out of either of his kids’ lives. What do I do?","You are facing a very difficult situation, balancing the well-being of your infant son, your relationship with your fiancé, and the challenges of your current living environment. Your desire to provide a stable, peaceful home for your child is completely understandable, especially given the negativity with your mother. At the same time, your fiancé’s concerns about his relationship with his other child and not wanting to lose that connection are valid.

Here are some considerations and possible steps:

1. **Open Communication:** Continue having honest, calm conversations with your fiancé about each other's priorities and fears. Understanding his perspective and sharing yours can help find common ground.

2. **Explore Alternatives Nearby:** Look for other local housing options that might reduce the conflict with your mother but allow your fiancé to maintain his relationship with his other child. Temporary or transitional housing, help from community resources, or assistance programs could be explored.

3. **Co-Parenting Arrangements:** Consider seeking legal or mediation advice regarding visitation and custody arrangements. Sometimes, formal"
context_628,"My fiancé and I have been together for 3 years and our relationship has always been good. The only issue we had was that he felt like he wasn't getting enough sexual attention from me.    I recently found out he cheated on me with another women. He says he wants his family back but I'm confused on what to do. Is it possible for us to get past the cheating, or should I just move on?","I'm sorry you're going through this difficult situation. Whether or not you can get past cheating depends on many factors, including the willingness of both partners to work on rebuilding trust, effective communication, and addressing the underlying issues in the relationship. Couples counseling can be very helpful in navigating these challenges. If your fiancé is genuinely remorseful and committed to change, and if you feel you can eventually heal, reconciliation might be possible. However, it's also important to prioritize your emotional well-being—if the betrayal feels irreparable or if trust cannot be restored, moving on might be the healthiest choice. Take time to reflect on your feelings, consider seeking support from trusted friends, family, or a therapist, and make the decision that feels right for you."
context_629,"My fiancé and I recently had an argument over finances. He gives me the money each month to pay his automobile insurance. He no longer has one of the vehicles on the policy. He realized he was still paying for the coverage and asked why I was allowing him to continue to do that since I was physically paying it for him. My response was that he was giving me the money, and I just made the payment. I didn't think of the coverages. He was angry about it. I still can't figure out that anger.","Your fiancé’s anger likely stems from feeling that money was being spent unnecessarily or without his informed consent. Since he was still paying for insurance coverage on a vehicle that was no longer on the policy, he may have felt frustrated that the overpayment wasn’t caught earlier. He might also feel responsible for managing his finances more closely and expected you to review payments before making them. His anger probably reflects concern about wasted money and a desire for clearer communication about financial decisions and obligations."
context_630,"My fiancé doesn't think I trust him because I was cheated on before. However, he hides his phone and has been texting his ex-girlfriend, who he has two kids with. What should I do?","It's important to address your feelings and concerns openly and calmly with your fiancé. Share how his behavior—such as hiding his phone and texting his ex—affects your trust, especially given your past experience. Encourage an honest conversation about boundaries and expectations in your relationship. If trust issues persist, consider seeking couples counseling to work through these challenges together. Prioritizing open communication and mutual respect can help rebuild trust and strengthen your relationship."
context_631,"My fiancé of 15 years is always helping out his family, and I feel like his family takes advantage of his kindness. We're about to get married this Saturday, but I feel like he is always gonna put them first instead of myself and our three kids. I am not enjoying our engagement at all.","It's understandable to feel concerned if you believe your fiancé prioritizes his family over you and your children, especially as you prepare to start your married life together. It might help to have an open and honest conversation with him about how you’re feeling and discuss boundaries that ensure your relationship and family needs are also respected. Premarital counseling could also provide a safe space to address these concerns and strengthen your partnership before the wedding. Remember, a healthy marriage involves balancing commitments to both your family of origin and your new family unit."
context_632,"My fiancée is always letting me know how I am a horrible/evil person, or I just don’t care enough when it’s about her feeling or when she is having an off day.","It sounds like your fiancée’s comments are hurtful and may be affecting your emotional well-being. It’s important to have an open and honest conversation with her about how her words make you feel. Try to express your feelings calmly and ask for a more supportive way to communicate, especially during her difficult moments. If this pattern continues and negatively impacts your relationship, consider seeking couples counseling to help improve communication and understanding between you both."
context_633,"My fiancée suffers from severe anxiety and depression. She has had it most of her life. Her anxiety in public places is the worst. It gets to points where she can't breathe or move. Sometimes, she won't even go to the restroom, so she will hold in her pee until her stomach hurts or she pees herself. She curls up in corners at the mall and has panic attacks. She won't eat or drink in public. If she isn't having a panic attack or crying, she's clinging to me and avoiding everything and everyone. Her depression flares up out of nowhere and causes her to become very suicidal and self-harming. She get really sick from anxiety and scared to the point that I can't even get her to eat, drink, leave the bed, or go outside. She always tells me how she grew up around so much fighting and fear that it makes her scared of loud sounds, yelling, conflict, and even talking to strangers in public. She will refuse to go to a store unless I am with her to talk to the cashier for her. She is so scared that I can't even get her to drive. She doesn't want to get her license because she's scared of trying to drive.
   Some people have recommended medication, but I believe it's just going to cover up her illness and not solve it. I don't want my fiancée pumped with drugs. I believe a psychiatric service dog would be the best bet for her. When we first met my poodle, it would calm her down a lot. She took the dog out every time we went out, and she seemed much calmer and happier. She slowly would eat, and the dog seemed to make her feel a lot better. I am worried and want to help her without medication.","A psychiatric service dog can be a valuable support for someone with severe anxiety and depression, especially when public situations trigger intense fear and panic attacks. These dogs are trained to provide comfort, interrupt anxiety episodes, and help ground their handlers during distressing moments. Since your fiancée already shows a positive response to the presence of your poodle, a trained service dog could potentially help her feel safer, encourage more independence, and reduce some of her anxiety-related symptoms.

However, it’s important to recognize that while a service dog can be a powerful complement to other treatments, severe anxiety and depression often require a multifaceted approach. This may include therapy such as cognitive-behavioral therapy (CBT), trauma-informed counseling, and, in some cases, medication. Medication does not simply ""cover up"" illness; it can help correct chemical imbalances that contribute to symptoms, potentially making therapy and daily functioning more manageable.

Encouraging your fiancée to seek professional help—with or without medication—can provide her"
context_634,"My friend is abusing her prescription medicine. Even though she told me she didn't have any more pills, I found she has prescriptions for anxiety medications.","It's important to approach this situation with care and concern. Consider talking to your friend honestly and gently about your worries, encouraging her to seek professional help if needed. You might also suggest she speak with her prescribing doctor or a counselor who can provide support and guidance for managing her medication safely. If her behavior seems dangerous, it may be necessary to involve a trusted adult or healthcare professional."
context_635,"My friend’s husband is bipolar and refuses to take medication for it. He has taken the wheels off her vehicle before to prevent her from leaving. He has held her a prisoner in her home. He has choked her, hit her, etc. She has almost divorced him a couple of times but always makes up with him, thinking that he is going to change. She and I went to a wedding out of town in September of 2014, and ever since she has been back, he is convinced that she cheated on him while we were gone. Now he is saying that I have also cheated on my boyfriend and has come to my house and told my boyfriend this.","Your friend is experiencing serious and dangerous abuse, including physical violence and controlling behavior, which is escalating and putting both her and you at risk. It’s important that she seeks immediate help from local domestic violence resources, law enforcement, or a trusted professional who can support her safety and well-being. Encourage her to create a safety plan and consider contacting a shelter or support organization specializing in domestic abuse. For your own safety, document any incidents, avoid confrontations, and inform your boyfriend about the situation so he can support and protect you both."
context_636,"My girlfriend and I have broken up and gotten back together numerous times in the past two years. We recently just broke up again last night on New Year’s Eve. When we break up, the very next day, she calls me and acts as if nothing has happened. She acts like everything is alright. This has been going on for two years. I do love her and care about her and her children a lot, but she seems really demanding as far as what she deserves from a man. She is always telling me that she deserves this and that from a man. It makes me feel like crap because I cannot give her everything that she wants. She told me one time that she wants a man who is going to be afraid to lose her. Is that a normal thing that women want, or should I just move on already? I am in my 30s and she is in her 40s.","It's understandable to feel confused and emotionally exhausted after repeating cycles of breaking up and getting back together, especially when expectations and communication feel conflicting. Wanting a partner who values and fears losing the relationship is a common desire for many people, as it can indicate commitment and care. However, feeling consistently pressured or unable to meet those demands can harm your self-esteem and the health of the relationship.

Given that this pattern has continued for two years and you feel unhappy or inadequate despite your efforts, it may be important to reflect on whether this relationship is truly fulfilling and sustainable for you. Open, honest communication about needs and boundaries is crucial. If those conversations don’t lead to mutual understanding and respect, or if the relationship dynamics continue to negatively affect your emotional well-being, it might be healthier to consider moving on.

Ultimately, a balanced relationship involves both partners feeling valued and supported without feeling undue pressure. Trust your feelings and prioritize your own emotional health when deciding what’s best for you."
context_637,"My girlfriend broke up with me five months ago because I said awful things to her one night for no reason of hers. I have been trying to get her back, but it isn’t easy. She is in her 50s and I am in my 40s. She is the one I want for my life, and this is killing me. Every day, I cry, and I am desperate for help.","I'm really sorry you're going through this. It’s important to give her space and time after what happened, showing genuine remorse through your actions rather than just words. Focus on improving yourself—reflect on why you said those things and work on managing your emotions better, possibly with the help of a counselor or therapist. Respect her feelings and boundaries, and understand that healing takes time. While you’re doing this, also take care of your own mental health by talking to close friends, family, or a professional to help you cope with the pain. Ultimately, whether or not you reconnect, personal growth will help you move forward in a healthier way."
context_638,My girlfriend just quit drinking and she became really depressed. She told me that she wants to move. What can I do to help her? I want her to stay.,"Supporting your girlfriend through her decision to quit drinking and her feelings of depression is important. Here are some steps you can take to help her and encourage her to stay:

1. **Listen and Validate:** Let her express her feelings without judgment. Acknowledge that quitting drinking and dealing with depression can be really tough.

2. **Encourage Professional Help:** Suggest that she talk to a therapist or counselor who specializes in addiction and depression. Professional support can make a big difference.

3. **Offer Your Support:** Reassure her that you’re there for her through this process. Offer to attend support groups or therapy sessions with her if she's open to it.

4. **Help Build a Supportive Environment:** Encourage healthy routines like regular exercise, balanced nutrition, and engaging in hobbies together.

5. **Communicate Openly about Her Moving:** Talk about her reasons for wanting to move and whether those issues can be addressed locally. Help her see that you want to work through this together.

6."
context_639,"My girlfriend recently started hanging out a lot more with one of her friends who did her wrong in the past and just walked out on her. So for the past 3 years its been just me and my girlfriend. Things have been great up until the last month. Now she ignores me and texts and hangs oit with her friend more and more.
   I dont know what to do anymore. My girlfriend is so distant. How do I keep from losing her?","I'm sorry you're going through this. It's important to have an open and honest conversation with your girlfriend about how you're feeling. Share your concerns calmly and without blame, expressing that you miss the closeness you once had and are worried about the changes in your relationship. Listen to her perspective as well to understand what's motivating her behavior. Relationships require communication and trust, so finding out what's behind her increased time with that friend is key. If needed, consider suggesting couples counseling to help navigate these challenges together. Most importantly, take care of your own emotional well-being during this difficult time."
context_640,"My girlfriend remains friends with ex boyfriends/lovers on Facebook who actively like and comment on posts. It causes me to get jealous because I'm afraid they might reconnect somehow. I've attempted to talk to her about it, but she avoids it and doesn't seem to worry about how I feel about it.","It's important to have an open and honest conversation with your girlfriend about how her interactions with exes make you feel. Express your feelings calmly and clearly without blaming her, focusing on your emotions rather than accusations. If she continues to avoid the discussion, it might help to suggest couples counseling or seek advice from a neutral third party to improve communication and address trust concerns. Ultimately, both partners need to feel respected and secure for a healthy relationship."
context_641,"My girlfriend was abused as a child. Now, if I hug or touch her in any kind of way she says she feels as if she is being abused as a child. What might be going on?","Your girlfriend is likely experiencing a trauma response rooted in her past abuse. Physical touch, such as hugging, may trigger memories or feelings associated with that abuse, causing her to feel threatened or unsafe even though the current situation is safe. This is a common reaction in people with a history of trauma, where certain stimuli can evoke strong emotional or physical responses linked to their past experiences. It’s important to approach this with patience, understanding, and support. Encouraging her to seek professional help from a therapist experienced in trauma can be beneficial in helping her process these feelings and develop coping strategies. Meanwhile, communicating openly about her comfort levels and boundaries will help create a safe environment for both of you."
context_642,"My girlfriend's grandma passed away 5 months ago. They were very close. She took care of her till she died. Things kinda returned to normal few weeks later. Last month it feels like we hit a brick wall. Intimacy fell off. I asked what's up. She says she can't connect with anyone and that it's not me. She used to be very open and expressive. Now she gives short answers and has no interest in sex or any touching. When we did have sex in the last month, something felt really off. Now I'm very insecure about us and have thoughts of her cheating. She says otherwise, but I don't know. It just feels like something is really off.","It sounds like your girlfriend is still deeply affected by her grandma's passing, and her grief might be manifesting as emotional withdrawal and difficulty connecting, which is common in people dealing with loss. Grieving can sometimes resurface unexpectedly and impact intimacy and communication. Instead of assuming infidelity, consider gently encouraging open conversations about her feelings and struggles, and suggest professional support like counseling if she's open to it. Patience, understanding, and reassurance during this time can help both of you navigate this challenging phase together."
context_643,My grandma and brother both passed away 11 years ago and sometimes at night I just can't stop crying while thinking about the good memories we had but won't have ever again. I can't sleep at night when the memories and tears come I'll be fine all day then at night...boom! it's like waterfalls from my eyes. Why can't I stop crying?,"It's natural to feel overwhelmed by grief, especially at night when the distractions of the day fade and memories resurface more intensely. Crying is a way your body releases deep emotions, and the pain of losing loved ones can trigger strong feelings that feel harder to control. Nighttime can amplify loneliness and reflection, making your sorrow feel more powerful. If these feelings continue to disrupt your sleep or daily life, consider reaching out to a counselor or support group who can help you process your grief and find ways to cope. Remember, healing takes time, and your emotions are a normal part of remembering those you loved."
context_644,My grandma had a stroke and passed away recently. I lost my home and job. I'm looking but haven't found a job. I've been binge watching television and binge eating.,"I'm really sorry to hear about everything you're going through. It’s important to be gentle with yourself during such a difficult time. If you can, try to reach out to a friend, family member, or a support group to talk about how you're feeling. Also, consider speaking with a mental health professional who can help you navigate these challenges. Taking small steps each day—like going for a short walk or setting small, achievable goals—can gradually help improve your mood and outlook. You're not alone, and support is available."
context_645,My grandson's step-mother sends him to school with a pink Barbie backpack as a form of punishment.,"Sending your grandson to school with a pink Barbie backpack as a form of punishment could be harmful to his self-esteem and emotional well-being. It’s important that discipline methods are respectful and constructive rather than humiliating. Consider discussing concerns about appropriate behavior directly and using positive reinforcement or clear, age-appropriate consequences that do not single him out or cause embarrassment. If this situation causes distress, it may be helpful to have a calm conversation with the step-mother to express your concerns or seek advice from a family counselor."
context_646,"My husband always works. He does work from home, but his hours are from morning until night, and he neglects his family. If I have anything I want to do, I have to find a babysitter, but he does what he wants. He rarely comes to bed when I do, and we never have date nights.","It sounds like you're feeling overwhelmed and disconnected because your husband’s long work hours and focus on work are leaving little time or attention for your family and relationship. It might help to have an open, honest conversation with him about how this situation is affecting you and the family. Express your need for more shared time, support with childcare, and opportunities to reconnect through things like date nights. Setting boundaries around work hours and scheduling regular quality time together could improve the balance between his work and family life. If necessary, consider seeking couples counseling to facilitate better communication and understanding."
context_647,"My husband and I are in a terrible place. Part of me wants to fix it, but then I'm caught up with not knowing how and not being able to communicate my feelings to him because he always feels I'm blaming him. Sometimes I am because the feelings of distrust are so strong. I feel they must be coming from something he's doing, but sometimes I know I'm being irrational. Still, that doesn't stop the anxiety. The other half of the time, I just want to walk away, but I feel like that will only be a temporary fix.","It sounds like you're experiencing a lot of emotional pain and confusion in your relationship, caught between wanting to heal and feeling overwhelmed by distrust and anxiety. It might help to consider couples counseling, where a neutral professional can facilitate communication and help both of you understand each other's feelings without blame. Additionally, individual therapy could support you in managing anxiety and distinguishing between rational concerns and fears, which might improve how you express yourself and feel understood. Taking small steps toward open, honest, and non-accusatory conversations could gradually rebuild trust, but professional guidance can provide the tools and safe space needed for this process."
context_648,"My husband and I are in our 40s. We’ve been married 17 years. Three weeks ago, he said he loves me but is not in love with me. He was going to leave me, but he said he thought about it and decided to stay. I don't know how to feel any more. How should I take what he said and not feel so hurt? He has been very blunt, and hurtful words just come out of his mouth. He makes me feel like I'm nothing, but I so dearly love him with everything in me. He said it wasn’t a mid-life crisis.","I'm sorry you're going through this painful experience. What your husband said—that he loves you but is not in love with you—is deeply hurtful, especially after so many years together. It's important to recognize that his feelings are his own, but they do not diminish your value or the love you've shared. Try to give yourself permission to feel hurt, confused, and upset; these emotions are natural and valid.

To protect your emotional well-being, consider setting boundaries around how he speaks to you—hurtful and blunt words are not acceptable. You might find it helpful to express how his words impact you, calmly and clearly, when you're both ready. Seeking support from a trusted friend, family member, or therapist can provide you with comfort and perspective as you process your feelings and decide on next steps.

Remember that your love for him is real and meaningful, but relationships involve two people’s feelings and efforts. Healing and clarity may take time, but focusing on self-care and support can help you navigate this difficult"
context_649,"My husband and I are separated and he doesn't even want to talk to me.    He says he doesn't love me anymore, but I would do anything to get him back. Is there any hope?","I'm sorry you're going through this difficult situation. When one partner says they no longer love the other and doesn't want to communicate, it can feel very painful and uncertain. While it's natural to want to try to repair the relationship, it’s important to focus on your own well-being during this time. Sometimes, giving each other space can lead to reflection and healing. If you want to explore the possibility of reconciliation, consider reaching out gently after some time, or seeking support from a counselor or therapist who can help both of you navigate emotions and communication. Ultimately, both partners need to be willing to work toward rebuilding the relationship. Remember to take care of yourself and seek support from friends, family, or professionals as you navigate this challenging time."
context_650,My husband and I are separated. He says he needs some time apart. He says he needs to get back the “in love” part of a relationship but doesn’t want to lose me. Should I wait or start over new?,"Deciding whether to wait or start over is deeply personal and depends on your needs and feelings. Consider these points:

1. **Clarify Expectations:** Have an honest conversation about what “time apart” means—how long, what boundaries, and what both of you hope to achieve.

2. **Assess Your Well-being:** Prioritize your emotional health. If waiting causes prolonged uncertainty or pain, it may be healthier to focus on yourself.

3. **Consider Counseling:** Couples therapy can help explore feelings and improve communication, whether you decide to wait or separate.

4. **Set a Timeline:** Rather than waiting indefinitely, agree on a reasonable period to reassess the situation.

Ultimately, choose the path that respects your worth and happiness. It’s okay to seek support from trusted friends, family, or a counselor during this time."
context_651,"My husband and I got into a huge dispute. He said he wanted a divorce, and I left. I still come home a lot and see my kids, and he has not filed yet even though he still said he is. What does that mean for our marriage?","The fact that your husband said he wants a divorce but has not filed yet, and that you continue to come home and see your kids, suggests that the situation may still be uncertain or in transition. Legally, a divorce is not finalized until papers are filed and processed, so technically you are still married. Emotionally, his statement indicates he may be serious about ending the marriage, but the lack of action might mean he is reconsidering, uncertain, or delaying for other reasons. It’s important to have open communication with him to understand his intentions and consider counseling to address the issues in your marriage. Additionally, consulting a family law attorney can clarify your legal standing and help you understand your rights during this time."
context_652,"My husband and I had our first threesome recently. Everyone was drinking and he was on her more then me.    He and I talked about it afterwards and it made me feel better, and now I'm craving more of it. But before it gets close to happening I get this empty feeling. Why am I feeling this way?","Feeling an empty or uneasy sensation before another threesome, despite craving it, is common and can stem from a mix of emotions. It might be related to anxiety, uncertainty about how the experience will go, concerns about intimacy or relationship dynamics, or even subconscious fears about boundaries and trust. These feelings often surface as your mind processes the complexity of your desires alongside potential vulnerabilities. Reflecting on your emotions, communicating openly with your husband, and ensuring any future experiences feel safe and mutually comfortable can help address this emptiness. If the feelings persist or become distressing, speaking with a therapist who specializes in relationships or sexuality might provide additional support."
context_653,"My husband and I have been married for seven years, and in that time, we have only had sex four or five times. Others have told me that most men would have left me by now. Honestly, I think I have a low sex drive or neither one of us actually knows what we are doing. I want to be better connected with my husband.","It's great that you want to improve your connection with your husband. Low sexual frequency can stem from various factors including differences in libido, communication gaps, stress, or lack of knowledge about each other's needs. Consider opening an honest and non-judgmental conversation with your husband about your feelings and desires. Exploring intimacy beyond just sex, like spending quality time together, physical touch, and emotional sharing, can also strengthen your bond. If you both feel uncertain about how to navigate this, consulting a couples therapist or a sex counselor might provide useful guidance and support."
context_654,"My husband and I have been together for seven years now. I will be honest: I have a problem lying to him about stupid stuff. I recently stupidly lied to my husband about an accident because I was afraid to tell him what happened. Ever since then, he gives me the cold shoulder. He gets so mad and ignores me for days. He's really verbally and emotionally abusive. He tells me all the bad things about me and calls me awful names. Should we call it quits? I'm tired of crying, but we have a toddler together.","I'm sorry you're going through this. Emotional and verbal abuse is serious and harmful, regardless of the circumstances. Your feelings are valid, and you deserve to be treated with respect and kindness. It might help to reach out to a trusted friend, family member, or a professional counselor who can support you and help you explore your options. Considering the well-being of your toddler, it's important to create a safe and nurturing environment for both you and your child. If you feel unsafe or overwhelmed, seeking help from a domestic abuse support organization or a therapist experienced in abuse situations is a crucial step. Ultimately, only you can decide what's best for you and your family, but prioritizing your safety and emotional health is essential."
context_655,"My husband and I have been together since high school. We have been married going on for nearly ten years, and we have three beautiful children. A few weeks ago, my husband decided he need some time apart and moved over to his dad’s for a while. He comes home to see the kids and acts like there is not too much wrong. Can this marriage be saved or is it too late? He said he would go to counseling, so I don't think he has given up.","It sounds like your husband’s willingness to attend counseling is a positive sign that he isn’t giving up on the marriage. Taking time apart can sometimes help both partners gain perspective and work through challenges more effectively. Marriage counseling can provide a safe space to address underlying issues, improve communication, and rebuild connection. While every situation is unique, many couples find that with commitment, open communication, and professional support, their marriage can be saved. It’s important to focus on honest dialogue, patience, and working together toward healing."
context_656,"My husband and I would've been married for five years come June 2016. Our infant daughter just had her birthday. Shortly before, he told me he wanted a divorce. He has four other children, three of which are from his first wife. He decided to end that marriage when his youngest was an infant. The children do not have a good relationship with him now. He has another child from a woman he was dating. He decided he didn't want to be with her anymore when the child was an infant.    It seems to me that there is a pattern. He easily detaches from relationships at the same time in the child's life but wants a relationship with them when they are older. I've tried to research online, but I'm not getting any answers. He also has an unhealthy dependency on alcohol and does not believe in mental health disorders such as depression and bi-polar disorder. He also does not believe in therapy or seeking help from professionals. Is there a detachment disorder or some form of mental block he could have? Where do you recommend researching this?","Based on the pattern you describe—your husband ending relationships when children are infants but wanting involvement when they are older—along with his denial of mental health issues and resistance to help, it may reflect emotional detachment, avoidant attachment style, or unresolved psychological issues rather than a formal ""detachment disorder."" While there is no widely recognized clinical diagnosis called ""detachment disorder"" fitting this pattern exactly, behaviors like emotional distancing, fear of intimacy, or avoidance can be features of certain personality traits or disorders (e.g., avoidant personality disorder) or related to substance abuse impacts.

His unhealthy alcohol dependency could also contribute significantly to relationship difficulties and emotional unavailability. Denial of mental health disorders and refusal of professional help are common barriers but can worsen problems over time.

For research and better understanding, consider exploring reputable mental health resources such as:

- The American Psychological Association (APA) website for information on attachment styles and personality disorders.
- National Institute of Mental Health (NIMH) resources on substance"
context_657,My husband cheated on me and it hurt me very bad. It was a time when my health was poor. I'm have a hard time moving on.,"I'm truly sorry you're going through this difficult time. It’s completely understandable to feel hurt and struggle with moving on, especially when you were already dealing with health challenges. Remember to be gentle with yourself and consider reaching out for support—whether from close friends, family, or a professional counselor—who can help you process your feelings and guide you toward healing. You deserve care, understanding, and peace as you navigate this situation."
context_658,"My husband cheated while I was pregnant with our son with a so-called friend. This was before we were married. We split and eventually worked things out. I thought I trusted him so we got married. Now he flirts with girls in front of me. I've talked to him, but nothing helps.","I'm sorry you're going through this. It sounds like your husband's behavior is continuing to hurt your trust and feelings, despite your efforts to communicate. In situations like this, it may help to consider counseling—either couples therapy to work on your relationship together, or individual therapy to support your emotional well-being. Setting clear boundaries about what is acceptable behavior and discussing the consequences if those boundaries are crossed might also be necessary. Ultimately, your feelings and trust are important, and you deserve a relationship where you feel respected and secure."
context_659,"My husband doesn’t trust me for some past we had. I know all marriages have their ups and downs, but sometimes, I feel I am getting tired of the same thing over and over: that I am messing around, which I am not.","It's important to have open and honest communication with your husband about how his lack of trust affects you and your relationship. Consider expressing your feelings calmly and clearly, emphasizing your commitment and desire to move forward together. Couples counseling might also help both of you address past issues, rebuild trust, and create a stronger foundation for your marriage. Remember, rebuilding trust takes time and effort from both partners."
context_660,"My husband had an emotional affair with his ex-wife in November. She invited him to dinner, alone, with their daughter. I wasn’t aware of this until after 11pm when I asked where he was. He had been drinking, and I told him not to come home that night. The next morning, we talked about going to counseling. He went out that night with friends and said his ex-wife wasn't going. I found out in April that she did go. I gave him the chance to get everything out in the open. I found out that he stayed that second night with her. I asked if they slept in the same bed, and he said yes, both nights. His daughter wasn't there the second night. He claims they didn't have sex, but what else should I think?","It's understandable to feel deeply hurt and uncertain given the situation. While he denies sexual activity, sharing a bed with his ex-wife during overnight visits strongly blurs boundaries and constitutes a significant breach of trust. Emotional affairs can be as damaging as physical ones, especially when secrecy and dishonesty are involved. It's important to focus on clear, honest communication and consider professional counseling to navigate rebuilding trust and understanding the full extent of the situation. Trust your feelings and take the time you need to decide what is best for your emotional well-being."
context_661,"My husband has had issues with alcohol addiction in the past (he'd never admit to this). A while back (3 years ago), I asked him to stop drinking so much, and he agreed. I caught him one night drinking behind my back. I confronted him and he lied, but I told him I knew he was lying because I counted the beers in the fridge and four of them were missing. He admitted and apologized and promised he wouldn't do it again. Lately, my husband has been drinking on and off, but I noticed it was every single night. I didn't like this. For our New Year’s resolution, we decided we were going to limit our alcohol consumption. He was on board—no more drinking every night.
 The other night, I counted the beers in the fridge just to see if some were missing. It took a couple of days, but tonight, I discovered a few were missing along with a shot of vodka. He was passed out on the couch when I decided to wake him up and confront him (poor timing, but I couldn't wait). I asked him if he'd come to bed with me (when he drinks, he snores and I cannot sleep—it's a dead giveaway he's been drinking). He slurred a bit and said no. I asked if he had been drinking, but he snapped and said no. I went into our room to sleep, leaving him on the couch.  I'm not sure if I'm overreacting or not. I just feel like I'm so honest with him about everything, and I expect the same honesty. He is a good husband in every other regard.","Your feelings are valid, and your concerns about your husband's drinking and honesty are understandable, especially given the past issues with alcohol addiction. Trust and open communication are essential in any relationship, and his repeated drinking despite agreements, combined with dishonesty, can harm that trust and your emotional well-being. It might help to have a calm, honest conversation with him when he’s sober, expressing how his drinking affects you and your relationship. You may also consider seeking support from a counselor or support group for partners of people struggling with addiction to navigate this complex situation together."
context_662,"My husband told me last year he never loved me and should have never married me. He's been talking about divorce, but he hasn't filed. Now he has a girlfriend and he abandoned me and his kids. He has no financial help, and he has been out of the home for four months. He became very angry and mean. He says it's all my fault, and that we're not compatible.","I'm sorry you're going through this difficult situation. It may help to seek support from a trusted friend, family member, or a professional counselor to navigate your emotions and decisions. Since your husband has been absent for months, has a new girlfriend, and is not providing financial support, you might want to consult a family law attorney to understand your rights regarding separation, custody, and financial support. Taking steps to protect yourself and your children emotionally and legally is important during this time."
context_663,"My husband took a job out of state for the next year and seems to be a different person. Before, he worked and slept, and on off days, he'd stay home because he didn't want to do anything else. Now he's going out with friends several nights a week while I'm still home working a 50 hours a week job and taking care of two kids by myself. He's suddenly saying he misses me and wants me to be his adored wife, but the whole time, I'm remembering how I've been emotionally starving for the last five years.","It sounds like you're feeling deeply hurt and overwhelmed by the changes in your husband's behavior and the emotional distance you've experienced over the years. His sudden desire for connection now contrasts sharply with the years you felt neglected and emotionally starved while managing so much on your own. It’s important to acknowledge your feelings and consider having an open, honest conversation with him about how his actions have impacted you and what you both need moving forward. Seeking couples counseling might also help you navigate this complex situation together. Above all, make sure to take care of your own emotional well-being during this challenging time."
context_664,"My husband used a lot of negative words to hurt me, and I moved out. He is seeing a counselor and wants another chance to make things right. I'm not sure if I trust that he will not go back to his old ways.","It's understandable to feel uncertain about trusting your husband again after experiencing hurtful behavior. Rebuilding trust takes time, consistent effort, and clear changes in behavior. It might help to set boundaries and communicate your needs clearly while he continues counseling. Consider whether you feel safe and if his actions align with his words over time. Seeking support from a therapist or counselor for yourself can also provide guidance and help you navigate this process. Your feelings are valid, and prioritizing your emotional well-being is important."
context_665,"My husband’s ex-wife married a man who was charged with seven felony counts of pandering involving a minor. He, by his own admission, is addicted to child pornography. My step-daughters are now all teenagers. They do not know. My husband’s ex-wife has kept this information from my step-daughters. The step-father has had issues regarding his pornography addiction recently. The ex-wife minimizes it by saying that he has ""repented."" It is a constant strain on my husband, knowing that his girls are living with a man who is addicted to child pornography. My own therapist believes the girls should be told. The ex-wife says her therapist says the opposite.","This is a very sensitive and complex situation involving the safety and emotional wellbeing of your step-daughters. Given the serious nature of the step-father's past criminal charges and ongoing issues, transparency with the girls, handled carefully and age-appropriately, could be important for their protection and understanding of their environment. Since your husband and you are concerned, consider seeking advice from a child welfare professional or counselor experienced with trauma and family dynamics in such contexts. They can help determine how and when to inform the girls in a way that supports their safety and emotional health. It may also be helpful to explore legal options or child protective services if there is reason to believe the girls are at risk. Prioritizing the girls' safety and emotional support is paramount."
context_666,"My issue isn't resisting angry urges; it's the anger itself. My rage is extreme and vastly disproportionate to the direct stressor. It causes violent thoughts, but I never act. I stay lucid enough to know the rage is violent, not me. I don't want to drown myself in anger and resentment.","It sounds like you're experiencing intense anger that feels overwhelming and disconnected from the actual situation, which can be very distressing. Since you recognize these feelings and want to manage them without acting on violent thoughts, consider these approaches:

1. **Seek Professional Support:** A mental health professional, such as a therapist or counselor, can help you explore the underlying causes of your rage and develop personalized strategies to manage it effectively.

2. **Anger Management Techniques:** Practices like deep breathing, mindfulness meditation, and grounding exercises can help reduce immediate feelings of anger and increase your sense of control.

3. **Identify Triggers:** Keeping a journal to note when these intense rages occur may help you uncover patterns or underlying issues contributing to your anger.

4. **Healthy Outlets:** Physical activity, creative expression, or talking to trusted friends can provide constructive ways to release built-up tension.

5. **Self-Compassion:** Recognize that feeling anger doesn’t define who you are. Your awareness that the rage is"
context_667,"My kid’s dad and I broke up two years ago. He still wants me back, and I just started to fall for him again. But our kids are with Child Protective Services: that’s why we broke up. He started to talk to other women, and he put his hands on me.","Given the history of your breakup, the involvement of Child Protective Services, and the fact that he has been physically abusive and unfaithful, it is important to prioritize your safety and the well-being of your children. Consider seeking support from a trusted friend, family member, or a professional counselor. If you feel threatened or at risk of harm, do not hesitate to contact local authorities or a domestic violence hotline for immediate assistance. Rebuilding a relationship under these circumstances can be very challenging and potentially unsafe."
context_668,"My last relationships have ended horribly. They just up and abandoned me. One of them I have never gotten closure with over it, leaving me emotionally wrecked. I know something's wrong with me but I don't know how to even start trying to better myself.
 I get into these depressed like states whenever anyone I care about is too busy to be with me. I know that I shouldn't act like that because people are genuinely busy, but I feel like they're doing it just because they don't want to be around me.","I'm sorry you're feeling this way. It sounds like you're going through a really tough time with past relationships and the feelings of abandonment. It's important to remember that your feelings are valid, and healing takes time. One way to start bettering yourself might be to focus on self-compassion—treat yourself with the same kindness you'd offer a friend in your situation. You might also consider seeking support from a therapist, who can help you explore these feelings, develop coping strategies, and work on building your self-esteem. Additionally, practicing healthy communication with the people you care about can help reduce misunderstandings and ease feelings of insecurity. Remember, your worth is not defined by others' availability, and working on your own well-being is a valuable and courageous first step."
context_669,"My life is completely normal, yet I feel empty inside. I feel as if I already know why I'm alive: to reproduce and die.","It's not uncommon to feel a sense of emptiness or question the purpose of life, even when everything seems normal on the outside. Exploring what gives your life meaning beyond basic biological functions—such as relationships, passions, personal growth, or helping others—can be helpful. Sometimes, talking with a trusted friend, mentor, or mental health professional can provide support and guidance in finding deeper fulfillment and purpose."
context_670,"My long-distance girlfriend is in a sorority, and it's changing her. I feel like I'm becoming less important to her and it hurts. She just wants me to support the sorority, but it's so hard. I try every day to show her she's the most important thing to me, but she can't even stay relatively sober at a fraternity party for me so that I won't worry about her doing anything regretful. We love each other, but we're in a rough patch.","It sounds like you’re feeling hurt and disconnected as your girlfriend’s sorority involvement changes her priorities, and the distance makes it harder to stay close. It’s important to have an open, honest conversation with her about how her behavior at parties and the time she spends away from you affects your feelings. Express your love and support, but also share your need for reassurance and boundaries that help you feel secure. Relationships, especially long-distance ones, require mutual understanding and compromise—finding a balance where she can enjoy her sorority experience while you both prioritize the relationship will help you work through this rough patch together."
context_671,My long-term girlfriend broke up with me recently. She says it's because of my anger.,"I'm sorry to hear about your breakup. It might help to reflect on the moments when anger affected your relationship and consider seeking ways to manage it, such as talking to a therapist or practicing stress-reduction techniques. Taking steps toward understanding and controlling your emotions can support your personal growth and improve future relationships."
context_672,"My mom and I have been fighting a lot now, and I just want a good relationship with her.","It’s understandable to want a loving and peaceful relationship with your mom. To help improve things, try finding a calm moment to talk openly and honestly about how you both feel. Listening to each other without judgment can build understanding. Setting boundaries and expressing your needs respectfully may also help reduce conflicts. Remember, building a stronger relationship takes time and patience from both sides. If things feel too difficult to navigate alone, consider seeking support from a family counselor or therapist."
context_673,"My mom and dad got divorced four years ago. I had to finish out the school year with my dad, and now they are deciding which place is best for me. I can't choose. How can I choose if I love both places?","It's understandable to feel torn because you love both places. One way to approach this decision is to think about what makes you feel happiest and most comfortable in each place—like your daily routines, your friends, your school, and how you feel around each parent. You might also talk openly with your mom and dad about your feelings, so they understand how hard this is for you. Remember, it’s okay to ask for time to adjust and to share your feelings with someone you trust, like a counselor or another family member. Your well-being is the most important thing, and the people who care about you want to support you no matter what."
context_674,My mom is always bossy and treats me like a child even though I'm in my 20s. She argues with me over stupid stuff.,"It sounds frustrating to feel like your mom doesn't respect your independence despite being an adult. Setting clear and calm boundaries might help improve your communication. You could try expressing how her bossy behavior makes you feel and ask for more mutual respect. Sometimes, choosing the right time to talk and staying composed during disagreements can also reduce unnecessary arguments. If things don't improve, seeking support from a counselor or mediator could provide helpful strategies for managing your relationship."
context_675,"My mom made a lot of mistakes a couple years back, and I can't seem to forgive her. I want to say that it's okay, but I can't. I feel like even if I did forgive her, I wouldn't be able to say it to her face.","It's understandable to struggle with forgiveness, especially when the hurt feels deep. Healing takes time, and it's okay to acknowledge that you're not ready to forgive yet or express it openly. You might find it helpful to start by processing your feelings privately—through writing, therapy, or talking to a trusted friend—before facing your mom. Remember, forgiveness is a personal journey and doesn't have to be rushed or forced; it's about finding peace for yourself, not just reconciling with her."
context_676,"My mother and I have an okay relationship. I know she loves me unconditionally, and I love her the same. However, more times than not, I'm afraid to tell her anything personal because she either doesn't listen, she turns it around and makes everything about her, or she ignores things - even when they are about my mental health.","It sounds like you deeply value your relationship with your mother and recognize her unconditional love, but you also feel unable to share personal or sensitive matters with her due to feeling unheard or dismissed. This can be very challenging, especially when it concerns your mental health. It may help to set boundaries or seek alternative trusted people to talk to, such as close friends, a counselor, or a support group, so you have a safe space to express yourself fully. Additionally, when you do choose to share with your mother, you might try expressing how her responses affect you, focusing on ""I"" statements to communicate your needs without blame. This can sometimes open a pathway to better understanding and support."
context_677,"My mother has Alzheimer's and I can see that she has lost some of her intellectual abilities. Even though I know this disease is not her fault, I’m still finding it difficult to separate my own feelings of disappointment and frustration when my mom seems to ignore my opinions and wishes, and seems","It's completely natural to feel disappointment and frustration when someone you love, like your mother, with Alzheimer's seems to ignore your opinions and wishes. The disease affects her ability to process and respond, not her feelings or intentions. Remember to be patient with both her and yourself—acknowledging your emotions while understanding that her behavior is a symptom of the illness can help you find compassion and manage your feelings more gently. Seeking support from others who understand Alzheimer's caregiving or talking to a counselor may also provide relief and guidance."
context_678,"My mother has Alzheimer's and she has become so nasty and mean to everyone and she always asks for unrealistic, silly or meaningless items. I get so frustrated and angry, but then I feel guilty because I know it probably isn’t her fault. How can I cope with feeling like this?","Caring for a loved one with Alzheimer's can be incredibly challenging, especially when their behavior changes. It's important to remember that Alzheimer's affects the brain, leading to confusion and changes in mood and behavior, so your mother's actions are not intentional. To cope with your feelings, try the following:

1. **Practice Compassion:** Remind yourself that her behavior is a symptom of the illness, not a reflection of who she is or her feelings toward you.

2. **Set Boundaries:** It's okay to protect your own emotional well-being by gently redirecting or limiting interactions when things become too upsetting.

3. **Seek Support:** Talk to others who understand—support groups for caregivers, friends, or a therapist can provide validation and coping strategies.

4. **Use Stress-Relief Techniques:** Deep breathing, mindfulness, or short breaks can help reduce frustration in the moment.

5. **Educate Yourself:** Learning about Alzheimer's can help you better understand her behavior and feel more prepared to respond calmly.

6."
context_679,My mother is combative with me when I say I don't want to talk with her about my depression.    She hasn't been supportive of me in the past and she isn't someone that I feel comfortable opening up to. She constantly tries to instigate conversations where she asks me questions that I don't want to or can't answer. I tell her I don't want to talk and she starts arguments with me.    How can I get her to understand?,"It can be very difficult when a parent doesn't respect your boundaries, especially around sensitive topics like depression. To help her understand, try having a calm, honest conversation when you’re both in a neutral mood. Explain that you appreciate her concern but don’t feel ready or comfortable discussing your depression with her right now. Emphasize that pushing you to talk actually makes it harder for you to open up. You might also set clear boundaries by saying something like, ""I need space to process this on my own, and I’d prefer not to discuss it unless I bring it up."" If she continues to disregard your wishes, consider limiting interactions about this topic or seeking support from someone you trust, like a therapist or another family member, who can also help reinforce your boundaries. Remember, your emotional well-being comes first, and it’s okay to protect yourself from conversations that feel harmful."
context_680,"My mother takes care of niece whom my sister abandoned. She calls me every day complaining, but I don't want to hear it anymore.","It’s important to set boundaries for your own well-being. You might gently let your mother know that you understand her feelings but need to limit these conversations because they’re becoming overwhelming. Suggest she talk to other support resources or professionals who can help her cope. Offering to listen occasionally, rather than daily, may help maintain your relationship without causing you distress."
context_681,"My mother-in-law is mentally ill. She has been for most of her life. She cuts herself. She has been in and out of psychiatric hospitals for about 40 years. She has voices in her head that tell her to cut herself. She has had multiple shock therapy treatments, and she’s on enough medication to take down an elephant. Her parental rights for her two children were taken away from her when my husband was a boy—he is now in his late 30s. She doesn’t even have custody of herself. She hasn’t asked yet, but she has been insinuating that she wants to babysit my child. How do I go about saying no without creating an issue?","You can set clear and firm boundaries while expressing concern for everyone’s well-being. Consider saying something like: “I appreciate your offer and understand you want to help, but right now we feel it’s best to keep babysitting with people who can provide a very stable environment for our child. We hope you understand this decision is about keeping our child safe and comfortable.” Keep the tone respectful and avoid debating; focusing on your child’s needs helps prevent conflict. If needed, you can also suggest alternative ways she can be involved that don’t involve caregiving, such as visiting for short supervised visits."
context_682,My motivation has gone away. It's hard to get out of bed. I really don't know what to do anymore. I'm miserable. My anxiety and depression have taken over my life.,"I'm really sorry you're feeling this way. It might help to reach out to a mental health professional who can provide the support and guidance you need. Talking to close friends or family members about how you're feeling can also make a difference. Remember, you're not alone, and there are people who want to help you through this. If things ever feel overwhelming, don't hesitate to seek immediate help from a crisis helpline or emergency services."
context_683,"My new daughter-in-law just informed me that she is smoking marijuana while pregnant because of her morning sickness. I’m in shock and I don’t know how to respond. I just lost my mom, and she was good with advice.","It's understandable that you're feeling shocked and unsure how to respond. While some people use marijuana to alleviate morning sickness, medical experts generally advise against its use during pregnancy due to potential risks to the baby's development. It might help to gently express your concerns and encourage her to discuss safe treatment options with her healthcare provider. Remember to take care of yourself during this stressful time, and consider seeking support from a trusted friend, counselor, or support group to help process your feelings."
context_684,"My older brother (in his 60s) started dating a lady with Asperger's. She is hyper-sexual and flirty. She does not understand boundaries. They’ve been dating for a few months, and she's talking marriage. Another sibling and his wife have met her, and they have said she is never invited back. My brother always picks similar ladies. Do we speak honestly and risk losing a relationship?","It's important to approach this situation with care and compassion. If your brother’s relationship is causing concern—especially regarding boundaries and his pattern of choosing similar partners—it may be helpful to have an honest but gentle conversation. Focus on expressing your feelings and concerns without judgment, emphasizing that you care about his happiness and well-being. Avoid attacking his girlfriend personally; instead, discuss specific behaviors that worry you and how they affect the family dynamics. This approach can open dialogue without immediately risking the relationship. Ultimately, maintaining open communication and setting healthy boundaries within the family is key. If needed, consider involving a neutral third party, like a counselor, to facilitate these discussions."
context_685,"My parents seem okay with other sexualities, but normally they only talk about being gay. When they do talk about bisexuality, they say things like “they'll do anything” or things that make me very uncomfortable because I am bisexual. I don't know if I am ready to come out to them.","It's understandable to feel uncertain about coming out when your parents express views that make you uncomfortable. Their comments may stem from misunderstandings or stereotypes about bisexuality. You might consider sharing resources or information about bisexuality with them to help educate and challenge these misconceptions over time. Remember, coming out is a personal decision and should happen when you feel safe and ready. Prioritize your emotional well-being and consider seeking support from trusted friends, LGBTQ+ groups, or counselors who can offer guidance during this process."
context_686,"My partner and I have had an amazing relationship and connection for over two years. We're very committed to each other and are planning a very long life together. However, he recently was very open and honest that he isn't interested in having sex with me anymore. He says this has happened in every past relationships and has ended it as a result. He knows it's because it's the ""same person"" feeling, but how can he get over this?","It sounds like your partner may be experiencing a form of sexual fading or decreased desire linked to emotional familiarity, which some people encounter over time in relationships. Addressing this can involve several approaches:

1. **Open Communication:** Continue having honest, non-judgmental conversations about feelings, desires, and needs to understand each other's perspectives deeply.

2. **Explore Variety and Novelty:** Introducing new experiences, fantasies, or activities into your intimacy can reignite excitement and counteract the ""same person"" feeling.

3. **Seek Professional Help:** Consulting a sex therapist or couples counselor can provide tailored strategies and support to navigate this challenge.

4. **Focus on Emotional Intimacy:** Sometimes strengthening emotional connection outside of the bedroom can positively impact physical intimacy.

5. **Individual Reflection:** He might benefit from exploring personal feelings or possible underlying issues (stress, hormonal changes, mental health) with a healthcare professional.

Ultimately, overcoming this takes time, patience, and mutual effort, and professional guidance can be"
context_687,"My partner lives in Canada while I live in the US. We visit each other, but we go months in between visits. I have anxiety, and I'm always anxious about him cheating or still having feelings for an ex that he dated for three years. He doesn't understand my anxiety. How do I stop myself from worrying so much?","It's natural to feel anxious in a long-distance relationship, especially when time apart is long and trust feels fragile. Here are some steps to help manage your anxiety:

1. **Communicate openly:** Share your feelings with your partner in a calm, non-accusatory way. Let him know that your anxiety comes from your own insecurities, not a lack of trust in him.

2. **Build trust gradually:** Focus on transparent communication, regular updates, and small routines that reassure you both, like scheduled calls or sharing daily highlights.

3. **Challenge anxious thoughts:** When worries about cheating or his feelings for his ex arise, gently question their basis. Remind yourself of evidence that supports trust rather than fear.

4. **Focus on self-care:** Engage in activities that reduce anxiety—exercise, mindfulness, hobbies, or therapy. A mental health professional can provide coping strategies tailored to your situation.

5. **Set boundaries with your thoughts:** When anxiety spikes, redirect your attention to the present"
context_688,My partner seems to always get depressed over the fact that his kids have to see and go through the divorce process. It’s especially when the mother of his kids keeps making him feel bad and using the kids as an excuse to get back at him. I feel like just telling him to go back with his family and forget about me.,"It sounds like your partner is struggling with the emotional impact of the divorce on his children, compounded by the difficult interactions with their mother. This situation can be deeply stressful and painful for everyone involved. Instead of suggesting he leave your relationship, it might help to support him in finding healthy ways to cope—such as counseling for himself and possibly for the family—to navigate these challenges together. Open communication between you and your partner about feelings and boundaries can also strengthen your relationship during this tough time."
context_689,"My roommate has had a drinking problem for a while. She goes out, gets trashed, and then expects everyone to take care of her. The next morning, she apologizes constantly until she feels validated. She also thinks everyone hates her all the time. If I don't seem anything other than happy, she asks me ""Do you hate me? You hate me. Tell me you love me,"" and I feel like I have to pity her because she has also been suicidal before.","It sounds like your roommate is struggling with serious emotional and behavioral issues connected to her drinking problem, which is impacting both her well-being and your relationship. Setting clear boundaries about what support you can provide, encouraging her to seek professional help for her alcohol use and mental health, and possibly involving a counselor or support group could be important steps. Remember to also take care of your own emotional health while navigating this challenging situation."
context_690,My roommate is a unapologetic person who doesn't care who she hurts. She never apologizes to me or my family. She made me lose my temper today to the point where I was using swear words in front of my mom and brother.,"It sounds like your roommate's behavior is causing significant stress and affecting your relationships with your family. It might help to set clear boundaries with her about what behavior you find unacceptable. If direct communication doesn’t improve the situation, consider discussing living arrangements or seeking support from a mediator or counselor to address the conflict constructively. Taking care of your own well-being and maintaining respectful relationships with your family is important."
context_691,"My son claims that hes been having extremely violent thoughts and dreams. Not violent like he's hurting someone, but violent thoughts like horrible things happening to his loved ones. He explained one of his dreams the other day and it was so violent it was sickening. It was far beyond anything in a horror movie, he says he can't help these thoughts they just pop up. Please help!","I'm sorry to hear that your son is experiencing such distressing thoughts and dreams. Intrusive violent thoughts can be very upsetting, especially when they involve loved ones. It's important to understand that having these thoughts does not mean he wants them to happen or that he will act on them. However, because they are causing him significant distress, it would be beneficial for him to speak with a mental health professional, such as a psychologist or psychiatrist. They can help identify any underlying causes, provide coping strategies, and offer appropriate treatment if needed. In the meantime, creating a supportive and nonjudgmental environment for him to express his feelings can be helpful. If his thoughts ever become overwhelming or if he shows signs of distress that suggest he might harm himself or others, seek immediate professional help."
context_692,"My son stole my debit card and lied about it. It's not the first time he has lied. I don't know what to do anymore. I don't know if I should punish him or make him do something. I've tried talking to him and asking if anything was wrong. I have grounded him, but nothing works. What should I do?","Dealing with repeated lying and stealing from your son can be very challenging. Since talking and grounding haven't been effective, consider these steps:

1. **Set Clear Consequences:** Establish specific, consistent consequences for lying and stealing that are directly related to the behavior, such as restitution (having him repay or replace what was taken) or loss of privileges tied to trust.

2. **Rebuild Trust:** Work on rebuilding trust gradually. Let him know that trust is earned and requires honesty.

3. **Identify Underlying Issues:** Sometimes, such behavior signals underlying emotional or social problems. Consider involving a counselor or therapist who can help uncover reasons behind his actions and guide both of you through strategies to improve communication and behavior.

4. **Model Honesty and Accountability:** Demonstrate honest behavior yourself and acknowledge your own mistakes when appropriate, creating a family culture that values truth.

5. **Involve Him in Solutions:** Empower him by involving him in creating rules or consequences, which can increase his sense of responsibility"
context_693,"My son was diagnosed with autism a few years ago and I stopped working so that I could take care of him. I also was dealing with an abusive relationship (mentally, physically, and emotionally). Now I live like a recluse and I always feel nervous around people.
   How can I feel more comfortable around other people?","Feeling more comfortable around others after experiencing trauma and social withdrawal takes time and patience. Here are some steps that might help:

1. **Start Small:** Begin with brief, low-pressure social interactions, such as saying hello to a neighbor or chatting with a cashier. Gradually increase the duration and complexity as you feel more at ease.

2. **Safe Spaces:** Spend time in environments where you feel safe and supported, like a support group for parents of children with autism or a community center. Being around people with shared experiences can ease anxiety.

3. **Professional Support:** Consider seeking therapy from a counselor experienced in trauma and social anxiety. They can offer coping strategies, help rebuild social confidence, and address the effects of the abusive relationship.

4. **Practice Self-Compassion:** Acknowledge that your feelings are valid. Celebrate small victories in social interactions without judgment.

5. **Mindfulness and Relaxation:** Techniques such as deep breathing, meditation, or gentle exercise can reduce nervousness before and"
context_694,"My spouse decided he no longer wanted me six years ago. Things have deteriorated so badly that we have separated but still live in the same house. He says he despises the sight of me, wants to be with other women, and divorce. What I don't understand is that he says constantly that I have no feelings for him and gets absurdly jealous if I speak to another male. Why does he constantly do these behaviors? I might add he has been diagnosed with borderline personality disorder and as a narcissist.","His behaviors likely stem from a complex mix of emotional instability, fear of abandonment, and distorted self-image associated with borderline personality disorder (BPD) combined with narcissistic traits. People with BPD often experience intense emotions, fear rejection deeply, and have difficulty managing relationships, which can cause them to oscillate between pushing others away and being extremely jealous or possessive. The narcissistic traits may contribute to a need for control, entitlement, and a fragile ego, leading to contradictory actions like expressing disdain while simultaneously reacting jealously to perceived threats. This combination can cause confusion and inconsistency in how he relates to you, explaining why he both rejects you and reacts strongly when you interact with other men."
context_695,"My spouse visited the red light district a couple of years back in Amsterdam. After he got back from the trip he got me tested for stds. In the aftermath he has provided multiple versions of what happened, from having a total blackout to being touched by a prostitute. How do I know if he had sex?","To determine if your spouse had sex during his visit to the red light district, consider the following steps:

1. **Open and honest communication:** Have a calm and direct conversation with him, expressing your concerns and the need for transparency. Encouraging honesty can help clarify what actually happened.

2. **Look for consistency:** Note the differences in his stories. Inconsistent accounts may indicate he is withholding information.

3. **Check for physical evidence:** While you cannot rely solely on this, signs such as unexplained symptoms or unusual behavior might be clues.

4. **Medical testing:** Since he already tested you for STDs, it might be reasonable for both of you to undergo comprehensive STD testing. Some infections can be asymptomatic and testing offers peace of mind.

5. **Consider counseling:** If trust issues persist, couples counseling can facilitate better communication and help address underlying concerns.

Ultimately, confirming whether he had sex depends largely on his willingness to be truthful and transparent. If trust has been compromised, seeking"
context_696,"My step nephew, a preteen, has begun masturbating. I also had to take away the internet because he was caught looking up porn. I’m worried about him.","It's natural for preteens to explore their bodies as part of growing up, but it's important to guide them with age-appropriate information and boundaries. Since he was looking up porn, it’s good that you took steps to limit his internet access to protect him from inappropriate content. Consider having an open, honest, and non-judgmental conversation about puberty, sexuality, and healthy behaviors. If you're concerned about his behavior or emotional well-being, consulting a pediatrician, counselor, or child psychologist can provide additional support and guidance."
context_697,"My stepdad and I always mess around. I've noticed that whenever he playfully hits me, it's always my butt that he hits. He always comments on my outfits and always scans me head to toe when I walk into a room. I'm a teenager female, and I want to know if this is normal.","It's important to recognize that certain behaviors, especially those involving unwanted physical contact and comments about your appearance, can be inappropriate regardless of the relationship. If your stepdad's actions make you uncomfortable or cross personal boundaries, this is not normal or acceptable. You have the right to feel safe and respected. Consider talking to a trusted adult, counselor, or someone you trust about how you're feeling to get support and guidance."
context_698,"My suppose-to-be father told me to go find my real dad. We haven't been getting along since I was a teenager. If I said one thing that he thought was wrong, I always got degraded. He never said “I love you.” He never gave us hugs. He’s always called me horrible names. I feel he's an evil man with no feelings.","I'm sorry you're going through this. It sounds like your relationship with your supposed father has been very painful and hurtful. Remember that his words and actions do not define your worth. Seeking support from trusted friends, family members, or a counselor might help you process these feelings and find a path toward healing. You deserve to be treated with kindness and respect."
context_699,"My therapist is gay so there are no sexual issues here. However, my therapist for six years has made me believe that he cares about me and that we are friends. I have loaned money to him many times, and he always paid me back.
   I had a medical emergency last weekend and I was heavily medicated. I knew that this therapist came into my home and wrote down my credit card information so he could pay back what he owed me, but this therapist dropped me off and never came again. I don't know what to do.","You should consider contacting the authorities immediately to report that your therapist entered your home without your consent and took your credit card information. This is a serious breach of trust and potentially illegal. Additionally, you might want to reach out to a trusted friend, family member, or another mental health professional for support during this difficult time. It may also be important to report this behavior to the licensing board or professional association that oversees therapists in your area to help prevent this from happening to others. Prioritize your safety and well-being."
context_700,"My toddler defies everything I say and doesn’t see me as authoritative, so she says no about everything. I'd like to hear some ways I can work on not needing to feel so much in control all the time.","It's common for toddlers to test boundaries as they develop independence. To work on feeling less need for control, try these approaches:

1. **Pick Your Battles:** Focus on what truly matters for safety and values, and let go of minor issues. This reduces tension and power struggles.

2. **Offer Choices:** Give your toddler limited, acceptable options (e.g., “Do you want to wear the red shirt or the blue one?”) to foster autonomy and reduce defiance.

3. **Practice Empathy:** Acknowledge your toddler’s feelings (“I see you don’t want to stop playing”), which helps them feel understood and decreases resistance.

4. **Model Calmness:** When you stay calm in challenging moments, it teaches your child to regulate their emotions and lessens the intensity of conflicts.

5. **Build Connection:** Spend quality, unstructured time together to strengthen your relationship, so your child sees you as a trusted guide rather than just an authority figure.

6. **Reflect on"
context_701,"My toddler is having a real hard time with toilet training. He almost throws up every time he sees his poop. He gags and will not go on the toilet. We have tried a toilet chair and ring that goes on the big-boy toilet, but he refuses to use it. When he sits on the toilet, he just sits there forever and only will pee. He holds the poop in until he get up and then will poop in his diaper. I dump his diaper in the toilet and let him know that it is where it goes to try to encourage him. How can I help him get over this fear and passed the stress?","It's common for toddlers to feel anxious or fearful about toilet training, especially when it comes to pooping. Here are some strategies to help your child overcome this difficulty:

1. **Create a Positive and Relaxed Environment:** Avoid pressure or punishment. Make toilet time calm and stress-free. Read books about potty training or watch videos together to normalize the experience.

2. **Use Incentives and Praise:** Celebrate small successes like sitting on the toilet or peeing there. Use gentle encouragement or a reward system for progress.

3. **Establish a Routine:** Have regular toilet sitting times, especially after meals, to build predictability and help his body get used to the process.

4. **Address Sensory Sensitivities:** Some kids are sensitive to the feel or sight of poop. Consider using a potty chair that he can see his stool drop into without a loud flush. If spills or smells cause distress, make sure the bathroom environment is clean and comfortable.

5. **Make Holding in Poop"
context_702,"My wife and I are newly married, about 2 months. We've had some issues surrounding sex, particularly her lack of libido. She's on an anxiety medication, of which diminished libido is a side effect, but I think our issue is also partly one of a lack of intimacy/romance centered around my hectic schedule. Our sex life has suffered as a result. Tonight she made a genuine effort to let me know she wanted sex, which is a big deal. Once things started, she had the most obviously fake orgasm I've ever encountered. I was honest with her about why, and told her that the most important thing to me in sex was knowing that she was legitimately enjoying it. She responded angrily with a complete denial of the faking. I don't know how to broach this subject and have an honest conversation. I think she will continue to lie to me about faking it which will cause our sex life to spiral further. Please help.","It's important to approach this sensitive topic with empathy and care. Start by choosing a calm, private moment to express your feelings without assigning blame. Emphasize that your priority is mutual honesty and emotional intimacy, and that you want to understand her experience so you both can improve your connection. You might say something like, “I want us to have a fulfilling intimate life, and I hope we can be open with each other about what feels good or doesn’t.” Recognize that her medication and stress could be affecting her libido and comfort, so encourage gentle communication about her needs and feelings. Consider suggesting couples therapy or sex therapy as a supportive space to explore these challenges together with a professional. Above all, fostering trust and patience will help both of you navigate this complex issue."
context_703,"My wife and I got separated because I asked about her contact with a male friend of hers. The next day, she kicked me out. She let me move back two days later. Yesterday, she said she wanted a divorce then quickly changed her mind. I asked if the other guy was a factor, but she says it's not my business.","It sounds like there is a lot of confusion and emotional tension between you and your wife right now. Open, honest communication is crucial. Consider calmly expressing your feelings and concerns without accusations, and encourage her to share her perspective. Couples counseling might help both of you navigate these issues and improve trust and understanding. If she remains unwilling to discuss important matters like her contact with the other man, it may be necessary to reflect on your relationship boundaries and what you need to feel secure and respected."
context_704,"My wife and I have a great relationship except for our sex lives. We are pretty transparent and honest, and basically, she feels bad because she never wants to have sex. She doesn't have the desire. She's also never orgasmed. She feels like a terrible wife and fears I'll cheat on her. She doesn't know why. Last time we had sex, she cried and felt bad and didn't know why she cried. However, she also told me that the last time we had sex, she felt me in her, but it just felt ""ehh"" and wanted to stop. That makes me feel really awful. We rarely have foreplay. Everything I try tickles her, so she makes me stop. We are both frustrated but very much in love. She and I are in our early 20s. We’re married and we have a baby on the way.","It sounds like both of you are experiencing a lot of emotional and physical challenges around intimacy, which is understandable given the complexity of factors like stress, hormonal changes (especially with a baby on the way), and emotional well-being. Her lack of desire and difficulty achieving orgasm, combined with discomfort during foreplay, suggest she might be dealing with underlying issues such as hormonal imbalances, anxiety, or possible physical sensitivities.

Here are some steps that might help:

1. **Open, Gentle Communication:** Continue being honest and supportive without pressure. Let her express her feelings freely and reassure her that her value in the relationship isn’t tied solely to sex.

2. **See a Healthcare Provider:** Encourage her to consult a gynecologist or a women's health specialist to rule out any medical causes such as hormonal changes, vaginismus, or other physical factors that might be contributing to discomfort and low desire.

3. **Consider Therapy:** A sex therapist or couples counselor can help both of you explore emotional blocks,"
context_705,"My wife and mother are having tense disagreements. In the past, they’ve had minor differences. For example, my wife would complain to me my mother is too overbearing; my mother would complain my wife is lazy.
 However, it’s intensified lately. I think the cause is my wife talked back to her once. Now, any little disagreement is magnified, leading to major disagreements. What can I do?","To address escalating tensions between your wife and mother, start by facilitating open and respectful communication. Arrange a calm, neutral setting where both can express their feelings without interruption. Acknowledge each person’s perspective and encourage empathy to understand each other’s concerns. Set clear boundaries to prevent overbearing behavior and clarify expectations. Avoid taking sides, and emphasize that your priority is family harmony. If needed, consider involving a neutral third party, such as a family counselor, to mediate and help resolve deeper issues. Consistently support positive interactions and address conflicts early before they intensify."
context_706,"My wife is always accusing me of cheating and telling me that I'm doing things she finds disrespectful even when I don't mean it like that. For example, she gets offended when I call someone at work ""sweetheart."" I wish I had a penny for every time she accused me of cheating on her. She doesn't, and never will say she was wrong. How do I get her to understand?","Dealing with accusations and misunderstandings in a relationship can be very challenging. It's important to approach the situation with empathy and open communication. Here are some steps you can take:

1. **Choose a calm moment to talk:** Find a time when neither of you is upset to discuss how her accusations and reactions make you feel.

2. **Express your feelings using “I” statements:** For example, “I feel hurt when you accuse me of cheating because I am committed to you,” rather than blaming or accusing her in return.

3. **Seek to understand her perspective:** Ask gently why certain words or actions upset her, so you can better understand her feelings and insecurities.

4. **Set boundaries together:** Agree on what language and behaviors are comfortable for both of you, so you avoid unintentionally offending each other.

5. **Consider couples counseling:** A neutral third party can help both of you communicate more effectively, address trust issues, and work through misunderstandings.

6. **Build trust"
context_707,"My wife is trying to leave. She agreed to come back and give me a little time. Even said she hopes I can do it. We buried our first born in Jan 13 years ago. She never got past it. So every year around this time, she gets emotional and says she doesn't think she loves me, but then we go back to normal. This time, another guy came in and showed her attention. I'll forgive the cheating if she'll come home.","This is an incredibly painful and complex situation for both of you. Grieving the loss of your firstborn is a profound trauma that deeply affects your relationship, and it's understandable that your wife struggles with her emotions each year around this anniversary. Her expressing doubts about her love during this time may be tied to her ongoing grief rather than a lack of commitment. The involvement of another person complicates things further, but your willingness to forgive shows a strong desire to heal and rebuild together. Moving forward, it might help to seek couples counseling, where a professional can support you both in processing grief, addressing the emotional distance, and rebuilding trust. Prioritizing open communication and mutual healing can create a path toward reconciliation if both of you are committed to it."
context_708,My wife just last week said she wants a divorce and it's all sudden. I understand that marriages have their ups and downs but I don't understand why she can't tell me why she wants a divorce. Should I fight for my family (daughter and wife)?,"I'm sorry you're going through this difficult time. When a spouse suddenly expresses a desire for divorce without clear explanation, it can be very painful and confusing. It's important to communicate openly and calmly, asking her to share her feelings and reasons so you can understand her perspective. While it's natural to want to fight for your family, it's equally important to respect her feelings and consider counseling or mediation to help both of you explore the issues together. Prioritizing honest communication, seeking professional support, and focusing on the well-being of your daughter can guide you toward the best path forward."
context_709,"My wife works late most days, so I'm lonely. I love my wife with all my heart, however I don't feel the intimacy we used to have. We don't have sex anymore, which bothers me tremendously. I have become close friends with a coworker, which I know is not helping. Nothing will happen with that, but there’s the thought.","It's understandable to feel lonely and disconnected when your wife works late frequently and your intimacy has diminished. Open and honest communication with your wife about how you're feeling is important. Share your feelings of loneliness and your desire to rebuild intimacy without assigning blame. Consider finding ways to spend quality time together, even if it's small moments, to reconnect emotionally. If needed, couples therapy can be a helpful space to address these issues and strengthen your relationship. Additionally, be mindful of boundaries in friendships to avoid situations that might complicate your feelings or your marriage."
context_710,Nothing we've tried has worked so far.,"If nothing you've tried has worked so far, it may help to reassess the situation, identify any overlooked factors, seek advice from others with relevant experience, or consider alternative approaches you haven't yet explored."
context_711,Now I have anger and trust issues. How can I treat this and fix myself?,"Dealing with anger and trust issues involves a combination of self-awareness, coping strategies, and often professional support. Here are some steps you can take to start addressing these challenges:

1. **Acknowledge Your Feelings:** Recognize and accept your anger and trust issues without judgment. Understanding that these feelings are valid is the first step toward healing.

2. **Identify Triggers:** Keep a journal to note situations or thoughts that trigger your anger or mistrust. This awareness helps you anticipate and manage reactions better.

3. **Practice Healthy Anger Management:** Techniques such as deep breathing, mindfulness meditation, physical exercise, or taking a timeout when angry can help regulate emotions.

4. **Build Trust Gradually:** Start by trusting others in small, low-risk situations. Communicate openly and set clear boundaries to feel more secure.

5. **Improve Communication Skills:** Express your feelings calmly and assertively. Listening actively to others can also foster better understanding and trust.

6. **Seek Professional Help:**"
context_712,"Now that the other girl is out of the picture, our sex life isn't the same. Is it because he is still thinking about the other girl?","It's possible that your partner is still emotionally affected by the previous relationship, which could impact your sex life. Changes in intimacy can also result from shifts in emotions, communication, stress, or comfort levels. Having an open and honest conversation with him about how you're both feeling might help clarify the situation and improve your connection. If concerns persist, consider seeking guidance from a couples therapist."
context_713,"Often times I find myself thinking scary thoughts and sometimes I even scare myself into thinking that something bad is going to happen to me. Once it starts, the thought continues going through my head and I can't get it out. How can I stop these thoughts?","To stop scary or intrusive thoughts, try these strategies:

1. **Acknowledge the Thought**: Recognize that having scary thoughts is common and doesn't mean they will come true. Accepting the thought without judgment can reduce its power.

2. **Practice Deep Breathing or Mindfulness**: Focus on your breath or bring your attention to the present moment to help calm your mind and reduce anxiety.

3. **Challenge Negative Thoughts**: Ask yourself if the thought is realistic or based on evidence. Replace it with a more balanced or positive thought.

4. **Distraction Techniques**: Engage in an activity you enjoy or focus on a task that requires concentration to divert your mind.

5. **Limit Rumination**: Set a specific time to think about your worries (e.g., 15 minutes), then consciously shift your focus to something else.

6. **Seek Support if Needed**: If the thoughts persist or interfere with daily life, consider talking to a mental health professional for guidance"
context_714,On the first day of school I wore a bra that was too big so that it would look like I had bigger boobs. I did that the whole school year and my parents never found out. But now I can never hang out with my friends at my house or invite them over because it would be around my parents and my friends would see there is nothing there on my chest.    How do I fix this?,"It sounds like you're feeling self-conscious and worried about others knowing the truth about your body. Remember, your worth isn't defined by your chest size, and true friends will accept you as you are. If you want to feel more confident, consider gradually reducing the padding or trying bras that fit well and make you comfortable. Building self-confidence takes time, so focus on activities and qualities that make you feel good about yourself. When you feel ready, inviting friends over can help you realize that honesty and genuine friendship matter more than appearances. If these feelings are very overwhelming, talking to a trusted adult or counselor can provide support and guidance."
context_715,"Or how to send him somewhere that can help him, something like The Baker Act.","The Baker Act is a law in Florida that allows for the involuntary examination of an individual who may be experiencing a mental health crisis and is deemed a danger to themselves or others. To send someone for a Baker Act evaluation, you typically need to contact law enforcement or a mental health professional who can initiate the process. If the person is in immediate danger, calling 911 is appropriate. Otherwise, reaching out to a mental health crisis center or emergency services can provide guidance and help facilitate the evaluation and necessary care."
context_716,"Our relationship ended about 7 years ago, but don't know how to let go. How can I get over that person and move on?","Moving on from a past relationship can be challenging, especially when it has lasted in your thoughts for years. Here are some steps to help you let go and move forward:

1. **Accept Your Feelings:** Acknowledge your emotions without judgment. It's normal to feel sadness, loss, or confusion.
2. **Reflect on the Relationship:** Understand why it ended and remind yourself of the reasons moving on is healthy.
3. **Limit Contact:** Avoid reaching out or checking their social media to create emotional distance.
4. **Focus on Yourself:** Engage in activities you enjoy, pursue new hobbies, or set personal goals.
5. **Seek Support:** Talk to friends, family, or a therapist who can provide perspective and guidance.
6. **Practice Mindfulness:** Techniques like meditation can help you stay present and reduce ruminating on the past.
7. **Be Patient:** Healing takes time. Allow yourself to move at your own pace without pressure.

By taking these steps, you can gradually"
context_717,"Over a year ago I had a female friend. She turned out to be kind of crazy so I decided to stop talking to her. When she would call me I wouldn't answer the phone. This made my girlfriend really suspicious. She would ask me why I wouldn't ever answer that phone number. I told my girlfriend that I don't want to be friends with that other woman, but I don't think she believes me. How can I get my girlfriend to understand?","To help your girlfriend understand, have an open and honest conversation with her. Explain clearly why you chose to stop talking to your female friend, emphasizing that it was for your own well-being and not a reflection on your relationship. Reassure your girlfriend of your commitment to her and be willing to answer any questions she has. Showing transparency, such as sharing messages or call logs if appropriate, can help build trust. Consistent honesty and openness over time will help alleviate her suspicions."
context_718,"Over the course of a few days, my wife was unsure about her feelings for me due to constant intimacy issues. After she thought things through, she came to the realization that she is no longer ""in love"" or attracted romantically to me. She instead has more of a platonic love and just cares for me as just ""family."" At that point, she said our marriage was over. Now over the course of the last few days, she has taken a ""friendship"" from a coworker. She insists there is nothing more than friends, but she has spent all her free time with him.","It sounds like your wife has emotionally distanced herself from the romantic aspect of your marriage and now views your relationship more as a familial or platonic connection. Her growing closeness with a coworker, especially spending most of her free time with him, may indicate she's seeking emotional support or connection elsewhere. This situation is understandably painful and confusing. It might help to have an open, honest conversation with her about boundaries, feelings, and what each of you wants moving forward. Additionally, considering couples counseling or individual therapy could provide a supportive space to navigate these emotional changes and clarify next steps for both of you."
context_719,"Over the years, I have slowly lost everything: my jobs, my cars, my freedom, and my money. I am a stay-at-home mom who doesn't make any money, doesn't have a car, never goes out, and cleans all day long everyday.","It sounds like you’re going through an incredibly challenging and isolating time. It’s important to recognize how hard your daily responsibilities are and to seek support when you can—whether from friends, family, or professional resources. Taking small steps toward self-care and connection might help you regain a sense of control and well-being. You're not alone, and help is available."
context_720,People always judge others so rudely.,It's important to remember that people's judgments often reflect more about their own experiences and insecurities than about the person they are judging. Responding with kindness and understanding can help break the cycle of negativity.
context_721,"People have been calling me names, and I have had enough of it. I cannot stand it anymore I'm done. I have told someone this, and that is why I am writing this. The thoughts are awful.","I'm really sorry you're feeling this way. It might help to reach out to a trusted friend, family member, or a mental health professional who can provide support. You don't have to face this alone—there are people who want to help you."
context_722,"People who are parental figures in my life have, in the past, hurt me, and some continue to do so. It makes me feel like I'm not good enough for my husband or the life he provides me. I have had jobs, but I am going through a lot of my past garbage and trying to figure out when it all went wrong. Any time I bring these things up, I am expected to be over the issue. These are people that you can't just cut out, but I have never received apologies for so much of my pain. I don't know what to do any more. I don't know who I am anymore.","I'm really sorry you're going through this. It sounds incredibly painful to carry hurt from parental figures, especially when those wounds impact how you see yourself and your relationships. It’s important to acknowledge that your feelings are valid, and healing takes time—there’s no set timeline for overcoming deep emotional pain. Since these people are part of your life and cutting them out isn’t an option, setting firm boundaries to protect your emotional well-being might help. You might also find it beneficial to seek support from a therapist who can provide a safe space to process your past, rebuild your sense of self, and develop strategies to cope with ongoing challenges. Remember, you are worthy of love, healing, and understanding, both from others and from yourself. Taking steps toward healing is a brave and important journey, and you don’t have to face it alone."
context_723,"Recently my boyfriend broke up with me because of my bad language. But he thinks I'm a total b***h. I know I'm bipolar and can be selfish. He called me today and says he can't go through with the breakup. I was broken and didn't want a breakup to begin with, but I know I'm horrible at times and can't help it. It's like I'm battling myself. What do you feel?","It sounds like you're going through a really tough and confusing time, feeling torn between wanting the relationship to work and struggling with aspects of yourself that you find challenging. Recognizing that you have bipolar disorder and that it affects your behavior is an important step. It might help to seek support from a mental health professional who can guide you in managing your emotions and behaviors more effectively. Communication and understanding between you and your boyfriend will be key, but prioritizing your well-being and getting the right support will make a big difference in how you navigate this situation. Remember, self-compassion is important—you’re doing your best in a difficult battle."
context_724,"Recently, I had a close call after delivering my second child (blood clot followed by internal bleeding and several blood transfusions). It was a close call. I am currently undergoing medical treatment because of the event, and I am constantly afraid the whole ordeal will happen again. I have never really had anxiety in the past, but I find now that it consumes my every day and night. With two beautiful children to raise, I am most terrified of not being able to raise and protect them.","It's completely understandable to feel overwhelmed and anxious after such a traumatic medical experience, especially with young children depending on you. Your fear of the event recurring is a natural response to the seriousness of what you've been through. It may help to talk openly with your healthcare providers about your concerns—they can offer both medical guidance and reassurance about your recovery and ongoing health. Additionally, seeking support from a mental health professional experienced in post-trauma anxiety can provide coping strategies to manage your fears and help restore a sense of safety. Remember, taking care of your emotional well-being is just as important as your physical health, both for you and your family. You're not alone in this, and with the right support, it is possible to find balance and peace of mind."
context_725,"She constantly tells me what I am doing wrong. For once, I want her to be proud of me. It’s like no matter what I do, she does not have one nice word to say to me. She is always hateful towards me and always has been.","It sounds like you're feeling deeply hurt and unappreciated because she focuses only on your mistakes and never acknowledges your efforts or achievements. It’s important to communicate how her constant negativity affects you and express your need for support and positive recognition. If this pattern continues despite your efforts to address it, consider seeking support from a trusted friend, counselor, or therapist to help navigate these feelings and decide on the best steps forward for your well-being."
context_726,"She cried because she lost all trust in me. Now I feel disgusting and like my heart just got stabbed, what do I do?","It's important to acknowledge her feelings and take responsibility for what happened. Give her space if she needs it, but also communicate sincerely—apologize, express your understanding of the hurt caused, and show through your actions that you’re committed to rebuilding trust. Consider reflecting on what led to this situation and, if necessary, seek support from a counselor to work through your emotions and improve your relationship. Healing takes time, so be patient with both her and yourself."
context_727,"She has chronic inflammatory demyelinating polyneuropathy, and I’m her caregiver. All she does is complain, hit me, call me names, and say things happened that didn’t. When I tell her, she explodes. I didn’t always hate her, but now every little thing she does irritates me, and I don’t have the means to live on my own.","Caring for someone with chronic illness like CIDP can be extremely challenging, especially when behavioral difficulties arise. It’s important to seek support both for your loved one and yourself. Consider reaching out to healthcare professionals—such as neurologists, therapists, or social workers—who can provide guidance on managing her symptoms and behavior. Caregiver support groups may offer emotional relief and practical advice. Additionally, exploring respite care options can give you necessary breaks. Prioritizing your own well-being is crucial to maintain your capacity to care. If possible, discussing your situation with trusted friends or family members might help you find additional support or resources."
context_728,"She has lied about every aspect of her life. She's created three fake relationships. The most recent one is concerning because she has fake photos, phone calls, and text messages, and it’s with a married man with kids. Her lying is becoming dangerous because she could ruin lives.","The situation is serious and requires immediate attention. It’s important to address her behavior by encouraging her to seek professional help, such as counseling or therapy, to understand the underlying reasons for her compulsive lying. Additionally, setting clear boundaries and informing those potentially affected, like the married man and his family, may be necessary to prevent further harm. If her actions pose a risk to others, involving a trusted authority or mediator could help manage the situation responsibly."
context_729,"She has trouble falling and staying asleep and she's always either extremely hungry or not hungry at all. She also gets angry and feels like crying really easily for no reason. She says she is always ""kind of down.""
   Is this depression? What can I do to help her?","The symptoms described—trouble falling and staying asleep, fluctuating appetite, easy irritability and tearfulness, and feeling ""kind of down""—can be signs of depression. However, only a qualified healthcare professional can diagnose depression accurately.

To help her:

1. Encourage her to see a healthcare provider or mental health professional for a proper assessment and support.
2. Offer empathetic listening and let her know you’re there for her without judgment.
3. Suggest engaging in gentle activities together, like walks or hobbies, which can improve mood.
4. Help her maintain a regular routine for sleep and meals.
5. Be patient and supportive; recovery can take time and may require professional treatment.

If she expresses thoughts of self-harm or suicide, seek immediate professional help."
context_730,She is living with her boyfriend of seven years. He is in therapy for depression and social anxiety. He hasn't worked in all this time.,"She has been living with her boyfriend for seven years. During this time, he has been undergoing therapy for depression and social anxiety and has not been employed."
context_731,"She mostly targets me on social media. The bullying used to be much worse, but it is still going on. The comments are so vague, but I know that they are meant for me. Even when I confront her, she messages me short phrases to try to get in my head. If I try to fight back, she will ruin me.","It sounds like you’re experiencing ongoing online bullying that’s affecting you deeply. Here are some steps you can take to protect yourself:

1. **Document Everything:** Keep screenshots and records of all the messages and comments that feel like bullying. This can be important if you decide to report the behavior.

2. **Limit Engagement:** Avoid responding to vague or provoking messages, as engagement may encourage further bullying.

3. **Block or Mute:** Use social media tools to block or mute the person targeting you, which can help reduce the impact of their messages.

4. **Adjust Privacy Settings:** Tighten your social media privacy settings to limit who can comment or contact you.

5. **Seek Support:** Talk to trusted friends, family members, or a counselor about what you’re experiencing. Having support is important.

6. **Report Abuse:** Use the reporting features on social media platforms to report the bullying accounts or messages.

If you feel threatened or unsafe, consider reaching out to local authorities or support organizations"
context_732,"She refuses to talk to me and told my mom (her grand mother) that she is remembering things from the past. I don't know what to do. My daughter blames me and swears she hates me.
   My parents say I should just let my daughter live with her dad, but I don't see how I could fix things if I only see her every other weekend. What should I do?","It’s important to approach this situation with patience and empathy. Since your daughter is upset and recalling past issues, consider seeking family counseling or therapy to help both of you communicate and work through these feelings in a safe environment. Professional support can provide tools for rebuilding trust and understanding. In the meantime, maintain open, non-confrontational communication, showing her that you care and are willing to listen when she’s ready. Involving your parents in a supportive way, rather than focusing on custody arrangements, can also help create a more positive atmosphere. Prioritize healing the relationship over custody disputes, as a stronger connection will benefit everyone involved."
context_733,"She said she needed space after three days of dating, and she got a boyfriend a week later. I still really miss her, and she told me she still likes me.","It’s understandable to feel hurt and confused given the situation. She may have needed space to figure out her feelings or priorities, and getting a boyfriend shortly after could mean she was unsure about what she wanted. Since she said she still likes you, consider having an honest and open conversation with her about where you both stand and what you want moving forward. Focus on your own well-being too—spending time with friends, pursuing hobbies, and reflecting on what you want in a relationship can help you heal and gain clarity."
context_734,"She treats me like I'm not in her presence. She’s always yelling at me for no reason. She gives more respect to my brothers than me, but only my brothers fight her while I respect her.","It sounds like you're feeling overlooked and unfairly treated compared to your brothers, despite your respect towards her. It might help to calmly express your feelings to her, explaining how her actions affect you. If direct communication feels difficult, consider seeking support from a trusted family member or counselor to help mediate and improve the situation. Remember, your feelings are valid, and finding a way to address the issue respectfully could lead to better understanding and treatment."
context_735,"She was diagnosed a type one diabetic two years ago and had a very tough time dealing with it. She has an attachment issue also; her mother just moved to a much nicer home, and she gets angry and demands to go back to her prior home. We do not understand what is going on, and it is driving us crazy.","Her anger and demand to return to the prior home may be related to her attachment issues combined with the emotional stress of managing a new and challenging diagnosis like type one diabetes. Changes in environment can feel unsettling and may trigger feelings of insecurity or loss, especially if she associates her previous home with safety and familiarity. It might help to provide consistent emotional support, validate her feelings, and consider working with a mental health professional experienced in attachment difficulties and chronic illness adjustment to help her cope with these transitions."
context_736,"She was raised by her abusive father and his wife. 30 years ago I shot and killed my rapist and was convicted in Louisiana. I lost custody of my daughter and served 5 years. When I was released, she was 5 and didn't remember me. Many many sad memories came from my having to leave her visit after visit, having to leave her in Texas to travel back to Louisiana. She doesn't remember that. I do. Over the years, I thought we had developed a close mother daughter relationship. She gave me good reason to doubt that on several occasions but especially last year. I have been cruel to her verbally and to my son who I met years after giving him up for adoption. Last night, I was angry at the world and afraid of God. I drank and cussed out a maintenance worker for not doing his job 4 months running. Now I'm not only feeling guilty for that but afraid of being evicted now. Help.","You’re carrying a heavy burden from many difficult experiences, and it’s understandable that anger and guilt are overwhelming you right now. The most important step is to try to address one thing at a time. Reach out to a trusted support system—whether it’s a counselor, a local support group, or a social service agency—that can help you cope with your emotions and guide you through your current challenges like housing insecurity. Being honest with yourself about your struggles and seeking help is a sign of strength. Consider also making amends where possible, including with your children and the maintenance worker, to help ease your guilt. You're not alone, and with support, you can start to rebuild stability and forgiveness in your life."
context_737,She works with a man and always looks at guys that check her out.,She seems to be aware and possibly interested in the attention she receives from other men besides her coworker.
context_738,"She's a teenager, and for the last two years, she's lived with her older brother. She's angry because she wants to come live with me, but my current living situation is not the best for her. She refuses to see any reason. She's being disrespectful. Her sexual curiosity is waking up.","It sounds like you're facing a challenging situation with your teenage sister. To address her anger and disrespect, it's important to maintain open, calm, and honest communication. Acknowledge her feelings about wanting to live with you, but gently explain why your current living situation isn't suitable for her right now. Setting clear and consistent boundaries can help manage her behavior. Regarding her emerging sexual curiosity, ensure she has access to accurate information and a safe space to ask questions, perhaps by providing age-appropriate resources or involving a trusted adult or counselor. Patience and understanding, combined with firm guidance, will support her through this transitional phase."
context_739,"She's busy because her mom makes her clean all the time and go out places with her family. We don't talk much because of it. Also, we have little fights. We want to work it out but we don't know how.","To improve your relationship despite her busy schedule and occasional fights, try setting aside specific times to communicate openly and calmly about your feelings. Focus on understanding each other's perspectives without blame. Planning small, enjoyable activities together when she’s free can help strengthen your bond. Also, showing patience and support for her family commitments will foster trust and make working things out easier. If needed, consider seeking help from a counselor to guide you both in resolving conflicts constructively."
context_740,"She's in her early 20s, and she has a toddler.",She is a mother in her early 20s with a toddler child.
context_741,She's my stepmom. I'm pretty sure she's illegally buying the drugs and hiding them from my dad.,"If you believe your stepmom is illegally buying and hiding drugs, it's important to prioritize safety and handle the situation carefully. Consider talking to a trusted adult or authority figure, such as another family member, school counselor, or law enforcement, who can provide guidance on how to address your concerns responsibly. Avoid confronting her directly if you feel unsafe."
context_742,"Someone I care about told me I'm not teachable and I'm irritating. I just want to be happy and wanted to please the person, but I always fall short it seems.","I'm sorry you're feeling this way. Remember that being called ""not teachable"" or ""irritating"" doesn't define your worth. It's important to be kind to yourself and recognize that everyone has value and the ability to grow. Try to communicate openly with the person you care about, sharing how you feel and asking for specific ways you can improve together. Focus on your own happiness and self-acceptance, and surround yourself with people who support and appreciate you. Your feelings matter, and you deserve kindness—from others and from yourself."
context_743,"Something happened this summer that I cannot forgive myself for. When I think about what happened, I feel ashamed and guilty even though my loved ones forgave me.","It's important to recognize that feeling ashamed and guilty is a natural emotional response after a difficult experience, especially one involving regret. Even though your loved ones have forgiven you, self-forgiveness can take more time and requires patience and self-compassion. Try to remind yourself that everyone makes mistakes and that your worth is not defined by one event. Speaking with a trusted friend, counselor, or therapist can also help you process these feelings and work toward healing. Remember, forgiving yourself is a crucial step toward moving forward and finding peace."
context_744,"Sometime when small thing happen, like losing a comb, I get furious. I even start throwing things. Do I have a problem?",Getting extremely angry and reacting by throwing things over small issues like losing a comb may indicate difficulty managing anger. It could be helpful to speak with a mental health professional who can assess your feelings and behaviors and provide strategies to cope with anger in healthier ways. Seeking support is a positive step toward understanding and improving how you handle such emotions.
context_745,Sometimes 3 times a night.,The event or action occurs up to three times during the night.
context_746,"Sometimes I can't stop thinking about life after death. I was raised in a religion that teaches that we will live on forever either in hell or in heaven.  When I think of living forever (even if it is in heaven which should be good), I feel overwhelmed. I don't like the thought of living forever and ever and ever. Sometimes I just can't get the thought out of my mind and the thoughts lead to panic and anxiety.  Am I crazy? I don't think these thoughts are normal.","No, you are not crazy. It's common for people to feel overwhelmed or anxious when thinking about concepts like eternal life, especially when those thoughts feel intrusive or persistent. Many individuals struggle with fears or uncertainties about life after death, and such feelings can lead to panic or anxiety. It might help to talk about these thoughts with a trusted counselor, spiritual advisor, or mental health professional who can provide support and coping strategies. You're not alone, and there is help available to manage these feelings."
context_747,"Sometimes, I'm fine and can go out or meet people, but other days, my heart races and words physically cannot come out of my mouth. I've always thought it was normal and I was just nervous, but the other day, it took me almost 30 minutes of sitting in my car to find the courage to enter Target by myself.","What you’re describing sounds like it could be social anxiety or panic attacks. It’s common to feel nervous sometimes, but when anxiety starts to interfere with daily activities—like having trouble speaking or needing a long time to gather courage—it might be helpful to talk to a mental health professional. They can provide support and strategies to manage these feelings. Remember, you’re not alone, and help is available."
context_748,"Sometimes, when I look at my pet cat, I think about how innocent he is and how somebody could hurt or kill him. It makes me sad because I love him, but I always think about how helpless he is. There've even been split-seconds where I felt almost tempted to kick him, followed by shame and guilt.","It's natural to feel protective and worried about a loved pet's safety, and occasional intrusive thoughts don't define your character. Recognizing those moments of temptation followed by guilt shows your deep care and self-awareness. If these feelings trouble you, consider talking to a counselor or therapist who can help you understand and manage them in a healthy way."
context_749,"That phrase makes me crazy. It happens anytime I point out something to my husband that he needs to change, such as looking up from his iPad long enough for me to tell him the grandbaby almost pulled the shelf unit over or explaining to him that I got all the things he needs to bake a pie. Another example is when he opens the front door, the dog runs out if he doesn't pick him up. Over and over again, he lets the dog run out, and I am afraid he will get hit by a car.","It sounds very frustrating and concerning that your husband frequently overlooks important details despite your efforts to communicate them, especially regarding safety and responsibilities like watching the dog and paying attention to the grandbaby. It might help to have a calm, focused conversation with him about how these repeated oversights affect you and the potential dangers involved. Finding a way to work together on these issues, possibly establishing clear routines or reminders, could improve the situation and provide you with some peace of mind."
context_750,"The birth mother attempted suicide several times while pregnant. The adopted mother was terminally ill upon adopting the baby and died when the child was just over one year old. The adopted father then remarried to a physically, psychologically, and emotionally abusive woman. The child was placed in foster care at 11 years old.    What might be the long term effects on an adult with this childhood history?","An adult with this childhood history may experience long-term effects such as attachment difficulties, trust issues, and challenges forming stable relationships due to early instability and loss. They may have increased risk for mental health disorders including depression, anxiety, post-traumatic stress disorder (PTSD), and complex trauma symptoms stemming from early exposure to maternal suicide attempts, parental loss, and abuse. Emotional regulation difficulties, low self-esteem, and difficulties with boundaries are also common. Additionally, they may struggle with feelings of abandonment, insecurity, and may have challenges in foster or adoptive care settings impacting their sense of identity and belonging."
context_751,"The eight months I've been dating my boyfriend, I have lied about a lot of things. I slept with a couple guys to get back at my boyfriend for breaking up with me. Now anything I say to him he won't believe, even if I'm being honest. I don't know what else to do at this point. He constantly criticizes me.","It sounds like trust has been significantly damaged in your relationship due to past actions and ongoing conflicts. Rebuilding trust takes time, honesty, and consistent behavior, but both partners need to be willing to work on it. It may help to have an open and sincere conversation with your boyfriend about your feelings and the impact of criticism on you. Consider couples counseling to address these issues together or, if the relationship is causing more harm than good, reflect on whether staying in it is the healthiest choice for you both. Prioritizing honest communication and mutual respect is essential."
context_752,"The father of my kids and I have been broken up for about three years now. We always found our way back to each other. He had a baby with someone else he's with but still shows the same love he showed when we was together when he's around. He even gets jealous, but he ignores my calls.","It sounds like your relationship with your children's father is complicated. Despite having moved on with someone else and having a child, he still shows love and jealousy toward you when you're together, yet he ignores your calls. This mixed behavior might indicate unresolved feelings or confusion on his part. It could be helpful to have an open and honest conversation with him about your feelings and boundaries to understand where you both stand and what is best for you and your children moving forward."
context_753,"The last of my emotions belong to my pets. Today my dad said he might get rid of them tomorrow. If that does happen I might dig hole in the ground with a paper that says ""here lays my emotions. R.I.P."" I practically have no emotions left and I came to the realization about this not being normal by comparing my reaction to certain situations to my family's. What's wrong with me?","It sounds like you’re experiencing emotional numbness or detachment, which can happen for various reasons such as stress, depression, trauma, or overwhelming situations. When emotions feel drained or absent, especially if you notice a difference compared to others, it might indicate that you’re struggling to process feelings or protect yourself from pain. It’s important to reach out to a mental health professional who can help you understand what you’re going through and provide support or treatment to help you reconnect with your emotions. You're not alone, and help is available."
context_754,The past always feels much brighter and more beautiful than my present. Everything about what's gone feels so amazing; almost like I'm high off nostalgia. But in the end it just makes me feel sadder knowing that all of the memories (and a close friend that left me) are gone forever. How do I move past that and live more in the present?,"It's natural to romanticize the past, especially when current feelings are difficult. To move forward and live more in the present, try these steps:

1. **Acknowledge Your Feelings:** Accept that it's okay to feel sad about what you've lost. Suppressing emotions can make it harder to heal.

2. **Practice Mindfulness:** Engage in activities that ground you in the present moment, such as meditation, deep breathing, or simply paying attention to your surroundings.

3. **Create New Memories:** Invest time in hobbies, meet new people, or explore interests that bring you joy now. Building positive experiences can help shift your focus.

4. **Limit Nostalgic Triggers:** While reminiscing is natural, avoid dwelling excessively on old memories or situations that reinforce sadness.

5. **Seek Support:** Talking to a trusted friend, counselor, or therapist can provide perspective and help you process your emotions.

6. **Set Small Goals:** Focus on achievable daily goals to create a sense of purpose"
context_755,"The sounds of eating and breathing gives me headaches—mostly mouth breathing and snoring. It makes me angry, and I want to solve it myself.","Experiencing headaches triggered by sounds like mouth breathing and snoring can be very frustrating. Since you want to address this yourself, here are some steps you might try:

1. **Use earplugs or noise-canceling headphones:** These can help reduce the impact of triggering sounds and may prevent headaches.

2. **Create white noise:** A fan or white noise machine can mask disruptive noises like snoring or breathing.

3. **Encourage better sleep hygiene:** Suggest that the person who snores tries sleeping on their side, as this can reduce snoring.

4. **Practice relaxation techniques:** Stress can amplify sensitivity to sounds, so methods like deep breathing, meditation, or progressive muscle relaxation might help reduce your headache frequency.

5. **Maintain a headache diary:** Note when headaches occur and potential triggers to better understand patterns.

If the problem persists, or headaches worsen, consider consulting a healthcare professional for further evaluation and guidance."
context_756,Then turn right back around and say he loves me and needs me. This rollercoaster is crazy.,It sounds like you're experiencing a very intense and confusing emotional situation. Remember to prioritize your well-being and consider setting boundaries to protect yourself. Talking to a trusted friend or a professional might help you navigate these feelings.
context_757,"There are intimate things she did early in the relationship, and things she had once agreed to try that she will not do now. I end up thinking about it all day. I feel rejected and think I married the wrong person.","It's natural to feel hurt and rejected when something important to you changes in a relationship. However, people and relationships evolve over time, and boundaries or preferences can shift. It may help to have an open, honest conversation with your partner about your feelings and desires, expressing how these changes affect you without blaming. Seeking couples counseling can also provide a supportive space to explore these issues together and find ways to reconnect and understand each other better. Remember, feeling rejected doesn't necessarily mean you married the wrong person—it might mean your relationship needs adjustment and communication to grow."
context_758,"There are issues from my past that have me very heavily burdened in my heart. I've been torn for so many years and I need help so I can move on with my life.
   I experienced trauma when I was 8 years old and I did come out about it until I was 40.
   Now I know this is what's holding me back on my happiness. I've met a very loving and caring man but because I'm holding on to these things from my past I’m pushing him away.
   How can I get my life back?","Healing from past trauma and reclaiming your life is a courageous and gradual process. Here are some steps that may help you move forward:

1. **Seek Professional Support:** Consider working with a therapist or counselor who specializes in trauma. They can provide a safe space to process your experiences and teach coping strategies tailored to your needs.

2. **Allow Yourself to Feel:** Acknowledge your emotions without judgment. Healing often involves experiencing pain, anger, or sadness, which is part of releasing the hold your past has on you.

3. **Communicate with Your Partner:** Share your feelings and struggles with the man you care about. Honest communication can foster understanding and support, reducing the distance that your past may be creating.

4. **Practice Self-Compassion:** Be gentle with yourself. Understand that healing is not linear, and setbacks are normal. Celebrate small victories along the way.

5. **Establish Healthy Boundaries:** Protect your emotional well-being by setting boundaries that make you feel safe in"
context_759,"There are many people willing to lovingly provide me with a home. I have food, clothes, and a university education, but I never feel like I belong. Even when I have a good time with people who are supposed to be close, I feel like I'm just out with friends and I never go home.","It sounds like you're experiencing a deep sense of loneliness and disconnection, despite having support and basic needs met. Feeling like you don’t truly belong can be painful and isolating. It might help to explore these feelings with a trusted counselor or therapist who can support you in understanding your sense of belonging and finding authentic connections where you feel truly at home. Remember, belonging is not just about being around people, but about feeling accepted and understood for who you really are."
context_760,"There is just no communication at all between us. She sleeps constantly all day (not at night). She acts angry and unfocused and stays in her very messy room all the time. The only time she comes out is to eat.    She has aches and fatigue, weight gain, hair loss and skin problems. She does not look after her health.
   I don't know how to communicate with her. She is not open to any suggestions. How do I get through to her?","It sounds like she may be struggling with a physical or mental health issue, such as depression or a medical condition, given her symptoms and behavior. Approaching her with patience, empathy, and without pressure is important. You might try gently expressing your concern by focusing on how you care about her well-being rather than pointing out what’s wrong. For example, say something like, ""I've noticed you're going through a tough time, and I want you to know I'm here for you whenever you want to talk or need help."" Encourage her to consider seeing a healthcare professional for a thorough evaluation. If she resists, you could offer support in making appointments or accompany her if she feels comfortable. Also, make sure to take care of your own well-being during this time."
context_761,There's this boy who asked me out awhile ago. I said no because my friends and family would think weirdly of me. How do I be with him and tell him and tell my friends?,"To be with him and share this with others, start by being honest with yourself about your feelings and why you want to be with him despite concerns. Then, talk to him openly about your situation and your hopes for the relationship. When it comes to telling your friends and family, choose a calm time to explain your feelings and reasons sincerely, emphasizing that his character matters most to you. Be prepared for varied reactions, but stand firm in your choice. Over time, as they see your happiness and his positive qualities, their opinions may change. Remember, your happiness is important, and true friends and family will support you."
context_762,"These ""jokes"" are made about everything. They seem to have the need to say something ""funny"" about everything. It's not funny, just awkward.","Some people feel compelled to make a joke about everything, but often it comes off as awkward rather than genuinely funny."
context_763,They discontinued treatment for no apparent reason after they thought to diagnose me with schizophrenia.,"I'm sorry to hear that your treatment was discontinued unexpectedly. It’s important to have continuity and support in managing your health. You might consider reaching out to your healthcare provider for clarification about the decision, seeking a second opinion, or consulting a mental health professional to discuss your diagnosis and treatment options. If you feel your needs aren’t being met, patient advocacy services may also be able to assist you."
context_764,"They don't go away, and I feel like I'm going crazy. Does that ever stop? Can it be a symptom of medication?","Persistent symptoms like the ones you're describing can sometimes be side effects of medication, but they can also be related to the underlying condition being treated or other factors. It's important to discuss these experiences with your healthcare provider as soon as possible. They can evaluate your symptoms, review your medications, and determine whether adjustments or additional treatments are needed to help alleviate what you're going through. You're not going crazy—help is available."
context_765,They're calling me names like hypocrite and a baby even when they act in the same manner as I do. I'm tired of being called names. What should I do?,"When others call you names unfairly, especially when they behave the same way, it can be hurtful and frustrating. Here are some steps you can take:

1. Stay Calm: Try not to respond with anger or insults, as this can escalate the situation.
2. Set Boundaries: Let them know calmly that name-calling is hurtful and unacceptable.
3. Reflect on Your Actions: Consider if there's any truth to their words and whether any changes might improve the situation.
4. Seek Support: Talk to friends, family, or a trusted person about how you're feeling.
5. Limit Interaction: If possible, avoid or minimize contact with those who continue to disrespect you.
6. Focus on Self-Care: Engage in activities that boost your confidence and well-being.

Remember, you deserve respect, and it’s okay to distance yourself from negative behavior."
context_766,"This is my recovery, and I don't feel that it is okay for them to ask this. They told me it is policy due to the fact that I may run into a peer there. I am a peer counselor in the small community that I grew up in. I am in recovery myself. I was asked to come work for this organization after I was two years sober (I was in treatment in this organization). I work with mental health peers and run life skill groups. I don't work with substance peers.","It is understandable to feel uncomfortable being asked to disclose personal recovery information, especially when you are working primarily with mental health peers rather than substance use peers. While the organization’s policy aims to prevent encounters between clients who may be peers in recovery, your role as a peer counselor in a small community and your specific work focus may warrant a discussion with leadership about the necessity and appropriateness of this policy in your case. You might consider requesting clarification or accommodations that respect your privacy and professional boundaries while maintaining compliance with organizational standards."
context_767,"This is preventing me from getting a job. I have bad relationship with my bipolar mother. I am living with her but it stresses me out so much to be around her that I have locked myself in my room. I have no friends or other family to help me. I have no money for therapy, but I think I need therapy before I can secure a job.","It sounds like you're in a very challenging situation, and prioritizing your mental health is important. Here are some steps you might consider:

1. **Explore Free or Low-Cost Mental Health Resources:** Look for community mental health centers, nonprofit organizations, or online platforms that offer free or sliding-scale therapy services. Some areas have helplines or peer support groups that can help you cope and provide guidance.

2. **Connect with Support Groups:** Even if you don't have friends or family to lean on, online support groups for people dealing with family stress or bipolar disorder can provide understanding and advice.

3. **Create a Safe Space:** Since living with your mother is stressful, continue to maintain your room as a personal sanctuary. Practice self-care activities there that help reduce stress.

4. **Set Small Goals:** To prepare for employment, try setting small, manageable daily goals that build your confidence, such as updating your resume or searching for job openings.

5. **Utilize Public Resources:** Some employment"
context_768,"Tonight, my husband seemed to put our son down through an incorrect approach. His approach was perfectly wrong. I found myself defending my son. I told him that what he did was not the way to encourage our son.
 Instead of watching my husband’s harsh behavior I decided to sit beside my son and, together, we worked on his science assignment in order to encourage him to study. My husband got upset and he was swearing at me. He threatened me. I knew that he was not joking. His words scared me a lot!","Your husband’s behavior is concerning and unacceptable. It is important for your safety and your son’s well-being that you do not ignore threats or intimidation. Consider reaching out to a trusted friend, family member, or professional support service for help. If you feel in immediate danger, contact emergency services right away. Your safety and your son’s safety must come first."
context_769,"Two years ago, I was separated from the military into my contract for medical issues. It has emotionally destroyed me. I now basically hate myself. It's embarrassing to be separated from the one place who takes anyone. My family has been in the armed forces, and it has always been my dream. I can't do this alone anymore, and now my family is even worried.","I'm really sorry to hear that you're going through such a difficult time. Being separated from something that was so important to you, especially due to medical issues, can be deeply painful and challenging for your mental health. It’s important to remember that your worth is not defined by your service status or any setbacks you've faced. Reaching out for professional help, such as a therapist or counselor who specializes in military or medical-related transitions, can provide support and guidance to help you process these feelings. Additionally, connecting with veterans' support groups might help you feel less alone and provide a community that understands your experience. Your feelings are valid, and seeking help is a strong and brave step toward healing. Your family’s concern shows they care deeply about you, so consider leaning on them as well for support during this time."
context_770,"We are the legal guardianship of our grandson. He has been acting out, and he wants to talk to his mom that has not talked to him since before last year. How are we to handle this?","As the legal guardians, it's important to prioritize the child's emotional well-being while considering the legal aspects of communication with his mother. You may want to:

1. Assess the reasons for his desire to talk to his mom and ensure he feels heard and supported.
2. Review any court orders or legal agreements regarding contact between the child and his mother to ensure compliance.
3. If no restrictions exist, consider facilitating supervised communication to ensure the child's safety and emotional comfort.
4. Consult with a family law attorney or a child psychologist for guidance tailored to your specific situation.
5. Keep open communication with the child, providing reassurance and support throughout the process.

Your primary goal should be to support your grandson's emotional needs while adhering to legal guidelines."
context_771,We do communicate but one of us has trouble accepting what the other person says. How can I fix things?,"To improve communication when one person has trouble accepting what the other says, try these steps:

1. **Practice active listening:** Show genuine interest in understanding their perspective without immediately reacting.
2. **Use “I” statements:** Express your feelings and thoughts without blaming, for example, “I feel concerned when…”
3. **Seek clarification:** Ask open-ended questions to ensure you truly understand their point of view.
4. **Stay calm and patient:** Avoid getting defensive or frustrated, which can escalate misunderstandings.
5. **Find common ground:** Focus on shared goals or values to build mutual understanding.
6. **Consider mediation:** If needed, involve a neutral third party to facilitate the conversation.

Improving acceptance often requires empathy and consistent effort from both sides."
context_772,"We don't have sex a lot. I cheat when we argue. I don't kiss or have unprotected sex with them. It's a one time thing, and I never see them twice.","It sounds like you're experiencing difficulties in your relationship, leading to actions that may cause further hurt and complications. It might help to reflect on the underlying issues in your relationship and consider open, honest communication with your partner. Seeking support from a counselor or therapist could provide guidance and help you navigate these challenges in a healthier way."
context_773,"We got into arguments, and we would break if off but start it back up again. We clicked, or so I thought. We are both married with problems in our marriage. We never have sex; we just send a lot of pictures back and forth and talk about doing things together. His wife found out, and he lied to her and didn't even refer to it as an affair. I can't stop thinking about him. We just click. I've been married for 16 years, and I've never liked anyone other than my husband. Now I like him, and we’ll never be together.","It sounds like you're experiencing a lot of emotional confusion and pain right now. Feeling connected to someone outside of your marriage, especially when both of you are unhappy in your relationships, can be very complicated and distressing. It’s important to acknowledge your feelings but also consider what’s best for your emotional well-being and the stability of your life. Reflecting on what you truly want and possibly seeking support from a counselor or therapist could help you navigate these feelings and make decisions that align with your values and needs. Remember, healing and clarity often come with time and honest self-reflection."
context_774,"We had great chemistry, but then he became distant. I had the feeling that I can't be without him. As soon as I felt the difference, I was scared to lose him. I started freaking out if he did not answer, thinking that something bad happened.","It sounds like you developed strong feelings and reliance on him, which made his sudden distance feel threatening and triggered fear of loss. These feelings are natural when someone important to us becomes less available, but it's important to take care of your emotional well-being by acknowledging your feelings, communicating openly if possible, and focusing on your own needs and support system."
context_775,"We had our first kid 15 years ago, and sex has been nonexistent ever since. It only happens every three or four months. We have been to counseling, and I have been told over and over again she will come around. She hasn't, and I'm intimately lonely! I think it's time to move on, but how do I do that without hurting my kids?","Navigating the end of a long-term relationship while minimizing harm to your children is challenging but possible with care and planning. Here are some steps to consider:

1. **Prioritize Open, Age-Appropriate Communication:** When the time comes to discuss the situation with your children, be honest but gentle. Assure them both parents love them and that the separation is not their fault.

2. **Maintain Stability and Routine:** Keeping consistent daily routines helps children feel secure during transitions.

3. **Co-Parent Respectfully:** Aim for respectful communication with your ex-partner regarding parenting decisions to provide a united front for the children.

4. **Seek Professional Support:** Family or child therapists can provide guidance to help your children adjust emotionally.

5. **Plan Your Separation Thoughtfully:** Before initiating separation, ensure you have a support system and clear logistical plans that prioritize the wellbeing of the children.

6. **Focus on Self-Care:** Taking care of your own emotional health will enable you to be present"
context_776,We have been fighting a lot and have 3 kids but we both want to stay together. I need some help to save our family.,"It sounds like you both deeply care about your family and want to make things work despite the challenges. Consider seeking couples counseling to improve communication and address underlying issues in a safe space. Focus on mutual respect, active listening, and teamwork to find solutions together. Also, prioritize spending quality time as a family to strengthen your bond. Remember, seeking professional support can provide valuable tools to navigate conflicts and rebuild a healthier relationship for the sake of you and your children."
context_777,"We have been together over a year. We spend time together every day no matter how busy. He started to be unusually fatigued and losing weight. He also began to be distant and sexually selfish. We had a argument, and he confided he has late stage stomach cancer. He wont treat it.","I'm so sorry you're going through this. It sounds incredibly difficult to see someone you love struggling with late-stage stomach cancer, especially as he chooses not to pursue treatment. Supporting him emotionally while also taking care of your own well-being is important. You might consider seeking support from a counselor or support group to help navigate your feelings and decisions during this challenging time. Encouraging open, compassionate communication can help both of you cope with the situation."
context_778,"We have tried gentle talking, counting to calm her and talking about it, sending her to her room and then trying to talk when she’s calmer, and now calisthenics. However, nothing is working.","It sounds like you’ve tried several effective strategies already. When typical calming techniques aren’t working, it may help to identify any underlying triggers or stressors causing her distress. Consistency and clear boundaries are important, so maintaining a calm, firm approach can be beneficial. Additionally, offering choices to give her a sense of control, using positive reinforcement when she calms down, and ensuring she has a safe, quiet space to retreat to might help. If challenges persist, consulting a child psychologist or behavioral specialist can provide tailored strategies and support."
context_779,"We just cannot seem to get along. I cannot have a conversation with her without it turning into World War 3. She treats me like I have no right to an opinion and never really lets me speak. My real mother cares and tries to help me, but she can't do much, because my adoptive mother won't listen to her either.","It sounds like you're in a very difficult and emotionally challenging situation. It may help to seek support from a counselor or therapist who can provide you with strategies to manage these conflicts and communicate more effectively. Additionally, finding someone you trust to talk to, like a close friend or relative outside the situation, can offer emotional support. Remember, your feelings and opinions are valid, and you deserve to be heard and respected."
context_780,We kissed and he grabbed my boobs and we exchanged some texts and a few calls. It went on for about 8 months. Just when we were all together and our spouses were out of the room. Once I met him for lunch to tell him that we needed to stop. We ended up kissing after lunch and then I sent him a few more texts that day telling him I was serious and that was the end of it. His wife (my good friend) saw us kiss once and told my husband. I told him a couple of things then and we got over it. A year later she told him a couple of other things. Same story. It's been about 3 years since. They are now divorced and my husband and I have been happy. A few weeks ago the wife called me and said that her now ex told her more stuff we did. I decided to just tell my husband everything. We are trying to work things out. But he is having a really hard time believing that he knows all of it. How can I help him believe me?,"To help your husband believe you, approach the situation with honesty, openness, and patience. Make sure to communicate calmly and clearly, answer his questions sincerely, and acknowledge his feelings without becoming defensive. Consider providing any evidence or specific details that support your account, if appropriate, to demonstrate transparency. It may also be beneficial to suggest couples counseling, where a professional can facilitate trust rebuilding and help both of you process the emotions involved. Most importantly, give him time to process and be consistently reliable in your actions moving forward to rebuild trust."
context_781,"We live with my ex-partner’s sister and her husband. We have been there for five years now. They are Hispanic and talk to my daughter in their language. Sometimes they overstep their balance between aunt and uncle and reach into my role as a parent. They neglect to see this. I do, and it reflects in my child's behavior. She sees them as stable but is upset that her dad isn't here, and my intuition tells me she blames me to a degree because she doesn't know about his alcohol addictions.","Living with your ex-partner’s sister and her husband creates a complex family dynamic, especially when they interact closely with your daughter. Their use of their language can provide cultural richness, but if they sometimes overstep parental boundaries, it can cause confusion for your child about roles and authority. Your daughter’s feelings about her absent father, combined with her limited understanding of his struggles, may lead her to internalize blame. To support her, maintaining clear and consistent parental boundaries while fostering open, age-appropriate communication about family realities can help her feel secure and understood."
context_782,We make love once per month. Is it normal?,"Yes, having sex once per month can be normal as sexual frequency varies widely among couples. What matters most is that both partners feel satisfied and comfortable with their intimacy. If either partner desires more frequent contact or has concerns, open communication can help address those feelings."
context_783,"We rent from from my boyfriend's parents. His father drops by unannounced and stays for long periods of time. He lets himself into our home when we aren't there on a daily basis and takes our dogs to his house. He picks up our mail. He has NO boundaries.    He's an opinionated, rude pushy person. He expects to spend every weekend around us, gives unsolicited advice on child rearing and does not respect our privacy at all. He barges in with no warning. He has a key and lets himself into our house without asking permission. I need help. How do I address this?","To address the situation with your boyfriend’s father respecting your boundaries, consider the following steps:

1. **Have a Direct Conversation:** Sit down with your boyfriend and clearly communicate how his father’s behavior is affecting you. Emphasize the importance of privacy and boundaries in your home.

2. **Set Clear Boundaries Together:** Agree on specific limits—such as no unannounced visits, asking permission before entering, and not taking your dogs or mail without consent.

3. **Communicate Boundaries to His Father:** With your boyfriend present, have a respectful but firm conversation with his father. Explain how his actions are intrusive and request he call before visiting, respect your privacy, and stop taking your mail and dogs without permission.

4. **Change Locks if Possible:** Since they are your boyfriend’s parents and you rent from them, this may require a sensitive discussion. Alternatively, you can ask that keys be returned and access limited only to emergencies or agreed-upon visits.

5. **Limit Information"
context_784,"We went out had great sex and I was really liking her. Then one day she says we should just be friends, but I can't stop thinking about her. She's always on mind and I want her back.","It's natural to feel attached after an intimate connection, but if she’s decided to just be friends, it’s important to respect her feelings. Focus on giving yourself time and space to heal. Engage in activities you enjoy, lean on friends for support, and consider communicating your feelings honestly but without pressure. Ultimately, prioritizing your well-being and accepting her decision will help you move forward, whether that means rebuilding the relationship over time or finding new happiness."
context_785,"We weren't long distance until he joined the military. I love him and I know he loves, me but it's complicated. He said he's not going to find someone else, but I'm afraid. How do I keep our relationship going?","Maintaining a relationship during long-distance, especially when one partner is in the military, can be challenging but possible with effort and communication. Here are some steps to help keep your relationship strong:

1. **Open and Honest Communication:** Share your feelings regularly and encourage him to do the same. Use calls, texts, video chats, and letters to stay connected.

2. **Set Expectations Together:** Discuss how often you'll communicate and what both of you need emotionally.

3. **Trust and Commitment:** Trust his words and commitment. Understand that his military duties can be demanding, but trust is essential to avoid unnecessary fears.

4. **Plan Visits:** Arrange visits when possible to maintain physical connection and create shared memories.

5. **Stay Supportive:** Be understanding of the challenges he faces, and express your support for his service.

6. **Focus on Positivity:** Celebrate milestones and keep future plans in mind to stay motivated.

If fears persist, consider discussing them openly with him or seeking support from a"
context_786,We're in an eight year relationship. My boyfriend drinks a lot. He experienced childhood trauma. I don't know how to deal with violent outbursts.,"I'm sorry you're going through this. Dealing with a partner's violent outbursts, especially when linked to past trauma and alcohol use, is very challenging. It’s important to prioritize your safety first—if you ever feel threatened, seek help immediately. Encourage your boyfriend to consider professional support, such as therapy for his trauma and counseling or programs to address his drinking. You might also benefit from speaking to a counselor yourself, to help navigate your feelings and set healthy boundaries. Remember, you deserve a safe and supportive relationship."
context_787,"We're not together, but I’m still doing things for him and we are intimate. He’s not there for his son.","It sounds like you're in a complicated situation where you continue to share intimacy and support despite not being together, while also feeling frustrated that he isn't involved in his son's life. It might help to have an open and honest conversation with him about your feelings and expectations, especially regarding his role as a father. Prioritizing clear communication and setting boundaries can support both your well-being and your son's needs. If the situation feels overwhelming, seeking support from a counselor or trusted person could provide guidance and help you navigate these challenges."
context_788,We've been dating for two months now. I have a heavy past that gets him angry. Does he have a right to penalize me for things I did before I met him?,"No, he does not have the right to penalize you for things you did before you met him. Everyone has a past, and a healthy relationship should be based on understanding, trust, and acceptance. If your past is causing anger or conflict, it’s important to communicate openly about how it affects both of you and consider whether the relationship is supportive and respectful."
context_789,We've been in a long distance relationship for two and a half years. I recently saw his phone and saw the people he texts the most and one of them was a female coworker. I don't know how to approach this situation. How do I ask him about it?.,"It's important to approach this conversation with honesty and openness rather than accusation. You might start by expressing your feelings calmly, for example: ""I've noticed you text a female coworker quite a bit, and I wanted to talk about it because it made me feel a little uncertain. Can we discuss how you view your relationship with her?"" This invites dialogue without placing blame, helping both of you communicate your feelings and boundaries."
context_790,"We’ve been together almost three years. We argue and he ends it by telling me he doesn’t love me. It's hurtful because I am all about resolving the problem, and he dwells on the issue even if I drop what he's done and just swallow my pride and say I am sorry. How can this be resolved? We have kids, and I don't want a broken family because we can't communicate.","It sounds like both of you are struggling with communication patterns that escalate conflicts and cause emotional pain. To resolve this, consider the following steps:

1. **Seek couples counseling:** A professional can help you both develop healthier communication skills, understand emotional triggers, and work through conflicts constructively.

2. **Establish ground rules for arguments:** Agree on boundaries such as avoiding hurtful statements like ""I don’t love you,"" and taking breaks if emotions run too high.

3. **Practice active listening:** Both partners should try to genuinely hear and validate each other’s feelings without immediately reacting or shutting down.

4. **Focus on problem-solving together:** Instead of assigning blame, try framing issues as shared problems to solve collaboratively.

5. **Prioritize the relationship and family:** Remind each other of your commitment and the importance of modeling a healthy relationship for your children.

If one or both of you are unwilling to engage in these changes, individual counseling can provide support and clarity. The key is open,"
context_791,"What am I doing wrong? My wife and I are fighting all the time. What can I do? We don't agree on anything and she usually jumps to conclusions, which are usually wrong on how I feel. She is very family-oriented while all of my family left me on my butt, abused, ignored and messed up with me mentally. I'm not a family-oriented person. I only have two people in my life - my best friend and my wife.    My mother forced my father out of my life so I do not know who he really is. We've gotten in contact but he just makes comments on how much I look like her when in fact I look more like him. This makes me mad because I don't want to look like my mother. I hate her. All that she did was bring me down and make me homeless, which she was successful at. I need guidance in my life. I don't want to lose my wife but we need to have a space because we usually hit each other and it's not healthy. I'm dying to make our relationship healthy. I've never wanted anything more than this. Please help me. I need your advice.","It sounds like you are carrying a lot of pain from your past that is impacting your current relationship, and you both are struggling with conflict and communication. First, prioritizing safety is essential—physical fighting is dangerous and must stop. Seeking individual therapy can help you work through past trauma and understand your feelings about family, which may reduce frustration and improve emotional regulation. Couples therapy can provide a safe environment to improve communication, understand each other’s perspectives, and rebuild trust. Establishing clear boundaries and taking space when emotions run high can prevent escalation. Focus on expressing your feelings calmly and listening to your wife without assumptions. Remember, healing takes time, but with commitment, support, and professional guidance, it is possible to create a healthier, loving relationship."
context_792,What are some difficulties that a counselor can encounter when dealing with a client?,"Some difficulties a counselor can encounter when dealing with a client include establishing trust and rapport, managing resistance or reluctance to engage, handling intense emotions or crises, navigating cultural or value differences, addressing communication barriers, maintaining professional boundaries, and dealing with their own biases or emotional responses."
context_793,What are the basic skills a good counselor needs to have?,"A good counselor needs to have strong communication skills, active listening abilities, empathy, emotional intelligence, problem-solving skills, ethical judgment, cultural competence, and the capacity to build trust and rapport with clients. Additionally, they should be skilled in assessment, counseling techniques, and maintaining confidentiality."
context_794,What can I do to stop grieving my mother’s death? When I am awake I just cry every day. I don't have anyone to talk to. I need help; I am still cry over her. Will I ever stop crying? It’s been 3 years.,"I'm really sorry for your loss. Grieving is a deeply personal process that takes time, and it's normal to still feel intense sadness even after several years. To help cope, consider reaching out to a grief counselor or therapist who can provide support and guidance tailored to your experience. Joining a support group, either in person or online, can also connect you with others who understand what you're going through. Try to express your feelings through journaling, art, or other activities that allow you to process your emotions. Remember to take care of your physical health through regular exercise, proper nutrition, and rest, as these can impact emotional well-being. You're not alone, and with time and support, the intense pain often becomes more manageable. It’s okay to seek help—you deserve it."
context_795,What do I do if I have been feeling like I could never be with anyone because no one would want me. Or I couldn't have many friends because of who I am. It's strange I want to be loved but I'd hate to be because I always lose.,"It's important to recognize that feelings of unworthiness or fear of rejection are common but don't define your true value. You deserve love and friendship just as you are. Consider talking to a trusted friend, family member, or mental health professional about these feelings. Building self-compassion and gradually opening up to others can help you form meaningful connections. Remember, everyone faces challenges in relationships, and experiencing fear or past hurt doesn't mean you won't find love or friendship in the future. Be patient and kind to yourself as you navigate these feelings."
context_796,What do you do when a therapist and a parent drugs a child and makes up lies in order to stop the other parent's custody visitation?,"If a therapist and a parent are drugging a child and fabricating lies to interfere with the other parent's custody visitation, it is important to take the following steps immediately:

1. **Document Everything:** Keep detailed records of any suspicious behavior, communications, medical records, and visitation issues.

2. **Consult a Family Law Attorney:** Seek legal advice from an attorney specializing in family law to understand your rights and to plan next steps for custody enforcement or modification.

3. **Request a Custody Evaluation:** Petition the court for a custody evaluation by an independent mental health professional who can assess the child's well-being and the behavior of both parents and therapists.

4. **Report to Authorities:** If there is evidence of drugging or abuse, report the situation to child protective services or law enforcement to investigate potential child abuse or endangerment.

5. **Get a Second Medical Opinion:** If you suspect the child is being medicated improperly, obtain a thorough medical assessment from a trusted pediatrician or child psychiatrist.

"
context_797,What makes a healthy marriage last?,"A healthy marriage lasts by fostering open communication, mutual respect, trust, and emotional support. Partners who prioritize understanding, compromise, and shared goals while maintaining individual identities build a strong foundation. Regularly expressing appreciation, resolving conflicts constructively, and nurturing intimacy also contribute to a lasting, fulfilling relationship."
context_798,"What makes my step child, an 8 year old boy, choke my daughter, a 6 year old girl? This has been going on for 4 years. The boy tells my daughter not to tell on him. He knows it's wrong; we have did time out, spanking, taking away toys, and sitting on the wall. I am afraid for my daughters safety!","It's very concerning that your stepson has been choking your daughter for several years despite multiple disciplinary measures. This behavior may stem from underlying emotional, behavioral, or psychological issues that simple punishments have not addressed. It's crucial to prioritize your daughter's safety immediately. You should consider:

1. **Separating the children** when unsupervised to prevent further harm.
2. **Seeking professional help** for your stepson, such as a child psychologist or behavioral specialist, to understand the root causes of his aggression and develop appropriate interventions.
3. **Ensuring your daughter feels safe** by providing support, reassurance, and possibly counseling to help her cope with the trauma.
4. **Consulting with a pediatrician or child welfare expert** for guidance on how to protect your daughter and manage the situation appropriately.

Ignoring or minimizing this behavior risks serious physical and emotional harm. Professional intervention is essential."
context_799,What should I do when we see each other?,"When you see each other, greet warmly with a smile and eye contact, offer a handshake or hug depending on your relationship and comfort level, and engage in friendly conversation to catch up or set a positive tone."
context_800,"When I ask him who he is talking to, he tells me no one. But, it sounds like he is holding a conversation with someone. I have even accused him of having a secret cell phone. I ask so much, I feel like I am losing it. Is he trying to make me question my sanity, or is he talking to himself?","Based on your description, it is possible that he is talking to himself rather than to someone else. People sometimes talk aloud to themselves for various reasons, such as processing thoughts or dealing with stress. However, if his behavior makes you feel confused or uncertain about what is real, it’s important to trust your feelings and consider discussing your concerns with him openly or seeking support from a trusted person or professional. Your feelings are valid, and clarity can often come from honest communication or outside perspective."
context_801,"When I get around a particular person or when I go home, I'm just sad or irritated. The feeling comes and goes all day every day. I don't know what wrong. I'm not sure if I'm just making up symptoms and problems in my head or if there is something actually wrong.","It sounds like you’re experiencing persistent feelings of sadness and irritation, especially in certain situations or around a particular person. These emotions can be signs of underlying stress, unresolved conflicts, or mental health concerns such as anxiety or depression. It’s important to acknowledge your feelings as valid rather than dismissing them as “making things up.” Consider reaching out to a mental health professional who can help you explore these emotions, identify any underlying causes, and provide appropriate support or treatment. Talking to trusted friends or family members about how you feel can also be helpful. Remember, seeking help is a positive step toward feeling better."
context_802,"When I get talked to by my dad or stepmom, or if I'm in trouble, I will begin to cry and not say what's wrong with me. When my dad or stepmom ask what is wrong, I never know the answers or the words to put together what is actually wrong with me.","It sounds like you may be feeling overwhelmed or unsure about how to express your emotions when you're upset. This is a common experience, and it can help to take a moment to pause and try to identify what you're feeling inside—like sadness, frustration, or confusion. You might find it useful to write down your feelings before talking, or to use simple phrases like ""I'm upset,"" or ""I don't know how to explain it right now."" If it feels hard to open up with your dad or stepmom, consider talking to someone you trust, like a friend, counselor, or another family member, who can support you in finding the right words and understanding your feelings."
context_803,"When I go to school, I feel like everyone is judging me, even my friends. I get overwhelmed which these thoughts and sometimes cannot get out of what I call a deep hole of thoughts. I barely go to any of our school dances because of all of the people. Not even when I am completely alone do these thoughts go away. I still feel like people can see me and are judging me.","It sounds like you're experiencing intense feelings of social anxiety and possibly intrusive, overwhelming negative thoughts about being judged by others. These feelings can be very distressing and impact your daily life and participation in activities. It might help to talk to a trusted adult, school counselor, or mental health professional who can support you in understanding these feelings and developing coping strategies. Remember, you're not alone, and help is available to make things feel more manageable."
context_804,"When I got home, my boyfriend and I got into an argument. He got upset and he started hitting his face. That is the first time he has ever done that, but I would be lying if I said that didn't scare me. I locked myself in the room.","It sounds like you experienced a very frightening situation. Your boyfriend hitting his face indicates he might be struggling emotionally or mentally, and it's important to ensure both your safety and his. Consider reaching out to a trusted friend, family member, or a professional counselor for support. If you ever feel in immediate danger, don't hesitate to contact emergency services. Taking care of your well-being is crucial."
context_805,"When I see something I don’t like, I go off like a ticking time bomb. I go from “0 to 100” really quickly.","It sounds like you experience intense and rapid emotional reactions when faced with things you dislike, similar to a ""ticking time bomb"" that suddenly explodes. Recognizing this pattern is a good first step toward managing those feelings more effectively. Techniques like deep breathing, taking a brief pause before responding, or practicing mindfulness can help you gain control and respond more calmly. If these feelings are overwhelming, consider talking to a mental health professional for additional support."
context_806,"When I'm around people, I sometimes think someone has made a comment to me or asked me to do something. I will be focusing on something else and then randomly think I hear something about me. I never know if it was actually said.","What you're describing sounds like it could be related to an auditory misperception, where your brain interprets sounds or internal thoughts as external speech directed at you. This experience can happen to many people occasionally and might be influenced by factors like stress, fatigue, or heightened sensitivity to social cues. If these experiences are frequent, distressing, or impacting your daily life, it might be helpful to discuss them with a mental health professional who can provide support and explore whether there's an underlying condition that needs attention."
context_807,"When I'm in large crowds I get angry and I just can't deal with people. I don't really like other people (I prefer animals) they make me nervous and scared.
   I lay awake at night thinking and having conversations in my head and i almost always end up making myself feel terrible and crying, I have more conversions in my head than I do with actual people.    I don't know what's wrong with me and why I feel this way. What should I do?","It sounds like you're experiencing strong feelings of anxiety and discomfort around people, especially in large crowds, and that these feelings are affecting your sleep and emotional well-being. First, it's important to know that you're not alone—many people struggle with social anxiety, discomfort in crowds, and intrusive negative thoughts. It might help to reach out to a mental health professional, such as a therapist or counselor, who can work with you to understand these feelings and develop coping strategies. Practices like mindfulness, relaxation techniques, and gradually exposing yourself to social situations at a comfortable pace can also be beneficial. Additionally, talking with trusted friends or family members about how you feel can provide support. If your feelings become overwhelming or interfere significantly with your daily life, seeking professional help is especially important. Remember, taking the first step to ask for help is a sign of strength."
context_808,"When I'm not cutting, I'm drinking. When I try healthy outlets such as exercise, I end up running myself down into an asthma attack. From weapons, to words, I can't help but self harm. What am I supposed to do, how do I stop this cycle? I don't know how else to cope or motivate myself without pain.","I'm really sorry you're feeling this way. It might help to reach out to a mental health professional who can offer support tailored to your situation. Finding healthier coping mechanisms can take time, but with guidance, you can develop strategies that don't involve self-harm. Connecting with trusted friends or support groups could also provide understanding and encouragement as you work through these feelings. Remember, you're not alone, and help is available."
context_809,"When I'm sad and alone, I want to cut myself.","I'm really sorry you're feeling this way. It might help to talk to someone you trust about how you're feeling, such as a close friend, family member, or a mental health professional. You're not alone, and there are people who want to support you. If you feel overwhelmed, please reach out to a crisis helpline or seek immediate help."
context_810,"When having sex I think of other men and want other men all day long. Been married 3 years, together 14. What do you think?",It sounds like you may be experiencing feelings of attraction toward men while being in a long-term heterosexual relationship. This is a personal and complex situation that might involve exploring your sexual orientation and desires. It could be helpful to reflect on your feelings openly and consider speaking with a therapist or counselor who specializes in sexuality and relationships. They can provide support and guidance as you navigate your feelings and consider what is best for your well-being and relationship.
context_811,"When my boyfriend gets in a snit, he gives me the silent treatment for days. When I ask what is wrong, I get nothing: no reply, no phone call. If he does reply, it is something very sarcastic and hurtful. He never admits he is wrong and never apologizes.","This behavior is emotionally harmful and a form of passive-aggression. The silent treatment, combined with sarcastic and hurtful responses, indicates a lack of healthy communication and respect. It’s important to set boundaries and express how this affects you. Consider discussing your feelings with him calmly when he is receptive, and if the pattern persists, seeking support from a trusted friend, counselor, or therapist may be beneficial to address the relationship dynamics and ensure your emotional well-being."
context_812,"When my daughter is stressed about a silly thing from school, she starts crying and freaking out. She is a bright student, always has a 4.0, but I am afraid she is stressing too much. I’m afraid it’s going to break her. I don't know if I should get her to a doctor or someone because this is not normal.","It's understandable to be concerned when your daughter becomes very upset over school-related stress. While occasional stress is normal, frequent intense reactions like crying and freaking out may indicate that she is struggling to cope. It would be a good idea to talk to her gently about how she's feeling and what specifically is upsetting her. If her stress and emotional reactions continue or worsen, consider consulting a pediatrician or a mental health professional who can assess her and provide support or strategies to help her manage stress in a healthy way. Early intervention can be beneficial in preventing more serious issues."
context_813,"When my son was a teenager, we sent him to live with his dad because of the constant disrespectful attitude. A week after he graduated, his dad made him leave because of the same issues. All four parents tried to talk to him, and he just refuses help all around. He is now living with his grandparents. He had a job, and took steps to get his license and an insured vehicle. I thought he was heading down the right road, and then he tells me he quit his job because he didn’t like it. I just don’t know what to do.","It sounds like your son is struggling with responsibility and motivation despite efforts from everyone involved. At this point, focusing on open, non-confrontational communication might help—encourage him to express what he truly wants and feels, rather than imposing demands. It may also be beneficial to seek support from a family counselor or therapist who can work with him to address underlying issues and help him develop the skills and mindset needed to take consistent steps toward independence. Setting clear, reasonable expectations while providing emotional support can create a framework for him to rebuild trust and accountability."
context_814,"When they come home from their dad's and I fuss at them for anything, they move like they are dodging being hit. They say they’re sorry over and over really fast. I ask and they say no one has hit them, and I've seen no marks. Am I being paranoid or am I right to be?","It's understandable to feel concerned when your children react with fear or appear to be trying to avoid being hit, even if they say no one has harmed them and you see no physical marks. Children may sometimes exhibit heightened anxiety or defensive behaviors if they've experienced or witnessed stressful situations, even if not involving direct physical harm. It’s important to trust your instincts while also ensuring open, gentle communication with your kids to encourage honesty and safety. If you remain worried, consider seeking guidance from a child psychologist or counselor who can help assess the situation and support your family."
context_815,"Whenever I don't tell my friends or anyone what I did or stuff that's not really important, I feel terrible, like there’s a hole in my stomach. It only goes away when I hurt myself.","I'm really sorry you're feeling this way. It might help to talk to a trusted friend, family member, or a mental health professional about what you're experiencing. You're not alone, and there are people who want to support you. If you feel like hurting yourself, please reach out to a crisis helpline or seek immediate help."
context_816,"Whenever I have to speak in public or be in big crowds, I freak out. I get light-headed, sweaty, and I have trouble breathing.","It sounds like you may be experiencing symptoms of anxiety or a panic response related to public speaking or being in large crowds. To manage these feelings, try practicing deep breathing exercises, grounding techniques, or gradually exposing yourself to similar situations in a controlled way. If these symptoms persist or worsen, consider seeking help from a mental health professional who can provide support and strategies such as cognitive-behavioral therapy or, if appropriate, medication."
context_817,"Whenever I leave my girlfriend I get panic attacks. I'm taking medications to control them, but I'm thinking of moving in with her since I get so anxious.","It's understandable that separation can trigger panic attacks, especially if you're feeling anxious about being apart from your girlfriend. Moving in together could help reduce that anxiety by allowing you to be close more consistently. However, it’s also important to continue working with your healthcare provider to manage your panic attacks effectively, and consider therapy to develop coping strategies for anxiety. Open communication with your girlfriend about how you’re feeling can also strengthen your relationship and support your mental health."
context_818,"Whenever I run into a situation that makes me upset or angry, I tend to start cursing and badly offending the person I am confronting. I say mean things to let my anger out. Whenever people tell me stuff about my relationship (like starting rumors or saying negative things about me or my relationship) I lash out not just them but at my boyfriend. I feel like I keep causing drama due to my personality. I want to be a better person and learn to let things not get to me and be happy and graceful. I hurt the ones I love with my words. I want to be better for myself and them.","It's commendable that you recognize the impact of your words and want to improve. Here are some steps to help you manage your anger and communicate more positively:

1. **Pause Before Reacting:** When you feel anger rising, take a few deep breaths or count to ten before responding. This pause helps you choose your words more carefully.

2. **Identify Triggers:** Reflect on what specifically triggers your anger and work on understanding why it affects you deeply. This awareness can reduce automatic negative reactions.

3. **Practice Calm Communication:** Express your feelings using “I” statements (e.g., “I feel hurt when...”) instead of blaming or cursing. This promotes understanding rather than conflict.

4. **Develop Healthy Outlets:** Engage in activities that reduce stress, such as exercise, meditation, journaling, or talking to a trusted friend or therapist.

5. **Set Boundaries:** When others share rumors or negativity, consider whether it’s worth engaging. Sometimes ignoring or calmly addressing such comments"
context_819,"Whenever I sing along with a song that I like (even if it's just for the beat and not the lyrics), my boyfriend assumes that the words of the song mean something negative about our realationship.    I don't why he gets so mad and assumes I mean something negative from every song. Now I can't enjoy and sing a song without him thinking I'm trying to give him a hint. He even accuses me of cheating and lying. It's driving me nuts. I love him and would never do such an awful thing ever. How can I get him to understand?","It sounds like your boyfriend may be feeling insecure or worried about your relationship, which is causing him to misinterpret your singing as personal or negative. To help him understand, try having an open and calm conversation where you express how much you love him and assure him that singing along to songs is just for fun and not meant to send any hidden messages. Encourage him to share his feelings and fears so you can address them together. Reassure him with honesty and patience, and consider suggesting couples counseling if trust and communication issues continue, as a professional can help both of you work through misunderstandings and build stronger trust."
context_820,"Whether it's to a guy or girl, I always feel insecure talking, and I am afraid of embarrassing myself and not being good enough. Even when I am walking, I worry about my appearance and facial expression and such.","Feeling insecure about talking to others and worrying about your appearance is a common experience. It can help to remember that most people are focused on themselves rather than judging you. Practicing self-compassion and focusing on your strengths rather than perceived flaws can build confidence over time. Consider starting with small, low-pressure social interactions to gradually ease your anxiety. If these feelings feel overwhelming, speaking with a counselor or therapist might provide useful strategies to manage and reduce your insecurities."
context_821,Why am I attracted to older men?,"Attraction to older men can stem from various factors, including a preference for maturity, life experience, stability, and confidence that older partners often exhibit. Psychological reasons might include seeking a paternal figure, valuing emotional security, or admiring qualities developed over time. Personal experiences and individual differences also play significant roles in shaping such attractions."
context_822,Why am I so afraid of it? I don't understand.,"Feeling afraid can stem from uncertainty, past experiences, or a perception of threat. It’s natural to feel fear even if you don't fully understand its source. Reflecting on what specifically triggers these feelings or discussing them with someone you trust might help clarify and reduce your fear."
context_823,"he just walks in the house whenever he wants to see his kids. My fiancé tells me it makes her angry and doesn't like it, but she seems afraid to say anything to him about it for some reason. Is it okay for him to do this?","It's generally important for visitors, even family members, to respect boundaries and communicate before coming into someone's home. While he may want to see his kids, entering the house without prior notice can make others feel uncomfortable or disrespected. Your fiancé's feelings are valid, and it would be helpful for her to express her boundaries clearly to him. Open and honest communication can help establish mutual respect and ensure everyone feels comfortable."
context_824,i was addicted to porn since the second grade. I'm in my early 40s and overcame my addiction during my separation from my wife of 15 years.,"Overcoming a long-term addiction, especially one that began in childhood, is a significant achievement. Successfully managing this challenge during a difficult period like a separation shows resilience and commitment to personal growth. Continuing to seek support and healthy outlets can help maintain your progress and promote overall well-being."
